t	iface	rx_bytes	tx_bytes
10:14:25.915	rmnet_ipa0	19288	22584
10:14:25.915	rmnet_data2	0	0
10:14:25.915	rmnet_data1	1488	1792
10:14:25.915	rmnet_data0	2703	4489
10:14:25.915	wlan0	20914024	13643151
10:14:26.950	rmnet_ipa0	19288	22584
10:14:26.950	rmnet_data2	0	0
10:14:26.950	rmnet_data1	1488	1792
10:14:26.950	rmnet_data0	2703	4489
10:14:26.950	wlan0	20914024	13643193
10:14:27.984	rmnet_ipa0	19288	22584
10:14:27.984	rmnet_data2	0	0
10:14:27.984	rmnet_data1	1488	1792
10:14:27.984	rmnet_data0	2703	4489
10:14:27.984	wlan0	20914052	13643235
10:14:29.020	rmnet_ipa0	19288	22584
10:14:29.020	rmnet_data2	0	0
10:14:29.020	rmnet_data1	1488	1792
10:14:29.020	rmnet_data0	2703	4489
10:14:29.020	wlan0	20914092	13643351
10:14:30.058	rmnet_ipa0	19288	22584
10:14:30.058	rmnet_data2	0	0
10:14:30.058	rmnet_data1	1488	1792
10:14:30.058	rmnet_data0	2703	4489
10:14:30.058	wlan0	20914120	13643351
10:14:31.094	rmnet_ipa0	19288	22584
10:14:31.094	rmnet_data2	0	0
10:14:31.094	rmnet_data1	1488	1792
10:14:31.094	rmnet_data0	2703	4489
10:14:31.094	wlan0	20914120	13643351
10:14:32.136	rmnet_ipa0	19288	22584
10:14:32.136	rmnet_data2	0	0
10:14:32.136	rmnet_data1	1488	1792
10:14:32.136	rmnet_data0	2703	4489
10:14:32.136	wlan0	20914120	13643393
10:14:33.176	rmnet_ipa0	19288	22584
10:14:33.176	rmnet_data2	0	0
10:14:33.176	rmnet_data1	1488	1792
10:14:33.176	rmnet_data0	2703	4489
10:14:33.176	wlan0	20914148	13643393
10:14:34.221	rmnet_ipa0	19288	22584
10:14:34.221	rmnet_data2	0	0
10:14:34.221	rmnet_data1	1488	1792
10:14:34.221	rmnet_data0	2703	4489
10:14:34.221	wlan0	20914148	13643393
10:14:35.259	rmnet_ipa0	19288	22584
10:14:35.259	rmnet_data2	0	0
10:14:35.259	rmnet_data1	1488	1792
10:14:35.259	rmnet_data0	2703	4489
10:14:35.259	wlan0	20914148	13643393
10:14:36.299	rmnet_ipa0	19288	22584
10:14:36.299	rmnet_data2	0	0
10:14:36.299	rmnet_data1	1488	1792
10:14:36.299	rmnet_data0	2703	4489
10:14:36.299	wlan0	20915363	13643459
10:14:37.340	rmnet_ipa0	19288	22584
10:14:37.340	rmnet_data2	0	0
10:14:37.340	rmnet_data1	1488	1792
10:14:37.340	rmnet_data0	2703	4489
10:14:37.340	wlan0	20915363	13643459
10:14:38.371	rmnet_ipa0	19288	22584
10:14:38.371	rmnet_data2	0	0
10:14:38.371	rmnet_data1	1488	1792
10:14:38.371	rmnet_data0	2703	4489
10:14:38.371	wlan0	20915363	13644701
10:14:39.411	rmnet_ipa0	19288	22584
10:14:39.411	rmnet_data2	0	0
10:14:39.411	rmnet_data1	1488	1792
10:14:39.411	rmnet_data0	2703	4489
10:14:39.411	wlan0	20916591	13645943
10:14:40.450	rmnet_ipa0	19288	22584
10:14:40.450	rmnet_data2	0	0
10:14:40.450	rmnet_data1	1488	1792
10:14:40.450	rmnet_data0	2703	4489
10:14:40.450	wlan0	20921503	13647491
10:14:41.488	rmnet_ipa0	19288	22584
10:14:41.488	rmnet_data2	0	0
10:14:41.488	rmnet_data1	1488	1792
10:14:41.488	rmnet_data0	2703	4489
10:14:41.488	wlan0	20923444	13648679
10:14:42.524	rmnet_ipa0	19288	22584
10:14:42.524	rmnet_data2	0	0
10:14:42.524	rmnet_data1	1488	1792
10:14:42.524	rmnet_data0	2703	4489
10:14:42.524	wlan0	20923512	13652676
10:14:43.562	rmnet_ipa0	19288	22584
10:14:43.562	rmnet_data2	0	0
10:14:43.562	rmnet_data1	1488	1792
10:14:43.562	rmnet_data0	2703	4489
10:14:43.562	wlan0	20923587	13655445
10:14:44.601	rmnet_ipa0	19288	22584
10:14:44.601	rmnet_data2	0	0
10:14:44.601	rmnet_data1	1488	1792
10:14:44.601	rmnet_data0	2703	4489
10:14:44.601	wlan0	20928998	13658029
10:14:45.642	rmnet_ipa0	19288	22584
10:14:45.642	rmnet_data2	0	0
10:14:45.642	rmnet_data1	1488	1792
10:14:45.642	rmnet_data0	2703	4489
10:14:45.642	wlan0	20932809	13662714
10:14:46.681	rmnet_ipa0	19288	22584
10:14:46.681	rmnet_data2	0	0
10:14:46.681	rmnet_data1	1488	1792
10:14:46.681	rmnet_data0	2703	4489
10:14:46.681	wlan0	20932914	13662714
10:14:47.712	rmnet_ipa0	19288	22584
10:14:47.712	rmnet_data2	0	0
10:14:47.712	rmnet_data1	1488	1792
10:14:47.712	rmnet_data0	2703	4489
10:14:47.712	wlan0	20933286	13663099
10:14:48.752	rmnet_ipa0	19288	22584
10:14:48.752	rmnet_data2	0	0
10:14:48.752	rmnet_data1	1488	1792
10:14:48.752	rmnet_data0	2703	4489
10:14:48.752	wlan0	20934766	13664450
10:14:49.789	rmnet_ipa0	19288	22584
10:14:49.789	rmnet_data2	0	0
10:14:49.789	rmnet_data1	1488	1792
10:14:49.789	rmnet_data0	2703	4489
10:14:49.789	wlan0	20936100	13665099
10:14:50.828	rmnet_ipa0	19288	22584
10:14:50.828	rmnet_data2	0	0
10:14:50.828	rmnet_data1	1488	1792
10:14:50.828	rmnet_data0	2703	4489
10:14:50.828	wlan0	20939007	13668825
10:14:51.863	rmnet_ipa0	19288	22584
10:14:51.863	rmnet_data2	0	0
10:14:51.863	rmnet_data1	1488	1792
10:14:51.863	rmnet_data0	2703	4489
10:14:51.863	wlan0	20941015	13680199
10:14:52.904	rmnet_ipa0	19288	22584
10:14:52.904	rmnet_data2	0	0
10:14:52.904	rmnet_data1	1488	1792
10:14:52.904	rmnet_data0	2703	4489
10:14:52.904	wlan0	20946262	13685600
10:14:53.940	rmnet_ipa0	19288	22584
10:14:53.940	rmnet_data2	0	0
10:14:53.940	rmnet_data1	1488	1792
10:14:53.940	rmnet_data0	2703	4489
10:14:53.940	wlan0	20954244	13695926
10:14:54.986	rmnet_ipa0	19288	22584
10:14:54.986	rmnet_data2	0	0
10:14:54.986	rmnet_data1	1488	1792
10:14:54.986	rmnet_data0	2703	4489
10:14:54.986	wlan0	20959186	13699927
10:14:56.025	rmnet_ipa0	19288	22584
10:14:56.025	rmnet_data2	0	0
10:14:56.025	rmnet_data1	1488	1792
10:14:56.025	rmnet_data0	2703	4489
10:14:56.025	wlan0	20966688	13700653
10:14:57.068	rmnet_ipa0	19288	22584
10:14:57.068	rmnet_data2	0	0
10:14:57.068	rmnet_data1	1488	1792
10:14:57.068	rmnet_data0	2703	4489
10:14:57.068	wlan0	20972951	13701824
10:14:58.109	rmnet_ipa0	19288	22584
10:14:58.109	rmnet_data2	0	0
10:14:58.109	rmnet_data1	1488	1792
10:14:58.109	rmnet_data0	2703	4489
10:14:58.109	wlan0	20978774	13703498
10:14:59.148	rmnet_ipa0	19288	22584
10:14:59.148	rmnet_data2	0	0
10:14:59.148	rmnet_data1	1488	1792
10:14:59.148	rmnet_data0	2703	4489
10:14:59.148	wlan0	20985404	13703708
10:15:00.191	rmnet_ipa0	19288	22584
10:15:00.191	rmnet_data2	0	0
10:15:00.191	rmnet_data1	1488	1792
10:15:00.191	rmnet_data0	2703	4489
10:15:00.191	wlan0	20989979	13704600
10:15:01.232	rmnet_ipa0	19288	22584
10:15:01.232	rmnet_data2	0	0
10:15:01.232	rmnet_data1	1488	1792
10:15:01.232	rmnet_data0	2703	4489
10:15:01.232	wlan0	20998038	13704864
10:15:02.273	rmnet_ipa0	19288	22584
10:15:02.273	rmnet_data2	0	0
10:15:02.273	rmnet_data1	1488	1792
10:15:02.273	rmnet_data0	2703	4489
10:15:02.273	wlan0	21001991	13707251
10:15:03.313	rmnet_ipa0	19288	22584
10:15:03.313	rmnet_data2	0	0
10:15:03.313	rmnet_data1	1488	1792
10:15:03.313	rmnet_data0	2703	4489
10:15:03.313	wlan0	21010950	13708389
10:15:04.352	rmnet_ipa0	19288	22584
10:15:04.352	rmnet_data2	0	0
10:15:04.352	rmnet_data1	1488	1792
10:15:04.352	rmnet_data0	2703	4489
10:15:04.352	wlan0	21016758	13708600
10:15:05.396	rmnet_ipa0	19288	22584
10:15:05.396	rmnet_data2	0	0
10:15:05.396	rmnet_data1	1488	1792
10:15:05.396	rmnet_data0	2703	4489
10:15:05.396	wlan0	21022483	13709068
10:15:06.435	rmnet_ipa0	19288	22584
10:15:06.435	rmnet_data2	0	0
10:15:06.435	rmnet_data1	1488	1792
10:15:06.435	rmnet_data0	2703	4489
10:15:06.435	wlan0	21024068	13709200
10:15:07.474	rmnet_ipa0	19288	22584
10:15:07.474	rmnet_data2	0	0
10:15:07.474	rmnet_data1	1488	1792
10:15:07.474	rmnet_data0	2703	4489
10:15:07.474	wlan0	21024068	13709200
10:15:08.513	rmnet_ipa0	19288	22584
10:15:08.513	rmnet_data2	0	0
10:15:08.513	rmnet_data1	1488	1792
10:15:08.513	rmnet_data0	2703	4489
10:15:08.513	wlan0	21024132	13710633
10:15:09.554	rmnet_ipa0	19288	22584
10:15:09.554	rmnet_data2	0	0
10:15:09.554	rmnet_data1	1488	1792
10:15:09.554	rmnet_data0	2703	4489
10:15:09.554	wlan0	21027508	13710969
10:15:10.596	rmnet_ipa0	19288	22584
10:15:10.596	rmnet_data2	0	0
10:15:10.596	rmnet_data1	1488	1792
10:15:10.596	rmnet_data0	2703	4489
10:15:10.596	wlan0	21029647	13711667
10:15:11.628	rmnet_ipa0	19288	22584
10:15:11.628	rmnet_data2	0	0
10:15:11.628	rmnet_data1	1488	1792
10:15:11.628	rmnet_data0	2703	4489
10:15:11.628	wlan0	21032207	13711805
10:15:12.667	rmnet_ipa0	19288	22584
10:15:12.667	rmnet_data2	0	0
10:15:12.667	rmnet_data1	1488	1792
10:15:12.667	rmnet_data0	2703	4489
10:15:12.667	wlan0	21035019	13712166
10:15:13.706	rmnet_ipa0	19288	22584
10:15:13.706	rmnet_data2	0	0
10:15:13.706	rmnet_data1	1488	1792
10:15:13.706	rmnet_data0	2703	4489
10:15:13.706	wlan0	21035701	13713034
10:15:14.746	rmnet_ipa0	19288	22584
10:15:14.746	rmnet_data2	0	0
10:15:14.746	rmnet_data1	1488	1792
10:15:14.746	rmnet_data0	2703	4489
10:15:14.746	wlan0	21037779	13713419
10:15:15.785	rmnet_ipa0	19288	22584
10:15:15.785	rmnet_data2	0	0
10:15:15.785	rmnet_data1	1488	1792
10:15:15.785	rmnet_data0	2703	4489
10:15:15.785	wlan0	21040593	13713551
10:15:16.824	rmnet_ipa0	19288	22584
10:15:16.824	rmnet_data2	0	0
10:15:16.824	rmnet_data1	1488	1792
10:15:16.824	rmnet_data0	2703	4489
10:15:16.824	wlan0	21040593	13713551
10:15:17.864	rmnet_ipa0	19288	22584
10:15:17.864	rmnet_data2	0	0
10:15:17.864	rmnet_data1	1488	1792
10:15:17.864	rmnet_data0	2703	4489
10:15:17.864	wlan0	21040593	13713551
10:15:18.910	rmnet_ipa0	19288	22584
10:15:18.910	rmnet_data2	0	0
10:15:18.910	rmnet_data1	1488	1792
10:15:18.910	rmnet_data0	2703	4489
10:15:18.910	wlan0	21041566	13714240
10:15:19.949	rmnet_ipa0	19288	22584
10:15:19.949	rmnet_data2	0	0
10:15:19.949	rmnet_data1	1488	1792
10:15:19.949	rmnet_data0	2703	4489
10:15:19.949	wlan0	21043288	13714742
10:15:20.973	rmnet_ipa0	19288	22584
10:15:20.973	rmnet_data2	0	0
10:15:20.973	rmnet_data1	1488	1792
10:15:20.973	rmnet_data0	2703	4489
10:15:20.973	wlan0	21043434	13714839
10:15:22.013	rmnet_ipa0	19288	22584
10:15:22.013	rmnet_data2	0	0
10:15:22.013	rmnet_data1	1488	1792
10:15:22.013	rmnet_data0	2703	4489
10:15:22.013	wlan0	21045505	13715133
10:15:23.054	rmnet_ipa0	19288	22584
10:15:23.054	rmnet_data2	0	0
10:15:23.054	rmnet_data1	1488	1792
10:15:23.054	rmnet_data0	2703	4489
10:15:23.054	wlan0	21045505	13715133
10:15:24.095	rmnet_ipa0	19288	22584
10:15:24.095	rmnet_data2	0	0
10:15:24.095	rmnet_data1	1488	1792
10:15:24.095	rmnet_data0	2703	4489
10:15:24.095	wlan0	21045505	13715133
10:15:25.128	rmnet_ipa0	19288	22584
10:15:25.128	rmnet_data2	0	0
10:15:25.128	rmnet_data1	1488	1792
10:15:25.128	rmnet_data0	2703	4489
10:15:25.128	wlan0	21045505	13715133
10:15:26.149	rmnet_ipa0	19288	22584
10:15:26.149	rmnet_data2	0	0
10:15:26.149	rmnet_data1	1488	1792
10:15:26.149	rmnet_data0	2703	4489
10:15:26.149	wlan0	21045505	13715133
10:15:27.184	rmnet_ipa0	19288	22584
10:15:27.184	rmnet_data2	0	0
10:15:27.184	rmnet_data1	1488	1792
10:15:27.184	rmnet_data0	2703	4489
10:15:27.184	wlan0	21045505	13715175
10:15:28.223	rmnet_ipa0	19288	22584
10:15:28.223	rmnet_data2	0	0
10:15:28.223	rmnet_data1	1488	1792
10:15:28.223	rmnet_data0	2703	4489
10:15:28.223	wlan0	21045561	13715259
10:15:29.258	rmnet_ipa0	19288	22584
10:15:29.258	rmnet_data2	0	0
10:15:29.258	rmnet_data1	1488	1792
10:15:29.258	rmnet_data0	2703	4489
10:15:29.258	wlan0	21045589	13715259
10:15:30.294	rmnet_ipa0	19288	22584
10:15:30.294	rmnet_data2	0	0
10:15:30.294	rmnet_data1	1488	1792
10:15:30.294	rmnet_data0	2703	4489
10:15:30.294	wlan0	21045589	13715259
10:15:31.332	rmnet_ipa0	19288	22584
10:15:31.332	rmnet_data2	0	0
10:15:31.332	rmnet_data1	1488	1792
10:15:31.332	rmnet_data0	2703	4489
10:15:31.332	wlan0	21045589	13715259
10:15:32.367	rmnet_ipa0	19288	22584
10:15:32.367	rmnet_data2	0	0
10:15:32.367	rmnet_data1	1488	1792
10:15:32.367	rmnet_data0	2703	4489
10:15:32.367	wlan0	21045589	13715259
10:15:33.406	rmnet_ipa0	19288	22584
10:15:33.406	rmnet_data2	0	0
10:15:33.406	rmnet_data1	1488	1792
10:15:33.406	rmnet_data0	2703	4489
10:15:33.406	wlan0	21045589	13715259
10:15:34.449	rmnet_ipa0	19288	22584
10:15:34.449	rmnet_data2	0	0
10:15:34.449	rmnet_data1	1488	1792
10:15:34.449	rmnet_data0	2703	4489
10:15:34.449	wlan0	21045589	13715259
10:15:35.488	rmnet_ipa0	19288	22584
10:15:35.488	rmnet_data2	0	0
10:15:35.488	rmnet_data1	1488	1792
10:15:35.488	rmnet_data0	2703	4489
10:15:35.488	wlan0	21045589	13715301
10:15:36.524	rmnet_ipa0	19288	22584
10:15:36.524	rmnet_data2	0	0
10:15:36.524	rmnet_data1	1488	1792
10:15:36.524	rmnet_data0	2703	4489
10:15:36.524	wlan0	21045617	13715343
10:15:37.561	rmnet_ipa0	19288	22584
10:15:37.561	rmnet_data2	0	0
10:15:37.561	rmnet_data1	1488	1792
10:15:37.561	rmnet_data0	2703	4489
10:15:37.561	wlan0	21045657	13715459
10:15:38.604	rmnet_ipa0	19288	22584
10:15:38.604	rmnet_data2	0	0
10:15:38.604	rmnet_data1	1488	1792
10:15:38.604	rmnet_data0	2703	4489
10:15:38.604	wlan0	21045685	13715459
10:15:39.645	rmnet_ipa0	19288	22584
10:15:39.645	rmnet_data2	0	0
10:15:39.645	rmnet_data1	1488	1792
10:15:39.645	rmnet_data0	2703	4489
10:15:39.645	wlan0	21045685	13715459
10:15:40.668	rmnet_ipa0	19288	22584
10:15:40.668	rmnet_data2	0	0
10:15:40.668	rmnet_data1	1488	1792
10:15:40.668	rmnet_data0	2703	4489
10:15:40.668	wlan0	21045685	13715501
10:15:41.707	rmnet_ipa0	19288	22584
10:15:41.707	rmnet_data2	0	0
10:15:41.707	rmnet_data1	1488	1792
10:15:41.707	rmnet_data0	2703	4489
10:15:41.707	wlan0	21045713	13715501
10:15:42.749	rmnet_ipa0	19288	22584
10:15:42.749	rmnet_data2	0	0
10:15:42.749	rmnet_data1	1488	1792
10:15:42.749	rmnet_data0	2703	4489
10:15:42.749	wlan0	21045713	13715501
10:15:43.787	rmnet_ipa0	19288	22584
10:15:43.787	rmnet_data2	0	0
10:15:43.787	rmnet_data1	1488	1792
10:15:43.787	rmnet_data0	2703	4489
10:15:43.787	wlan0	21045713	13715501
10:15:44.827	rmnet_ipa0	19288	22584
10:15:44.827	rmnet_data2	0	0
10:15:44.827	rmnet_data1	1488	1792
10:15:44.827	rmnet_data0	2703	4489
10:15:44.827	wlan0	21045713	13715543
10:15:45.869	rmnet_ipa0	19288	22584
10:15:45.869	rmnet_data2	0	0
10:15:45.869	rmnet_data1	1488	1792
10:15:45.869	rmnet_data0	2703	4489
10:15:45.869	wlan0	21045713	13715617
10:15:46.905	rmnet_ipa0	19288	22584
10:15:46.905	rmnet_data2	0	0
10:15:46.905	rmnet_data1	1488	1792
10:15:46.905	rmnet_data0	2703	4489
10:15:46.905	wlan0	21045781	13715775
10:15:47.943	rmnet_ipa0	19288	22584
10:15:47.943	rmnet_data2	0	0
10:15:47.943	rmnet_data1	1488	1792
10:15:47.943	rmnet_data0	2703	4489
10:15:47.943	wlan0	21045869	13716424
10:15:48.980	rmnet_ipa0	19288	22584
10:15:48.980	rmnet_data2	0	0
10:15:48.980	rmnet_data1	1488	1792
10:15:48.980	rmnet_data0	2703	4489
10:15:48.980	wlan0	21046133	13717306
10:15:50.018	rmnet_ipa0	19288	22584
10:15:50.018	rmnet_data2	0	0
10:15:50.018	rmnet_data1	1488	1792
10:15:50.018	rmnet_data0	2703	4489
10:15:50.018	wlan0	21046278	13718168
10:15:51.055	rmnet_ipa0	19288	22584
10:15:51.055	rmnet_data2	0	0
10:15:51.055	rmnet_data1	1488	1792
10:15:51.055	rmnet_data0	2703	4489
10:15:51.055	wlan0	21048587	13718331
10:15:52.091	rmnet_ipa0	19288	22584
10:15:52.091	rmnet_data2	0	0
10:15:52.091	rmnet_data1	1488	1792
10:15:52.091	rmnet_data0	2703	4489
10:15:52.091	wlan0	21048615	13718415
10:15:53.126	rmnet_ipa0	19288	22584
10:15:53.126	rmnet_data2	0	0
10:15:53.126	rmnet_data1	1488	1792
10:15:53.126	rmnet_data0	2703	4489
10:15:53.126	wlan0	21048615	13718489
10:15:54.164	rmnet_ipa0	19288	22584
10:15:54.164	rmnet_data2	0	0
10:15:54.164	rmnet_data1	1488	1792
10:15:54.164	rmnet_data0	2703	4489
10:15:54.164	wlan0	21048683	13718531
10:15:55.203	rmnet_ipa0	19288	22584
10:15:55.203	rmnet_data2	0	0
10:15:55.203	rmnet_data1	1488	1792
10:15:55.203	rmnet_data0	2703	4489
10:15:55.203	wlan0	21048683	13718601
10:15:56.241	rmnet_ipa0	19288	22584
10:15:56.241	rmnet_data2	0	0
10:15:56.241	rmnet_data1	1488	1792
10:15:56.241	rmnet_data0	2703	4489
10:15:56.241	wlan0	21048683	13718667
10:15:57.281	rmnet_ipa0	19288	22584
10:15:57.281	rmnet_data2	0	0
10:15:57.281	rmnet_data1	1488	1792
10:15:57.281	rmnet_data0	2703	4489
10:15:57.281	wlan0	21048683	13718667
10:15:58.321	rmnet_ipa0	19288	22584
10:15:58.321	rmnet_data2	0	0
10:15:58.321	rmnet_data1	1488	1792
10:15:58.321	rmnet_data0	2703	4489
10:15:58.321	wlan0	21048683	13718667
10:15:59.353	rmnet_ipa0	19288	22584
10:15:59.353	rmnet_data2	0	0
10:15:59.353	rmnet_data1	1488	1792
10:15:59.353	rmnet_data0	2703	4489
10:15:59.353	wlan0	21048683	13718667
10:16:00.380	rmnet_ipa0	19288	22584
10:16:00.380	rmnet_data2	0	0
10:16:00.380	rmnet_data1	1488	1792
10:16:00.380	rmnet_data0	2703	4489
10:16:00.380	wlan0	21048683	13718667
10:16:01.419	rmnet_ipa0	19288	22584
10:16:01.419	rmnet_data2	0	0
10:16:01.419	rmnet_data1	1488	1792
10:16:01.419	rmnet_data0	2703	4489
10:16:01.419	wlan0	21048683	13718667
10:16:02.457	rmnet_ipa0	19288	22584
10:16:02.457	rmnet_data2	0	0
10:16:02.457	rmnet_data1	1488	1792
10:16:02.457	rmnet_data0	2703	4489
10:16:02.457	wlan0	21048683	13718667
10:16:03.499	rmnet_ipa0	19288	22584
10:16:03.499	rmnet_data2	0	0
10:16:03.499	rmnet_data1	1488	1792
10:16:03.499	rmnet_data0	2703	4489
10:16:03.499	wlan0	21048683	13718667
10:16:04.538	rmnet_ipa0	19288	22584
10:16:04.538	rmnet_data2	0	0
10:16:04.538	rmnet_data1	1488	1792
10:16:04.538	rmnet_data0	2703	4489
10:16:04.538	wlan0	21048683	13718667
10:16:05.577	rmnet_ipa0	19288	22584
10:16:05.577	rmnet_data2	0	0
10:16:05.577	rmnet_data1	1488	1792
10:16:05.577	rmnet_data0	2703	4489
10:16:05.577	wlan0	21048683	13718667
10:16:06.612	rmnet_ipa0	19288	22584
10:16:06.612	rmnet_data2	0	0
10:16:06.612	rmnet_data1	1488	1792
10:16:06.612	rmnet_data0	2703	4489
10:16:06.612	wlan0	21048711	13718817
10:16:07.649	rmnet_ipa0	19288	22584
10:16:07.649	rmnet_data2	0	0
10:16:07.649	rmnet_data1	1488	1792
10:16:07.649	rmnet_data0	2703	4489
10:16:07.649	wlan0	21048767	13718925
10:16:08.689	rmnet_ipa0	19288	22584
10:16:08.689	rmnet_data2	0	0
10:16:08.689	rmnet_data1	1488	1792
10:16:08.689	rmnet_data0	2703	4489
10:16:08.689	wlan0	21048767	13718925
10:16:09.729	rmnet_ipa0	19288	22584
10:16:09.729	rmnet_data2	0	0
10:16:09.729	rmnet_data1	1488	1792
10:16:09.729	rmnet_data0	2703	4489
10:16:09.729	wlan0	21048767	13718991
10:16:10.773	rmnet_ipa0	19288	22584
10:16:10.773	rmnet_data2	0	0
10:16:10.773	rmnet_data1	1488	1792
10:16:10.773	rmnet_data0	2703	4489
10:16:10.773	wlan0	21048767	13718991
10:16:11.813	rmnet_ipa0	19288	22584
10:16:11.813	rmnet_data2	0	0
10:16:11.813	rmnet_data1	1488	1792
10:16:11.813	rmnet_data0	2703	4489
10:16:11.813	wlan0	21048767	13718991
10:16:12.852	rmnet_ipa0	19288	22584
10:16:12.852	rmnet_data2	0	0
10:16:12.852	rmnet_data1	1488	1792
10:16:12.852	rmnet_data0	2703	4489
10:16:12.852	wlan0	21048767	13718991
10:16:13.894	rmnet_ipa0	19288	22584
10:16:13.894	rmnet_data2	0	0
10:16:13.894	rmnet_data1	1488	1792
10:16:13.894	rmnet_data0	2703	4489
10:16:13.894	wlan0	21048767	13718991
10:16:14.931	rmnet_ipa0	19288	22584
10:16:14.931	rmnet_data2	0	0
10:16:14.931	rmnet_data1	1488	1792
10:16:14.931	rmnet_data0	2703	4489
10:16:14.931	wlan0	21048767	13718991
10:16:15.971	rmnet_ipa0	19288	22584
10:16:15.971	rmnet_data2	0	0
10:16:15.971	rmnet_data1	1488	1792
10:16:15.971	rmnet_data0	2703	4489
10:16:15.971	wlan0	21048767	13718991
10:16:17.010	rmnet_ipa0	19288	22584
10:16:17.010	rmnet_data2	0	0
10:16:17.010	rmnet_data1	1488	1792
10:16:17.010	rmnet_data0	2703	4489
10:16:17.010	wlan0	21048767	13718991
10:16:18.049	rmnet_ipa0	19288	22584
10:16:18.049	rmnet_data2	0	0
10:16:18.049	rmnet_data1	1488	1792
10:16:18.049	rmnet_data0	2703	4489
10:16:18.049	wlan0	21048767	13718991
10:16:19.090	rmnet_ipa0	19288	22584
10:16:19.090	rmnet_data2	0	0
10:16:19.090	rmnet_data1	1488	1792
10:16:19.090	rmnet_data0	2703	4489
10:16:19.090	wlan0	21048767	13718991
10:16:20.129	rmnet_ipa0	19288	22584
10:16:20.129	rmnet_data2	0	0
10:16:20.129	rmnet_data1	1488	1792
10:16:20.129	rmnet_data0	2703	4489
10:16:20.129	wlan0	21048860	13719160
10:16:21.169	rmnet_ipa0	19288	22584
10:16:21.169	rmnet_data2	0	0
10:16:21.169	rmnet_data1	1488	1792
10:16:21.169	rmnet_data0	2703	4489
10:16:21.169	wlan0	21048860	13719160
10:16:22.208	rmnet_ipa0	19288	22584
10:16:22.208	rmnet_data2	0	0
10:16:22.208	rmnet_data1	1488	1792
10:16:22.208	rmnet_data0	2703	4489
10:16:22.208	wlan0	21048860	13719160
10:16:23.243	rmnet_ipa0	19288	22584
10:16:23.243	rmnet_data2	0	0
10:16:23.243	rmnet_data1	1488	1792
10:16:23.243	rmnet_data0	2703	4489
10:16:23.243	wlan0	21048888	13719244
10:16:24.282	rmnet_ipa0	19288	22584
10:16:24.282	rmnet_data2	0	0
10:16:24.282	rmnet_data1	1488	1792
10:16:24.282	rmnet_data0	2703	4489
10:16:24.282	wlan0	21048944	13719286
10:16:25.319	rmnet_ipa0	19288	22584
10:16:25.319	rmnet_data2	0	0
10:16:25.319	rmnet_data1	1488	1792
10:16:25.319	rmnet_data0	2703	4489
10:16:25.319	wlan0	21048944	13719372
10:16:26.354	rmnet_ipa0	19288	22584
10:16:26.354	rmnet_data2	0	0
10:16:26.354	rmnet_data1	1488	1792
10:16:26.354	rmnet_data0	2703	4489
10:16:26.354	wlan0	21048944	13719372
10:16:27.382	rmnet_ipa0	19288	22584
10:16:27.382	rmnet_data2	0	0
10:16:27.382	rmnet_data1	1488	1792
10:16:27.382	rmnet_data0	2703	4489
10:16:27.382	wlan0	21048972	13719456
10:16:28.419	rmnet_ipa0	19288	22584
10:16:28.419	rmnet_data2	0	0
10:16:28.419	rmnet_data1	1488	1792
10:16:28.419	rmnet_data0	2703	4489
10:16:28.419	wlan0	21049028	13720022
10:16:29.456	rmnet_ipa0	19288	22584
10:16:29.456	rmnet_data2	0	0
10:16:29.456	rmnet_data1	1488	1792
10:16:29.456	rmnet_data0	2703	4489
10:16:29.456	wlan0	21049316	13723603
10:16:30.494	rmnet_ipa0	19288	22584
10:16:30.494	rmnet_data2	0	0
10:16:30.494	rmnet_data1	1488	1792
10:16:30.494	rmnet_data0	2703	4489
10:16:30.494	wlan0	21049828	13727844
10:16:31.535	rmnet_ipa0	19288	22584
10:16:31.535	rmnet_data2	0	0
10:16:31.535	rmnet_data1	1488	1792
10:16:31.535	rmnet_data0	2703	4489
10:16:31.535	wlan0	21053841	13731649
10:16:32.574	rmnet_ipa0	19288	22584
10:16:32.574	rmnet_data2	0	0
10:16:32.574	rmnet_data1	1488	1792
10:16:32.574	rmnet_data0	2703	4489
10:16:32.574	wlan0	21055302	13735463
10:16:33.613	rmnet_ipa0	19288	22584
10:16:33.613	rmnet_data2	0	0
10:16:33.613	rmnet_data1	1488	1792
10:16:33.613	rmnet_data0	2703	4489
10:16:33.613	wlan0	21058880	13739366
10:16:34.651	rmnet_ipa0	19288	22584
10:16:34.651	rmnet_data2	0	0
10:16:34.651	rmnet_data1	1488	1792
10:16:34.651	rmnet_data0	2703	4489
10:16:34.651	wlan0	21064748	13744428
10:16:35.684	rmnet_ipa0	19288	22584
10:16:35.684	rmnet_data2	0	0
10:16:35.684	rmnet_data1	1488	1792
10:16:35.684	rmnet_data0	2703	4489
10:16:35.684	wlan0	21067516	13746358
10:16:36.725	rmnet_ipa0	19288	22584
10:16:36.725	rmnet_data2	0	0
10:16:36.725	rmnet_data1	1488	1792
10:16:36.725	rmnet_data0	2703	4489
10:16:36.725	wlan0	21068137	13747435
10:16:37.764	rmnet_ipa0	19288	22584
10:16:37.764	rmnet_data2	0	0
10:16:37.764	rmnet_data1	1488	1792
10:16:37.764	rmnet_data0	2703	4489
10:16:37.764	wlan0	21069751	13748378
10:16:38.804	rmnet_ipa0	19288	22584
10:16:38.804	rmnet_data2	0	0
10:16:38.804	rmnet_data1	1488	1792
10:16:38.804	rmnet_data0	2703	4489
10:16:38.804	wlan0	21072178	13749048
10:16:39.835	rmnet_ipa0	19288	22584
10:16:39.835	rmnet_data2	0	0
10:16:39.835	rmnet_data1	1488	1792
10:16:39.835	rmnet_data0	2703	4489
10:16:39.835	wlan0	21072531	13749490
10:16:40.869	rmnet_ipa0	19288	22584
10:16:40.869	rmnet_data2	0	0
10:16:40.869	rmnet_data1	1488	1792
10:16:40.869	rmnet_data0	2703	4489
10:16:40.869	wlan0	21072696	13751002
10:16:41.908	rmnet_ipa0	19288	22584
10:16:41.908	rmnet_data2	0	0
10:16:41.908	rmnet_data1	1488	1792
10:16:41.908	rmnet_data0	2703	4489
10:16:41.908	wlan0	21073083	13753932
10:16:42.945	rmnet_ipa0	19288	22584
10:16:42.945	rmnet_data2	0	0
10:16:42.945	rmnet_data1	1488	1792
10:16:42.945	rmnet_data0	2703	4489
10:16:42.945	wlan0	21073311	13756555
10:16:43.978	rmnet_ipa0	19288	22584
10:16:43.978	rmnet_data2	0	0
10:16:43.978	rmnet_data1	1488	1792
10:16:43.978	rmnet_data0	2703	4489
10:16:43.978	wlan0	21073817	13756915
10:16:45.020	rmnet_ipa0	19288	22584
10:16:45.020	rmnet_data2	0	0
10:16:45.020	rmnet_data1	1488	1792
10:16:45.020	rmnet_data0	2703	4489
10:16:45.020	wlan0	21074105	13758084
10:16:46.057	rmnet_ipa0	19288	22584
10:16:46.057	rmnet_data2	0	0
10:16:46.057	rmnet_data1	1488	1792
10:16:46.057	rmnet_data0	2703	4489
10:16:46.057	wlan0	21074399	13760663
10:16:47.096	rmnet_ipa0	19288	22584
10:16:47.096	rmnet_data2	0	0
10:16:47.096	rmnet_data1	1488	1792
10:16:47.096	rmnet_data0	2703	4489
10:16:47.096	wlan0	21074779	13763796
10:16:48.134	rmnet_ipa0	19288	22584
10:16:48.134	rmnet_data2	0	0
10:16:48.134	rmnet_data1	1488	1792
10:16:48.134	rmnet_data0	2703	4489
10:16:48.134	wlan0	21076510	13768821
10:16:49.174	rmnet_ipa0	19288	22584
10:16:49.174	rmnet_data2	0	0
10:16:49.174	rmnet_data1	1488	1792
10:16:49.174	rmnet_data0	2703	4489
10:16:49.174	wlan0	21077576	13771594
10:16:50.211	rmnet_ipa0	19288	22584
10:16:50.211	rmnet_data2	0	0
10:16:50.211	rmnet_data1	1488	1792
10:16:50.211	rmnet_data0	2703	4489
10:16:50.211	wlan0	21078020	13774336
10:16:51.252	rmnet_ipa0	19288	22584
10:16:51.252	rmnet_data2	0	0
10:16:51.252	rmnet_data1	1488	1792
10:16:51.252	rmnet_data0	2703	4489
10:16:51.252	wlan0	21078493	13777685
10:16:52.284	rmnet_ipa0	19288	22584
10:16:52.284	rmnet_data2	0	0
10:16:52.284	rmnet_data1	1488	1792
10:16:52.284	rmnet_data0	2703	4489
10:16:52.284	wlan0	21078761	13779772
10:16:53.320	rmnet_ipa0	19288	22584
10:16:53.320	rmnet_data2	0	0
10:16:53.320	rmnet_data1	1488	1792
10:16:53.320	rmnet_data0	2703	4489
10:16:53.320	wlan0	21079222	13780166
10:16:54.357	rmnet_ipa0	19288	22584
10:16:54.357	rmnet_data2	0	0
10:16:54.357	rmnet_data1	1488	1792
10:16:54.357	rmnet_data0	2703	4489
10:16:54.357	wlan0	21079508	13782542
10:16:55.397	rmnet_ipa0	19288	22584
10:16:55.397	rmnet_data2	0	0
10:16:55.397	rmnet_data1	1488	1792
10:16:55.397	rmnet_data0	2703	4489
10:16:55.397	wlan0	21079943	13786509
10:16:56.433	rmnet_ipa0	19288	22584
10:16:56.433	rmnet_data2	0	0
10:16:56.433	rmnet_data1	1488	1792
10:16:56.433	rmnet_data0	2703	4489
10:16:56.433	wlan0	21080225	13788349
10:16:57.471	rmnet_ipa0	19288	22584
10:16:57.471	rmnet_data2	0	0
10:16:57.471	rmnet_data1	1488	1792
10:16:57.471	rmnet_data0	2703	4489
10:16:57.471	wlan0	21080660	13790782
10:16:58.507	rmnet_ipa0	19288	22584
10:16:58.507	rmnet_data2	0	0
10:16:58.507	rmnet_data1	1488	1792
10:16:58.507	rmnet_data0	2703	4489
10:16:58.507	wlan0	21080884	13793449
10:16:59.548	rmnet_ipa0	19288	22584
10:16:59.548	rmnet_data2	0	0
10:16:59.548	rmnet_data1	1488	1792
10:16:59.548	rmnet_data0	2703	4489
10:16:59.548	wlan0	21081318	13797145
10:17:00.588	rmnet_ipa0	19288	22584
10:17:00.588	rmnet_data2	0	0
10:17:00.588	rmnet_data1	1488	1792
10:17:00.588	rmnet_data0	2703	4489
10:17:00.588	wlan0	21081750	13800680
10:17:01.626	rmnet_ipa0	19288	22584
10:17:01.626	rmnet_data2	0	0
10:17:01.626	rmnet_data1	1488	1792
10:17:01.626	rmnet_data0	2703	4489
10:17:01.626	wlan0	21082269	13804427
10:17:02.652	rmnet_ipa0	19288	22584
10:17:02.652	rmnet_data2	0	0
10:17:02.652	rmnet_data1	1488	1792
10:17:02.652	rmnet_data0	2703	4489
10:17:02.652	wlan0	21082599	13808179
10:17:03.689	rmnet_ipa0	19288	22584
10:17:03.689	rmnet_data2	0	0
10:17:03.689	rmnet_data1	1488	1792
10:17:03.689	rmnet_data0	2703	4489
10:17:03.689	wlan0	21083092	13811722
10:17:04.726	rmnet_ipa0	19288	22584
10:17:04.726	rmnet_data2	0	0
10:17:04.726	rmnet_data1	1488	1792
10:17:04.726	rmnet_data0	2703	4489
10:17:04.726	wlan0	21083375	13815600
10:17:05.764	rmnet_ipa0	19288	22584
10:17:05.764	rmnet_data2	0	0
10:17:05.764	rmnet_data1	1488	1792
10:17:05.764	rmnet_data0	2703	4489
10:17:05.764	wlan0	21083804	13818955
10:17:06.803	rmnet_ipa0	19288	22584
10:17:06.803	rmnet_data2	0	0
10:17:06.803	rmnet_data1	1488	1792
10:17:06.803	rmnet_data0	2703	4489
10:17:06.803	wlan0	21084352	13822941
10:17:07.846	rmnet_ipa0	19288	22584
10:17:07.846	rmnet_data2	0	0
10:17:07.846	rmnet_data1	1488	1792
10:17:07.846	rmnet_data0	2703	4489
10:17:07.846	wlan0	21084583	13826956
10:17:08.886	rmnet_ipa0	19288	22584
10:17:08.886	rmnet_data2	0	0
10:17:08.886	rmnet_data1	1488	1792
10:17:08.886	rmnet_data0	2703	4489
10:17:08.886	wlan0	21085107	13830549
10:17:09.926	rmnet_ipa0	19288	22584
10:17:09.926	rmnet_data2	0	0
10:17:09.926	rmnet_data1	1488	1792
10:17:09.926	rmnet_data0	2703	4489
10:17:09.926	wlan0	21085547	13834066
10:17:10.963	rmnet_ipa0	19288	22584
10:17:10.963	rmnet_data2	0	0
10:17:10.963	rmnet_data1	1488	1792
10:17:10.963	rmnet_data0	2703	4489
10:17:10.963	wlan0	21086040	13836806
10:17:12.001	rmnet_ipa0	19288	22584
10:17:12.001	rmnet_data2	0	0
10:17:12.001	rmnet_data1	1488	1792
10:17:12.001	rmnet_data0	2703	4489
10:17:12.001	wlan0	21086380	13839727
10:17:13.042	rmnet_ipa0	19288	22584
10:17:13.042	rmnet_data2	0	0
10:17:13.042	rmnet_data1	1488	1792
10:17:13.042	rmnet_data0	2703	4489
10:17:13.042	wlan0	21086931	13843576
10:17:14.083	rmnet_ipa0	19288	22584
10:17:14.083	rmnet_data2	0	0
10:17:14.083	rmnet_data1	1488	1792
10:17:14.083	rmnet_data0	2703	4489
10:17:14.083	wlan0	21087251	13845279
10:17:15.121	rmnet_ipa0	19288	22584
10:17:15.121	rmnet_data2	0	0
10:17:15.121	rmnet_data1	1488	1792
10:17:15.121	rmnet_data0	2703	4489
10:17:15.121	wlan0	21087550	13846266
10:17:16.164	rmnet_ipa0	19288	22584
10:17:16.164	rmnet_data2	0	0
10:17:16.164	rmnet_data1	1488	1792
10:17:16.164	rmnet_data0	2703	4489
10:17:16.164	wlan0	21087802	13846624
10:17:17.207	rmnet_ipa0	19288	22584
10:17:17.207	rmnet_data2	0	0
10:17:17.207	rmnet_data1	1488	1792
10:17:17.207	rmnet_data0	2703	4489
10:17:17.207	wlan0	21088082	13847012
10:17:18.246	rmnet_ipa0	19288	22584
10:17:18.246	rmnet_data2	0	0
10:17:18.246	rmnet_data1	1488	1792
10:17:18.246	rmnet_data0	2703	4489
10:17:18.246	wlan0	21088306	13847286
10:17:19.285	rmnet_ipa0	19288	22584
10:17:19.285	rmnet_data2	0	0
10:17:19.285	rmnet_data1	1488	1792
10:17:19.285	rmnet_data0	2703	4489
10:17:19.285	wlan0	21088801	13849027
10:17:20.322	rmnet_ipa0	19288	22584
10:17:20.322	rmnet_data2	0	0
10:17:20.322	rmnet_data1	1488	1792
10:17:20.322	rmnet_data0	2703	4489
10:17:20.322	wlan0	21089083	13851207
10:17:21.365	rmnet_ipa0	19288	22584
10:17:21.365	rmnet_data2	0	0
10:17:21.365	rmnet_data1	1488	1792
10:17:21.365	rmnet_data0	2703	4489
10:17:21.365	wlan0	21089611	13853786
10:17:22.398	rmnet_ipa0	19288	22584
10:17:22.398	rmnet_data2	0	0
10:17:22.398	rmnet_data1	1488	1792
10:17:22.398	rmnet_data0	2703	4489
10:17:22.398	wlan0	21089870	13854137
10:17:23.432	rmnet_ipa0	19288	22584
10:17:23.432	rmnet_data2	0	0
10:17:23.432	rmnet_data1	1488	1792
10:17:23.432	rmnet_data0	2703	4489
10:17:23.432	wlan0	21090155	13854590
10:17:24.464	rmnet_ipa0	19288	22584
10:17:24.464	rmnet_data2	0	0
10:17:24.464	rmnet_data1	1488	1792
10:17:24.464	rmnet_data0	2703	4489
10:17:24.464	wlan0	21090441	13854948
10:17:25.489	rmnet_ipa0	19288	22584
10:17:25.489	rmnet_data2	0	0
10:17:25.489	rmnet_data1	1488	1792
10:17:25.489	rmnet_data0	2703	4489
10:17:25.489	wlan0	21090611	13855306
10:17:26.518	rmnet_ipa0	19288	22584
10:17:26.518	rmnet_data2	0	0
10:17:26.518	rmnet_data1	1488	1792
10:17:26.518	rmnet_data0	2703	4489
10:17:26.518	wlan0	21090896	13856806
10:17:27.547	rmnet_ipa0	19288	22584
10:17:27.547	rmnet_data2	0	0
10:17:27.547	rmnet_data1	1488	1792
10:17:27.547	rmnet_data0	2703	4489
10:17:27.547	wlan0	21091244	13857452
10:17:28.583	rmnet_ipa0	19288	22584
10:17:28.583	rmnet_data2	0	0
10:17:28.583	rmnet_data1	1488	1792
10:17:28.583	rmnet_data0	2703	4489
10:17:28.583	wlan0	21091643	13858054
10:17:29.614	rmnet_ipa0	19288	22584
10:17:29.614	rmnet_data2	0	0
10:17:29.614	rmnet_data1	1488	1792
10:17:29.614	rmnet_data0	2703	4489
10:17:29.614	wlan0	21091981	13858602
10:17:30.645	rmnet_ipa0	19288	22584
10:17:30.645	rmnet_data2	0	0
10:17:30.645	rmnet_data1	1488	1792
10:17:30.645	rmnet_data0	2703	4489
10:17:30.645	wlan0	21092205	13859382
10:17:31.680	rmnet_ipa0	19288	22584
10:17:31.680	rmnet_data2	0	0
10:17:31.680	rmnet_data1	1488	1792
10:17:31.680	rmnet_data0	2703	4489
10:17:31.680	wlan0	21092579	13859903
10:17:32.719	rmnet_ipa0	19288	22584
10:17:32.719	rmnet_data2	0	0
10:17:32.719	rmnet_data1	1488	1792
10:17:32.719	rmnet_data0	2703	4489
10:17:32.719	wlan0	21092864	13861166
10:17:33.759	rmnet_ipa0	19288	22584
10:17:33.759	rmnet_data2	0	0
10:17:33.759	rmnet_data1	1488	1792
10:17:33.759	rmnet_data0	2703	4489
10:17:33.759	wlan0	21093027	13862520
10:17:34.797	rmnet_ipa0	19288	22584
10:17:34.797	rmnet_data2	0	0
10:17:34.797	rmnet_data1	1488	1792
10:17:34.797	rmnet_data0	2703	4489
10:17:34.797	wlan0	21093422	13865182
10:17:35.838	rmnet_ipa0	19288	22584
10:17:35.838	rmnet_data2	0	0
10:17:35.838	rmnet_data1	1488	1792
10:17:35.838	rmnet_data0	2703	4489
10:17:35.838	wlan0	21093854	13865890
10:17:36.878	rmnet_ipa0	19288	22584
10:17:36.878	rmnet_data2	0	0
10:17:36.878	rmnet_data1	1488	1792
10:17:36.878	rmnet_data0	2703	4489
10:17:36.878	wlan0	21094139	13867805
10:17:37.917	rmnet_ipa0	19288	22584
10:17:37.917	rmnet_data2	0	0
10:17:37.917	rmnet_data1	1488	1792
10:17:37.917	rmnet_data0	2703	4489
10:17:37.917	wlan0	21094513	13869099
10:17:38.959	rmnet_ipa0	19288	22584
10:17:38.959	rmnet_data2	0	0
10:17:38.959	rmnet_data1	1488	1792
10:17:38.959	rmnet_data0	2703	4489
10:17:38.959	wlan0	21094856	13871596
10:17:39.999	rmnet_ipa0	19288	22584
10:17:39.999	rmnet_data2	0	0
10:17:39.999	rmnet_data1	1488	1792
10:17:39.999	rmnet_data0	2703	4489
10:17:39.999	wlan0	21095310	13874521
10:17:41.034	rmnet_ipa0	19288	22584
10:17:41.034	rmnet_data2	0	0
10:17:41.034	rmnet_data1	1488	1792
10:17:41.034	rmnet_data0	2703	4489
10:17:41.034	wlan0	21095534	13874801
10:17:42.069	rmnet_ipa0	19288	22584
10:17:42.069	rmnet_data2	0	0
10:17:42.069	rmnet_data1	1488	1792
10:17:42.069	rmnet_data0	2703	4489
10:17:42.069	wlan0	21095875	13876671
10:17:43.109	rmnet_ipa0	19288	22584
10:17:43.109	rmnet_data2	0	0
10:17:43.109	rmnet_data1	1488	1792
10:17:43.109	rmnet_data0	2703	4489
10:17:43.109	wlan0	21096201	13878250
10:17:44.144	rmnet_ipa0	19288	22584
10:17:44.144	rmnet_data2	0	0
10:17:44.144	rmnet_data1	1488	1792
10:17:44.144	rmnet_data0	2703	4489
10:17:44.144	wlan0	21096506	13880517
10:17:45.185	rmnet_ipa0	19288	22584
10:17:45.185	rmnet_data2	0	0
10:17:45.185	rmnet_data1	1488	1792
10:17:45.185	rmnet_data0	2703	4489
10:17:45.185	wlan0	21096881	13884689
10:17:46.223	rmnet_ipa0	19288	22584
10:17:46.223	rmnet_data2	0	0
10:17:46.223	rmnet_data1	1488	1792
10:17:46.223	rmnet_data0	2703	4489
10:17:46.223	wlan0	21097374	13887026
10:17:47.262	rmnet_ipa0	19288	22584
10:17:47.262	rmnet_data2	0	0
10:17:47.262	rmnet_data1	1488	1792
10:17:47.262	rmnet_data0	2703	4489
10:17:47.262	wlan0	21097726	13888037
10:17:48.302	rmnet_ipa0	19288	22584
10:17:48.302	rmnet_data2	0	0
10:17:48.302	rmnet_data1	1488	1792
10:17:48.302	rmnet_data0	2703	4489
10:17:48.302	wlan0	21097950	13888618
10:17:49.339	rmnet_ipa0	19288	22584
10:17:49.339	rmnet_data2	0	0
10:17:49.339	rmnet_data1	1488	1792
10:17:49.339	rmnet_data0	2703	4489
10:17:49.339	wlan0	21098174	13889057
10:17:50.380	rmnet_ipa0	19288	22584
10:17:50.380	rmnet_data2	0	0
10:17:50.380	rmnet_data1	1488	1792
10:17:50.380	rmnet_data0	2703	4489
10:17:50.380	wlan0	21098460	13890503
10:17:51.422	rmnet_ipa0	19288	22584
10:17:51.422	rmnet_data2	0	0
10:17:51.422	rmnet_data1	1488	1792
10:17:51.422	rmnet_data0	2703	4489
10:17:51.422	wlan0	21098983	13893838
10:17:52.469	rmnet_ipa0	19288	22584
10:17:52.469	rmnet_data2	0	0
10:17:52.469	rmnet_data1	1488	1792
10:17:52.469	rmnet_data0	2703	4489
10:17:52.469	wlan0	21099626	13894977
10:17:53.507	rmnet_ipa0	19288	22584
10:17:53.507	rmnet_data2	0	0
10:17:53.507	rmnet_data1	1488	1792
10:17:53.507	rmnet_data0	2703	4489
10:17:53.507	wlan0	21099850	13896402
10:17:54.547	rmnet_ipa0	19288	22584
10:17:54.547	rmnet_data2	0	0
10:17:54.547	rmnet_data1	1488	1792
10:17:54.547	rmnet_data0	2703	4489
10:17:54.547	wlan0	21100351	13900000
10:17:55.588	rmnet_ipa0	19288	22584
10:17:55.588	rmnet_data2	0	0
10:17:55.588	rmnet_data1	1488	1792
10:17:55.588	rmnet_data0	2703	4489
10:17:55.588	wlan0	21100981	13902995
10:17:56.627	rmnet_ipa0	19288	22584
10:17:56.627	rmnet_data2	0	0
10:17:56.627	rmnet_data1	1488	1792
10:17:56.627	rmnet_data0	2703	4489
10:17:56.627	wlan0	21101464	13904798
10:17:57.666	rmnet_ipa0	19288	22584
10:17:57.666	rmnet_data2	0	0
10:17:57.666	rmnet_data1	1488	1792
10:17:57.666	rmnet_data0	2703	4489
10:17:57.666	wlan0	21102506	13907510
10:17:58.707	rmnet_ipa0	19288	22584
10:17:58.707	rmnet_data2	0	0
10:17:58.707	rmnet_data1	1488	1792
10:17:58.707	rmnet_data0	2703	4489
10:17:58.707	wlan0	21106234	13910151
10:17:59.746	rmnet_ipa0	19288	22584
10:17:59.746	rmnet_data2	0	0
10:17:59.746	rmnet_data1	1488	1792
10:17:59.746	rmnet_data0	2703	4489
10:17:59.746	wlan0	21112897	13912233
10:18:00.788	rmnet_ipa0	19288	22584
10:18:00.788	rmnet_data2	0	0
10:18:00.788	rmnet_data1	1488	1792
10:18:00.788	rmnet_data0	2703	4489
10:18:00.788	wlan0	21114936	13913487
10:18:01.830	rmnet_ipa0	19288	22584
10:18:01.830	rmnet_data2	0	0
10:18:01.830	rmnet_data1	1488	1792
10:18:01.830	rmnet_data0	2703	4489
10:18:01.830	wlan0	21115282	13913762
10:18:02.868	rmnet_ipa0	19288	22584
10:18:02.868	rmnet_data2	0	0
10:18:02.868	rmnet_data1	1488	1792
10:18:02.868	rmnet_data0	2703	4489
10:18:02.868	wlan0	21115458	13914109
10:18:03.908	rmnet_ipa0	19288	22584
10:18:03.908	rmnet_data2	0	0
10:18:03.908	rmnet_data1	1488	1792
10:18:03.908	rmnet_data0	2703	4489
10:18:03.908	wlan0	21115752	13914549
10:18:04.946	rmnet_ipa0	19288	22584
10:18:04.946	rmnet_data2	0	0
10:18:04.946	rmnet_data1	1488	1792
10:18:04.946	rmnet_data0	2703	4489
10:18:04.946	wlan0	21116194	13914905
10:18:05.974	rmnet_ipa0	19288	22584
10:18:05.974	rmnet_data2	0	0
10:18:05.974	rmnet_data1	1488	1792
10:18:05.974	rmnet_data0	2703	4489
10:18:05.974	wlan0	21116701	13915656
10:18:07.015	rmnet_ipa0	19288	22584
10:18:07.015	rmnet_data2	0	0
10:18:07.015	rmnet_data1	1488	1792
10:18:07.015	rmnet_data0	2703	4489
10:18:07.015	wlan0	21116919	13916069
10:18:08.054	rmnet_ipa0	19288	22584
10:18:08.054	rmnet_data2	0	0
10:18:08.054	rmnet_data1	1488	1792
10:18:08.054	rmnet_data0	2703	4489
10:18:08.054	wlan0	21117261	13916428
10:18:09.093	rmnet_ipa0	19288	22584
10:18:09.093	rmnet_data2	0	0
10:18:09.093	rmnet_data1	1488	1792
10:18:09.093	rmnet_data0	2703	4489
10:18:09.093	wlan0	21117491	13917604
10:18:10.131	rmnet_ipa0	19288	22584
10:18:10.131	rmnet_data2	0	0
10:18:10.131	rmnet_data1	1488	1792
10:18:10.131	rmnet_data0	2703	4489
10:18:10.131	wlan0	21117988	13918324
10:18:11.172	rmnet_ipa0	19288	22584
10:18:11.172	rmnet_data2	0	0
10:18:11.172	rmnet_data1	1488	1792
10:18:11.172	rmnet_data0	2703	4489
10:18:11.172	wlan0	21118212	13918980
10:18:12.212	rmnet_ipa0	19288	22584
10:18:12.212	rmnet_data2	0	0
10:18:12.212	rmnet_data1	1488	1792
10:18:12.212	rmnet_data0	2703	4489
10:18:12.212	wlan0	21118549	13921813
10:18:13.252	rmnet_ipa0	19288	22584
10:18:13.252	rmnet_data2	0	0
10:18:13.252	rmnet_data1	1488	1792
10:18:13.252	rmnet_data0	2703	4489
10:18:13.252	wlan0	21118927	13926640
10:18:14.291	rmnet_ipa0	19288	22584
10:18:14.291	rmnet_data2	0	0
10:18:14.291	rmnet_data1	1488	1792
10:18:14.291	rmnet_data0	2703	4489
10:18:14.291	wlan0	21119423	13930924
10:18:15.329	rmnet_ipa0	19288	22584
10:18:15.329	rmnet_data2	0	0
10:18:15.329	rmnet_data1	1488	1792
10:18:15.329	rmnet_data0	2703	4489
10:18:15.329	wlan0	21119773	13935614
10:18:16.367	rmnet_ipa0	19288	22584
10:18:16.367	rmnet_data2	0	0
10:18:16.367	rmnet_data1	1488	1792
10:18:16.367	rmnet_data0	2703	4489
10:18:16.367	wlan0	21120221	13937120
10:18:17.403	rmnet_ipa0	19288	22584
10:18:17.403	rmnet_data2	0	0
10:18:17.403	rmnet_data1	1488	1792
10:18:17.403	rmnet_data0	2703	4489
10:18:17.403	wlan0	21120485	13938971
10:18:18.445	rmnet_ipa0	19288	22584
10:18:18.445	rmnet_data2	0	0
10:18:18.445	rmnet_data1	1488	1792
10:18:18.445	rmnet_data0	2703	4489
10:18:18.445	wlan0	21120771	13939358
10:18:19.485	rmnet_ipa0	19288	22584
10:18:19.485	rmnet_data2	0	0
10:18:19.485	rmnet_data1	1488	1792
10:18:19.485	rmnet_data0	2703	4489
10:18:19.485	wlan0	21120944	13939730
10:18:20.526	rmnet_ipa0	19288	22584
10:18:20.526	rmnet_data2	0	0
10:18:20.526	rmnet_data1	1488	1792
10:18:20.526	rmnet_data0	2703	4489
10:18:20.526	wlan0	21121284	13940157
10:18:21.565	rmnet_ipa0	19288	22584
10:18:21.565	rmnet_data2	0	0
10:18:21.565	rmnet_data1	1488	1792
10:18:21.565	rmnet_data0	2703	4489
10:18:21.565	wlan0	21121658	13940788
10:18:22.607	rmnet_ipa0	19288	22584
10:18:22.607	rmnet_data2	0	0
10:18:22.607	rmnet_data1	1488	1792
10:18:22.607	rmnet_data0	2703	4489
10:18:22.607	wlan0	21122098	13941733
10:18:23.646	rmnet_ipa0	19288	22584
10:18:23.646	rmnet_data2	0	0
10:18:23.646	rmnet_data1	1488	1792
10:18:23.646	rmnet_data0	2703	4489
10:18:23.646	wlan0	21122322	13942016
10:18:24.686	rmnet_ipa0	19288	22584
10:18:24.686	rmnet_data2	0	0
10:18:24.686	rmnet_data1	1488	1792
10:18:24.686	rmnet_data0	2703	4489
10:18:24.686	wlan0	21122621	13942606
10:18:25.725	rmnet_ipa0	19288	22584
10:18:25.725	rmnet_data2	0	0
10:18:25.725	rmnet_data1	1488	1792
10:18:25.725	rmnet_data0	2703	4489
10:18:25.725	wlan0	21122893	13942889
10:18:26.761	rmnet_ipa0	19288	22584
10:18:26.761	rmnet_data2	0	0
10:18:26.761	rmnet_data1	1488	1792
10:18:26.761	rmnet_data0	2703	4489
10:18:26.761	wlan0	21123117	13943217
10:18:27.794	rmnet_ipa0	19288	22584
10:18:27.794	rmnet_data2	0	0
10:18:27.794	rmnet_data1	1488	1792
10:18:27.794	rmnet_data0	2703	4489
10:18:27.794	wlan0	21123458	13943727
10:18:28.828	rmnet_ipa0	19288	22584
10:18:28.828	rmnet_data2	0	0
10:18:28.828	rmnet_data1	1488	1792
10:18:28.828	rmnet_data0	2703	4489
10:18:28.828	wlan0	21123710	13944172
10:18:29.867	rmnet_ipa0	19288	22584
10:18:29.867	rmnet_data2	0	0
10:18:29.867	rmnet_data1	1488	1792
10:18:29.867	rmnet_data0	2703	4489
10:18:29.867	wlan0	21124018	13944605
10:18:30.903	rmnet_ipa0	19288	22584
10:18:30.903	rmnet_data2	0	0
10:18:30.903	rmnet_data1	1488	1792
10:18:30.903	rmnet_data0	2703	4489
10:18:30.903	wlan0	21124334	13944888
10:18:31.943	rmnet_ipa0	19288	22584
10:18:31.943	rmnet_data2	0	0
10:18:31.943	rmnet_data1	1488	1792
10:18:31.943	rmnet_data0	2703	4489
10:18:31.943	wlan0	21124628	13945303
10:18:32.980	rmnet_ipa0	19288	22584
10:18:32.980	rmnet_data2	0	0
10:18:32.980	rmnet_data1	1488	1792
10:18:32.980	rmnet_data0	2703	4489
10:18:32.980	wlan0	21124962	13953463
10:18:34.010	rmnet_ipa0	19288	22584
10:18:34.010	rmnet_data2	0	0
10:18:34.010	rmnet_data1	1488	1792
10:18:34.010	rmnet_data0	2703	4489
10:18:34.010	wlan0	21125662	13959039
10:18:35.049	rmnet_ipa0	19288	22584
10:18:35.049	rmnet_data2	0	0
10:18:35.049	rmnet_data1	1488	1792
10:18:35.049	rmnet_data0	2703	4489
10:18:35.049	wlan0	21131910	13963770
10:18:36.087	rmnet_ipa0	19288	22584
10:18:36.087	rmnet_data2	0	0
10:18:36.087	rmnet_data1	1488	1792
10:18:36.087	rmnet_data0	2703	4489
10:18:36.087	wlan0	21138254	13966146
10:18:37.111	rmnet_ipa0	19288	22584
10:18:37.111	rmnet_data2	0	0
10:18:37.111	rmnet_data1	1488	1792
10:18:37.111	rmnet_data0	2703	4489
10:18:37.111	wlan0	21139740	13968006
10:18:38.143	rmnet_ipa0	19288	22584
10:18:38.143	rmnet_data2	0	0
10:18:38.143	rmnet_data1	1488	1792
10:18:38.143	rmnet_data0	2703	4489
10:18:38.143	wlan0	21139816	13968006
10:18:39.175	rmnet_ipa0	19288	22584
10:18:39.175	rmnet_data2	0	0
10:18:39.175	rmnet_data1	1488	1792
10:18:39.175	rmnet_data0	2703	4489
10:18:39.175	wlan0	21139892	13968116
10:18:40.216	rmnet_ipa0	19288	22584
10:18:40.216	rmnet_data2	0	0
10:18:40.216	rmnet_data1	1488	1792
10:18:40.216	rmnet_data0	2703	4489
10:18:40.216	wlan0	21139892	13968116
10:18:41.254	rmnet_ipa0	19288	22584
10:18:41.254	rmnet_data2	0	0
10:18:41.254	rmnet_data1	1488	1792
10:18:41.254	rmnet_data0	2703	4489
10:18:41.254	wlan0	21139892	13968116
10:18:42.291	rmnet_ipa0	19288	22584
10:18:42.291	rmnet_data2	0	0
10:18:42.291	rmnet_data1	1488	1792
10:18:42.291	rmnet_data0	2703	4489
10:18:42.291	wlan0	21139892	13968116
10:18:43.330	rmnet_ipa0	19288	22584
10:18:43.330	rmnet_data2	0	0
10:18:43.330	rmnet_data1	1488	1792
10:18:43.330	rmnet_data0	2703	4489
10:18:43.330	wlan0	21139892	13968116
10:18:44.363	rmnet_ipa0	19288	22584
10:18:44.363	rmnet_data2	0	0
10:18:44.363	rmnet_data1	1488	1792
10:18:44.363	rmnet_data0	2703	4489
10:18:44.363	wlan0	21139892	13968116
10:18:45.411	rmnet_ipa0	19288	22584
10:18:45.411	rmnet_data2	0	0
10:18:45.411	rmnet_data1	1488	1792
10:18:45.411	rmnet_data0	2703	4489
10:18:45.411	wlan0	21139892	13968116
10:18:46.453	rmnet_ipa0	19288	22584
10:18:46.453	rmnet_data2	0	0
10:18:46.453	rmnet_data1	1488	1792
10:18:46.453	rmnet_data0	2703	4489
10:18:46.453	wlan0	21139892	13968116
10:18:47.495	rmnet_ipa0	19288	22584
10:18:47.495	rmnet_data2	0	0
10:18:47.495	rmnet_data1	1488	1792
10:18:47.495	rmnet_data0	2703	4489
10:18:47.495	wlan0	21139944	13968182
10:18:48.538	rmnet_ipa0	19288	22584
10:18:48.538	rmnet_data2	0	0
10:18:48.538	rmnet_data1	1488	1792
10:18:48.538	rmnet_data0	2703	4489
10:18:48.538	wlan0	21139944	13968182
10:18:49.579	rmnet_ipa0	19288	22584
10:18:49.579	rmnet_data2	0	0
10:18:49.579	rmnet_data1	1488	1792
10:18:49.579	rmnet_data0	2703	4489
10:18:49.579	wlan0	21139944	13968182
10:18:50.622	rmnet_ipa0	19288	22584
10:18:50.622	rmnet_data2	0	0
10:18:50.622	rmnet_data1	1488	1792
10:18:50.622	rmnet_data0	2703	4489
10:18:50.622	wlan0	21139944	13968182
10:18:51.661	rmnet_ipa0	19288	22584
10:18:51.661	rmnet_data2	0	0
10:18:51.661	rmnet_data1	1488	1792
10:18:51.661	rmnet_data0	2703	4489
10:18:51.661	wlan0	21139944	13968182
10:18:52.703	rmnet_ipa0	19288	22584
10:18:52.703	rmnet_data2	0	0
10:18:52.703	rmnet_data1	1488	1792
10:18:52.703	rmnet_data0	2703	4489
10:18:52.703	wlan0	21140037	13968351
10:18:53.747	rmnet_ipa0	19288	22584
10:18:53.747	rmnet_data2	0	0
10:18:53.747	rmnet_data1	1488	1792
10:18:53.747	rmnet_data0	2703	4489
10:18:53.747	wlan0	21140037	13968351
10:18:54.791	rmnet_ipa0	19288	22584
10:18:54.791	rmnet_data2	0	0
10:18:54.791	rmnet_data1	1488	1792
10:18:54.791	rmnet_data0	2703	4489
10:18:54.791	wlan0	21140037	13968351
10:18:55.832	rmnet_ipa0	19288	22584
10:18:55.832	rmnet_data2	0	0
10:18:55.832	rmnet_data1	1488	1792
10:18:55.832	rmnet_data0	2703	4489
10:18:55.832	wlan0	21140037	13968351
10:18:56.870	rmnet_ipa0	19288	22584
10:18:56.870	rmnet_data2	0	0
10:18:56.870	rmnet_data1	1488	1792
10:18:56.870	rmnet_data0	2703	4489
10:18:56.870	wlan0	21140037	13968351
10:18:57.911	rmnet_ipa0	19288	22584
10:18:57.911	rmnet_data2	0	0
10:18:57.911	rmnet_data1	1488	1792
10:18:57.911	rmnet_data0	2703	4489
10:18:57.911	wlan0	21140089	13968417
10:18:58.951	rmnet_ipa0	19288	22584
10:18:58.951	rmnet_data2	0	0
10:18:58.951	rmnet_data1	1488	1792
10:18:58.951	rmnet_data0	2703	4489
10:18:58.951	wlan0	21140089	13968417
10:18:59.989	rmnet_ipa0	19288	22584
10:18:59.989	rmnet_data2	0	0
10:18:59.989	rmnet_data1	1488	1792
10:18:59.989	rmnet_data0	2703	4489
10:18:59.989	wlan0	21140089	13968417
10:19:01.032	rmnet_ipa0	19288	22584
10:19:01.032	rmnet_data2	0	0
10:19:01.032	rmnet_data1	1488	1792
10:19:01.032	rmnet_data0	2703	4489
10:19:01.032	wlan0	21140089	13968417
10:19:02.072	rmnet_ipa0	19288	22584
10:19:02.072	rmnet_data2	0	0
10:19:02.072	rmnet_data1	1488	1792
10:19:02.072	rmnet_data0	2703	4489
10:19:02.072	wlan0	21140089	13968417
10:19:03.111	rmnet_ipa0	19288	22584
10:19:03.111	rmnet_data2	0	0
10:19:03.111	rmnet_data1	1488	1792
10:19:03.111	rmnet_data0	2703	4489
10:19:03.111	wlan0	21140089	13968417
10:19:04.152	rmnet_ipa0	19288	22584
10:19:04.152	rmnet_data2	0	0
10:19:04.152	rmnet_data1	1488	1792
10:19:04.152	rmnet_data0	2703	4489
10:19:04.152	wlan0	21140089	13968417
10:19:05.190	rmnet_ipa0	19288	22584
10:19:05.190	rmnet_data2	0	0
10:19:05.190	rmnet_data1	1488	1792
10:19:05.190	rmnet_data0	2703	4489
10:19:05.190	wlan0	21140089	13968417
10:19:06.234	rmnet_ipa0	19288	22584
10:19:06.234	rmnet_data2	0	0
10:19:06.234	rmnet_data1	1488	1792
10:19:06.234	rmnet_data0	2703	4489
10:19:06.234	wlan0	21140089	13968417
10:19:07.273	rmnet_ipa0	19288	22584
10:19:07.273	rmnet_data2	0	0
10:19:07.273	rmnet_data1	1488	1792
10:19:07.273	rmnet_data0	2703	4489
10:19:07.273	wlan0	21140089	13968417
10:19:08.313	rmnet_ipa0	19288	22584
10:19:08.313	rmnet_data2	0	0
10:19:08.313	rmnet_data1	1488	1792
10:19:08.313	rmnet_data0	2703	4489
10:19:08.313	wlan0	21140089	13968483
10:19:09.355	rmnet_ipa0	19288	22584
10:19:09.355	rmnet_data2	0	0
10:19:09.355	rmnet_data1	1488	1792
10:19:09.355	rmnet_data0	2703	4489
10:19:09.355	wlan0	21140141	13968483
10:19:10.395	rmnet_ipa0	19288	22584
10:19:10.395	rmnet_data2	0	0
10:19:10.395	rmnet_data1	1488	1792
10:19:10.395	rmnet_data0	2703	4489
10:19:10.395	wlan0	21140141	13968483
10:19:11.436	rmnet_ipa0	19288	22584
10:19:11.436	rmnet_data2	0	0
10:19:11.436	rmnet_data1	1488	1792
10:19:11.436	rmnet_data0	2703	4489
10:19:11.436	wlan0	21140141	13968483
10:19:12.479	rmnet_ipa0	19288	22584
10:19:12.479	rmnet_data2	0	0
10:19:12.479	rmnet_data1	1488	1792
10:19:12.479	rmnet_data0	2703	4489
10:19:12.479	wlan0	21140141	13968483
10:19:13.521	rmnet_ipa0	19288	22584
10:19:13.521	rmnet_data2	0	0
10:19:13.521	rmnet_data1	1488	1792
10:19:13.521	rmnet_data0	2703	4489
10:19:13.521	wlan0	21140141	13968483
10:19:14.566	rmnet_ipa0	19288	22584
10:19:14.566	rmnet_data2	0	0
10:19:14.566	rmnet_data1	1488	1792
10:19:14.566	rmnet_data0	2703	4489
10:19:14.566	wlan0	21140141	13968483
10:19:15.606	rmnet_ipa0	19288	22584
10:19:15.606	rmnet_data2	0	0
10:19:15.606	rmnet_data1	1488	1792
10:19:15.606	rmnet_data0	2703	4489
10:19:15.606	wlan0	21140141	13968483
10:19:16.651	rmnet_ipa0	19288	22584
10:19:16.651	rmnet_data2	0	0
10:19:16.651	rmnet_data1	1488	1792
10:19:16.651	rmnet_data0	2703	4489
10:19:16.651	wlan0	21140141	13968483
10:19:17.692	rmnet_ipa0	19288	22584
10:19:17.692	rmnet_data2	0	0
10:19:17.692	rmnet_data1	1488	1792
10:19:17.692	rmnet_data0	2703	4489
10:19:17.692	wlan0	21140141	13968483
10:19:18.732	rmnet_ipa0	19288	22584
10:19:18.732	rmnet_data2	0	0
10:19:18.732	rmnet_data1	1488	1792
10:19:18.732	rmnet_data0	2703	4489
10:19:18.732	wlan0	21140141	13968549
10:19:19.768	rmnet_ipa0	19288	22584
10:19:19.768	rmnet_data2	0	0
10:19:19.768	rmnet_data1	1488	1792
10:19:19.768	rmnet_data0	2703	4489
10:19:19.768	wlan0	21140193	13968549
10:19:20.810	rmnet_ipa0	19288	22584
10:19:20.810	rmnet_data2	0	0
10:19:20.810	rmnet_data1	1488	1792
10:19:20.810	rmnet_data0	2703	4489
10:19:20.810	wlan0	21140193	13968549
10:19:21.855	rmnet_ipa0	19288	22584
10:19:21.855	rmnet_data2	0	0
10:19:21.855	rmnet_data1	1488	1792
10:19:21.855	rmnet_data0	2703	4489
10:19:21.855	wlan0	21140193	13968549
10:19:22.895	rmnet_ipa0	19288	22584
10:19:22.895	rmnet_data2	0	0
10:19:22.895	rmnet_data1	1488	1792
10:19:22.895	rmnet_data0	2703	4489
10:19:22.895	wlan0	21140193	13968652
10:19:23.934	rmnet_ipa0	19288	22584
10:19:23.934	rmnet_data2	0	0
10:19:23.934	rmnet_data1	1488	1792
10:19:23.934	rmnet_data0	2703	4489
10:19:23.934	wlan0	21140286	13968718
10:19:24.973	rmnet_ipa0	19288	22584
10:19:24.973	rmnet_data2	0	0
10:19:24.973	rmnet_data1	1488	1792
10:19:24.973	rmnet_data0	2703	4489
10:19:24.973	wlan0	21140286	13968718
10:19:26.012	rmnet_ipa0	19288	22584
10:19:26.012	rmnet_data2	0	0
10:19:26.012	rmnet_data1	1488	1792
10:19:26.012	rmnet_data0	2703	4489
10:19:26.012	wlan0	21140286	13968718
10:19:27.053	rmnet_ipa0	19288	22584
10:19:27.053	rmnet_data2	0	0
10:19:27.053	rmnet_data1	1488	1792
10:19:27.053	rmnet_data0	2703	4489
10:19:27.053	wlan0	21140286	13968760
10:19:28.092	rmnet_ipa0	19288	22584
10:19:28.092	rmnet_data2	0	0
10:19:28.092	rmnet_data1	1488	1792
10:19:28.092	rmnet_data0	2703	4489
10:19:28.092	wlan0	21140342	13968844
10:19:29.129	rmnet_ipa0	19288	22584
10:19:29.129	rmnet_data2	0	0
10:19:29.129	rmnet_data1	1488	1792
10:19:29.129	rmnet_data0	2703	4489
10:19:29.129	wlan0	21140370	13968910
10:19:30.168	rmnet_ipa0	19288	22584
10:19:30.168	rmnet_data2	0	0
10:19:30.168	rmnet_data1	1488	1792
10:19:30.168	rmnet_data0	2703	4489
10:19:30.168	wlan0	21140422	13968910
10:19:31.206	rmnet_ipa0	19288	22584
10:19:31.206	rmnet_data2	0	0
10:19:31.206	rmnet_data1	1488	1792
10:19:31.206	rmnet_data0	2703	4489
10:19:31.206	wlan0	21140422	13968910
10:19:32.248	rmnet_ipa0	19288	22584
10:19:32.248	rmnet_data2	0	0
10:19:32.248	rmnet_data1	1488	1792
10:19:32.248	rmnet_data0	2703	4489
10:19:32.248	wlan0	21140422	13968910
10:19:33.284	rmnet_ipa0	19288	22584
10:19:33.284	rmnet_data2	0	0
10:19:33.284	rmnet_data1	1488	1792
10:19:33.284	rmnet_data0	2703	4489
10:19:33.284	wlan0	21140422	13968910
10:19:34.326	rmnet_ipa0	19288	22584
10:19:34.326	rmnet_data2	0	0
10:19:34.326	rmnet_data1	1488	1792
10:19:34.326	rmnet_data0	2703	4489
10:19:34.326	wlan0	21140422	13968910
10:19:35.365	rmnet_ipa0	19288	22584
10:19:35.365	rmnet_data2	0	0
10:19:35.365	rmnet_data1	1488	1792
10:19:35.365	rmnet_data0	2703	4489
10:19:35.365	wlan0	21140422	13968910
10:19:36.405	rmnet_ipa0	19288	22584
10:19:36.405	rmnet_data2	0	0
10:19:36.405	rmnet_data1	1488	1792
10:19:36.405	rmnet_data0	2703	4489
10:19:36.405	wlan0	21140422	13968910
10:19:37.444	rmnet_ipa0	19288	22584
10:19:37.444	rmnet_data2	0	0
10:19:37.444	rmnet_data1	1488	1792
10:19:37.444	rmnet_data0	2703	4489
10:19:37.444	wlan0	21140422	13968910
10:19:38.488	rmnet_ipa0	19288	22584
10:19:38.488	rmnet_data2	0	0
10:19:38.488	rmnet_data1	1488	1792
10:19:38.488	rmnet_data0	2703	4489
10:19:38.488	wlan0	21140422	13968910
10:19:39.528	rmnet_ipa0	19288	22584
10:19:39.528	rmnet_data2	0	0
10:19:39.528	rmnet_data1	1488	1792
10:19:39.528	rmnet_data0	2703	4489
10:19:39.528	wlan0	21140422	13968976
10:19:40.571	rmnet_ipa0	19288	22584
10:19:40.571	rmnet_data2	0	0
10:19:40.571	rmnet_data1	1488	1792
10:19:40.571	rmnet_data0	2703	4489
10:19:40.571	wlan0	21140474	13968976
10:19:41.610	rmnet_ipa0	19288	22584
10:19:41.610	rmnet_data2	0	0
10:19:41.610	rmnet_data1	1488	1792
10:19:41.610	rmnet_data0	2703	4489
10:19:41.610	wlan0	21140474	13968976
10:19:42.649	rmnet_ipa0	19288	22584
10:19:42.649	rmnet_data2	0	0
10:19:42.649	rmnet_data1	1488	1792
10:19:42.649	rmnet_data0	2703	4489
10:19:42.649	wlan0	21140474	13968976
10:19:43.693	rmnet_ipa0	19288	22584
10:19:43.693	rmnet_data2	0	0
10:19:43.693	rmnet_data1	1488	1792
10:19:43.693	rmnet_data0	2703	4489
10:19:43.693	wlan0	21140474	13968976
10:19:44.734	rmnet_ipa0	19288	22584
10:19:44.734	rmnet_data2	0	0
10:19:44.734	rmnet_data1	1488	1792
10:19:44.734	rmnet_data0	2703	4489
10:19:44.734	wlan0	21140474	13968976
10:19:45.773	rmnet_ipa0	19288	22584
10:19:45.773	rmnet_data2	0	0
10:19:45.773	rmnet_data1	1488	1792
10:19:45.773	rmnet_data0	2703	4489
10:19:45.773	wlan0	21140474	13968976
10:19:46.817	rmnet_ipa0	19288	22584
10:19:46.817	rmnet_data2	0	0
10:19:46.817	rmnet_data1	1488	1792
10:19:46.817	rmnet_data0	2703	4489
10:19:46.817	wlan0	21140474	13968976
10:19:47.859	rmnet_ipa0	19288	22584
10:19:47.859	rmnet_data2	0	0
10:19:47.859	rmnet_data1	1488	1792
10:19:47.859	rmnet_data0	2703	4489
10:19:47.859	wlan0	21140474	13968976
10:19:48.901	rmnet_ipa0	19288	22584
10:19:48.901	rmnet_data2	0	0
10:19:48.901	rmnet_data1	1488	1792
10:19:48.901	rmnet_data0	2703	4489
10:19:48.901	wlan0	21140474	13968976
10:19:49.940	rmnet_ipa0	19288	22584
10:19:49.940	rmnet_data2	0	0
10:19:49.940	rmnet_data1	1488	1792
10:19:49.940	rmnet_data0	2703	4489
10:19:49.940	wlan0	21140474	13968976
10:19:50.983	rmnet_ipa0	19288	22584
10:19:50.983	rmnet_data2	0	0
10:19:50.983	rmnet_data1	1488	1792
10:19:50.983	rmnet_data0	2703	4489
10:19:50.983	wlan0	21140526	13969042
10:19:52.023	rmnet_ipa0	19288	22584
10:19:52.023	rmnet_data2	0	0
10:19:52.023	rmnet_data1	1488	1792
10:19:52.023	rmnet_data0	2703	4489
10:19:52.023	wlan0	21140526	13969042
10:19:53.063	rmnet_ipa0	19288	22584
10:19:53.063	rmnet_data2	0	0
10:19:53.063	rmnet_data1	1488	1792
10:19:53.063	rmnet_data0	2703	4489
10:19:53.063	wlan0	21140526	13969145
10:19:54.107	rmnet_ipa0	19288	22584
10:19:54.107	rmnet_data2	0	0
10:19:54.107	rmnet_data1	1488	1792
10:19:54.107	rmnet_data0	2703	4489
10:19:54.107	wlan0	21140619	13969211
10:19:55.149	rmnet_ipa0	19288	22584
10:19:55.149	rmnet_data2	0	0
10:19:55.149	rmnet_data1	1488	1792
10:19:55.149	rmnet_data0	2703	4489
10:19:55.149	wlan0	21140619	13969211
10:19:56.197	rmnet_ipa0	19288	22584
10:19:56.197	rmnet_data2	0	0
10:19:56.197	rmnet_data1	1488	1792
10:19:56.197	rmnet_data0	2703	4489
10:19:56.197	wlan0	21140619	13969211
10:19:57.241	rmnet_ipa0	19288	22584
10:19:57.241	rmnet_data2	0	0
10:19:57.241	rmnet_data1	1488	1792
10:19:57.241	rmnet_data0	2703	4489
10:19:57.241	wlan0	21140619	13969211
10:19:58.278	rmnet_ipa0	19288	22584
10:19:58.278	rmnet_data2	0	0
10:19:58.278	rmnet_data1	1488	1792
10:19:58.278	rmnet_data0	2703	4489
10:19:58.278	wlan0	21140619	13969211
10:19:59.319	rmnet_ipa0	19288	22584
10:19:59.319	rmnet_data2	0	0
10:19:59.319	rmnet_data1	1488	1792
10:19:59.319	rmnet_data0	2703	4489
10:19:59.319	wlan0	21140619	13969211
10:20:00.360	rmnet_ipa0	19288	22584
10:20:00.360	rmnet_data2	0	0
10:20:00.360	rmnet_data1	1488	1792
10:20:00.360	rmnet_data0	2703	4489
10:20:00.360	wlan0	21140619	13969211
10:20:01.398	rmnet_ipa0	19288	22584
10:20:01.398	rmnet_data2	0	0
10:20:01.398	rmnet_data1	1488	1792
10:20:01.398	rmnet_data0	2703	4489
10:20:01.398	wlan0	21140671	13969277
10:20:02.431	rmnet_ipa0	19288	22584
10:20:02.431	rmnet_data2	0	0
10:20:02.431	rmnet_data1	1488	1792
10:20:02.431	rmnet_data0	2703	4489
10:20:02.431	wlan0	21140671	13969277
10:20:03.471	rmnet_ipa0	19288	22584
10:20:03.471	rmnet_data2	0	0
10:20:03.471	rmnet_data1	1488	1792
10:20:03.471	rmnet_data0	2703	4489
10:20:03.471	wlan0	21140671	13969277
10:20:04.519	rmnet_ipa0	19288	22584
10:20:04.519	rmnet_data2	0	0
10:20:04.519	rmnet_data1	1488	1792
10:20:04.519	rmnet_data0	2703	4489
10:20:04.519	wlan0	21141236	13969540
10:20:05.558	rmnet_ipa0	19288	22584
10:20:05.558	rmnet_data2	0	0
10:20:05.558	rmnet_data1	1488	1792
10:20:05.558	rmnet_data0	2703	4489
10:20:05.558	wlan0	21141451	13970329
10:20:06.599	rmnet_ipa0	19288	22584
10:20:06.599	rmnet_data2	0	0
10:20:06.599	rmnet_data1	1488	1792
10:20:06.599	rmnet_data0	2703	4489
10:20:06.599	wlan0	21144398	13970591
10:20:07.638	rmnet_ipa0	19288	22584
10:20:07.638	rmnet_data2	0	0
10:20:07.638	rmnet_data1	1488	1792
10:20:07.638	rmnet_data0	2703	4489
10:20:07.638	wlan0	21146654	13971399
10:20:08.678	rmnet_ipa0	19288	22584
10:20:08.678	rmnet_data2	0	0
10:20:08.678	rmnet_data1	1488	1792
10:20:08.678	rmnet_data0	2703	4489
10:20:08.678	wlan0	21146654	13971399
10:20:09.721	rmnet_ipa0	19288	22584
10:20:09.721	rmnet_data2	0	0
10:20:09.721	rmnet_data1	1488	1792
10:20:09.721	rmnet_data0	2703	4489
10:20:09.721	wlan0	21146654	13971465
10:20:10.762	rmnet_ipa0	19288	22584
10:20:10.762	rmnet_data2	0	0
10:20:10.762	rmnet_data1	1488	1792
10:20:10.762	rmnet_data0	2703	4489
10:20:10.762	wlan0	21146654	13971465
10:20:11.801	rmnet_ipa0	19288	22584
10:20:11.801	rmnet_data2	0	0
10:20:11.801	rmnet_data1	1488	1792
10:20:11.801	rmnet_data0	2703	4489
10:20:11.801	wlan0	21146706	13971531
10:20:12.839	rmnet_ipa0	19288	22584
10:20:12.839	rmnet_data2	0	0
10:20:12.839	rmnet_data1	1488	1792
10:20:12.839	rmnet_data0	2703	4489
10:20:12.839	wlan0	21146706	13971531
10:20:13.879	rmnet_ipa0	19288	22584
10:20:13.879	rmnet_data2	0	0
10:20:13.879	rmnet_data1	1488	1792
10:20:13.879	rmnet_data0	2703	4489
10:20:13.879	wlan0	21146706	13971531
10:20:14.922	rmnet_ipa0	19288	22584
10:20:14.922	rmnet_data2	0	0
10:20:14.922	rmnet_data1	1488	1792
10:20:14.922	rmnet_data0	2703	4489
10:20:14.922	wlan0	21146706	13971531
10:20:15.961	rmnet_ipa0	19288	22584
10:20:15.961	rmnet_data2	0	0
10:20:15.961	rmnet_data1	1488	1792
10:20:15.961	rmnet_data0	2703	4489
10:20:15.961	wlan0	21146706	13971531
10:20:17.004	rmnet_ipa0	19288	22584
10:20:17.004	rmnet_data2	0	0
10:20:17.004	rmnet_data1	1488	1792
10:20:17.004	rmnet_data0	2703	4489
10:20:17.004	wlan0	21146706	13971531
10:20:18.046	rmnet_ipa0	19288	22584
10:20:18.046	rmnet_data2	0	0
10:20:18.046	rmnet_data1	1488	1792
10:20:18.046	rmnet_data0	2703	4489
10:20:18.046	wlan0	21146706	13971531
10:20:19.087	rmnet_ipa0	19288	22584
10:20:19.087	rmnet_data2	0	0
10:20:19.087	rmnet_data1	1488	1792
10:20:19.087	rmnet_data0	2703	4489
10:20:19.087	wlan0	21146706	13971531
10:20:20.131	rmnet_ipa0	19288	22584
10:20:20.131	rmnet_data2	0	0
10:20:20.131	rmnet_data1	1488	1792
10:20:20.131	rmnet_data0	2703	4489
10:20:20.131	wlan0	21146706	13971605
10:20:21.174	rmnet_ipa0	19288	22584
10:20:21.174	rmnet_data2	0	0
10:20:21.174	rmnet_data1	1488	1792
10:20:21.174	rmnet_data0	2703	4489
10:20:21.174	wlan0	21146706	13971679
10:20:22.216	rmnet_ipa0	19288	22584
10:20:22.216	rmnet_data2	0	0
10:20:22.216	rmnet_data1	1488	1792
10:20:22.216	rmnet_data0	2703	4489
10:20:22.216	wlan0	21146818	13972140
10:20:23.260	rmnet_ipa0	19288	22584
10:20:23.260	rmnet_data2	0	0
10:20:23.260	rmnet_data1	1488	1792
10:20:23.260	rmnet_data0	2703	4489
10:20:23.260	wlan0	21152190	13972542
10:20:24.295	rmnet_ipa0	19288	22584
10:20:24.295	rmnet_data2	0	0
10:20:24.295	rmnet_data1	1488	1792
10:20:24.295	rmnet_data0	2703	4489
10:20:24.295	wlan0	21152283	13972777
10:20:25.335	rmnet_ipa0	19288	22584
10:20:25.335	rmnet_data2	0	0
10:20:25.335	rmnet_data1	1488	1792
10:20:25.335	rmnet_data0	2703	4489
10:20:25.335	wlan0	21152283	13972777
10:20:26.369	rmnet_ipa0	19288	22584
10:20:26.369	rmnet_data2	0	0
10:20:26.369	rmnet_data1	1488	1792
10:20:26.369	rmnet_data0	2703	4489
10:20:26.369	wlan0	21152283	13972777
10:20:27.408	rmnet_ipa0	19288	22584
10:20:27.408	rmnet_data2	0	0
10:20:27.408	rmnet_data1	1488	1792
10:20:27.408	rmnet_data0	2703	4489
10:20:27.408	wlan0	21152311	13972861
10:20:28.445	rmnet_ipa0	19288	22584
10:20:28.445	rmnet_data2	0	0
10:20:28.445	rmnet_data1	1488	1792
10:20:28.445	rmnet_data0	2703	4489
10:20:28.445	wlan0	21152367	13972903
10:20:29.482	rmnet_ipa0	19288	22584
10:20:29.482	rmnet_data2	0	0
10:20:29.482	rmnet_data1	1488	1792
10:20:29.482	rmnet_data0	2703	4489
10:20:29.482	wlan0	21152367	13972903
10:20:30.518	rmnet_ipa0	19288	22584
10:20:30.518	rmnet_data2	0	0
10:20:30.518	rmnet_data1	1488	1792
10:20:30.518	rmnet_data0	2703	4489
10:20:30.518	wlan0	21152367	13972903
10:20:31.559	rmnet_ipa0	19288	22584
10:20:31.559	rmnet_data2	0	0
10:20:31.559	rmnet_data1	1488	1792
10:20:31.559	rmnet_data0	2703	4489
10:20:31.559	wlan0	21152367	13972903
10:20:32.600	rmnet_ipa0	19288	22584
10:20:32.600	rmnet_data2	0	0
10:20:32.600	rmnet_data1	1488	1792
10:20:32.600	rmnet_data0	2703	4489
10:20:32.600	wlan0	21152367	13972969
10:20:33.644	rmnet_ipa0	19288	22584
10:20:33.644	rmnet_data2	0	0
10:20:33.644	rmnet_data1	1488	1792
10:20:33.644	rmnet_data0	2703	4489
10:20:33.644	wlan0	21152419	13972969
10:20:34.686	rmnet_ipa0	19288	22584
10:20:34.686	rmnet_data2	0	0
10:20:34.686	rmnet_data1	1488	1792
10:20:34.686	rmnet_data0	2703	4489
10:20:34.686	wlan0	21152419	13972969
10:20:35.726	rmnet_ipa0	19288	22584
10:20:35.726	rmnet_data2	0	0
10:20:35.726	rmnet_data1	1488	1792
10:20:35.726	rmnet_data0	2703	4489
10:20:35.726	wlan0	21152419	13972969
10:20:36.771	rmnet_ipa0	19288	22584
10:20:36.771	rmnet_data2	0	0
10:20:36.771	rmnet_data1	1488	1792
10:20:36.771	rmnet_data0	2703	4489
10:20:36.771	wlan0	21152419	13972969
10:20:37.811	rmnet_ipa0	19288	22584
10:20:37.811	rmnet_data2	0	0
10:20:37.811	rmnet_data1	1488	1792
10:20:37.811	rmnet_data0	2703	4489
10:20:37.811	wlan0	21152419	13972969
10:20:38.849	rmnet_ipa0	19288	22584
10:20:38.849	rmnet_data2	0	0
10:20:38.849	rmnet_data1	1488	1792
10:20:38.849	rmnet_data0	2703	4489
10:20:38.849	wlan0	21152419	13972969
10:20:39.889	rmnet_ipa0	19288	22584
10:20:39.889	rmnet_data2	0	0
10:20:39.889	rmnet_data1	1488	1792
10:20:39.889	rmnet_data0	2703	4489
10:20:39.889	wlan0	21152419	13972969
10:20:40.932	rmnet_ipa0	19288	22584
10:20:40.932	rmnet_data2	0	0
10:20:40.932	rmnet_data1	1488	1792
10:20:40.932	rmnet_data0	2703	4489
10:20:40.932	wlan0	21152419	13972969
10:20:41.970	rmnet_ipa0	19288	22584
10:20:41.970	rmnet_data2	0	0
10:20:41.970	rmnet_data1	1488	1792
10:20:41.970	rmnet_data0	2703	4489
10:20:41.970	wlan0	21152419	13972969
10:20:43.012	rmnet_ipa0	19288	22584
10:20:43.012	rmnet_data2	0	0
10:20:43.012	rmnet_data1	1488	1792
10:20:43.012	rmnet_data0	2703	4489
10:20:43.012	wlan0	21152419	13973035
10:20:44.052	rmnet_ipa0	19288	22584
10:20:44.052	rmnet_data2	0	0
10:20:44.052	rmnet_data1	1488	1792
10:20:44.052	rmnet_data0	2703	4489
10:20:44.052	wlan0	21152471	13973035
10:20:45.095	rmnet_ipa0	19288	22584
10:20:45.095	rmnet_data2	0	0
10:20:45.095	rmnet_data1	1488	1792
10:20:45.095	rmnet_data0	2703	4489
10:20:45.095	wlan0	21152471	13973035
10:20:46.136	rmnet_ipa0	19288	22584
10:20:46.136	rmnet_data2	0	0
10:20:46.136	rmnet_data1	1488	1792
10:20:46.136	rmnet_data0	2703	4489
10:20:46.136	wlan0	21152471	13973035
10:20:47.185	rmnet_ipa0	19288	22584
10:20:47.185	rmnet_data2	0	0
10:20:47.185	rmnet_data1	1488	1792
10:20:47.185	rmnet_data0	2703	4489
10:20:47.185	wlan0	21152471	13973035
10:20:48.228	rmnet_ipa0	19288	22584
10:20:48.228	rmnet_data2	0	0
10:20:48.228	rmnet_data1	1488	1792
10:20:48.228	rmnet_data0	2703	4489
10:20:48.228	wlan0	21152547	13973199
10:20:49.271	rmnet_ipa0	19288	22584
10:20:49.271	rmnet_data2	0	0
10:20:49.271	rmnet_data1	1488	1792
10:20:49.271	rmnet_data0	2703	4489
10:20:49.271	wlan0	21152547	13973199
10:20:50.313	rmnet_ipa0	19288	22584
10:20:50.313	rmnet_data2	0	0
10:20:50.313	rmnet_data1	1488	1792
10:20:50.313	rmnet_data0	2703	4489
10:20:50.313	wlan0	21152547	13973199
10:20:51.356	rmnet_ipa0	19288	22584
10:20:51.356	rmnet_data2	0	0
10:20:51.356	rmnet_data1	1488	1792
10:20:51.356	rmnet_data0	2703	4489
10:20:51.356	wlan0	21152611	13973297
10:20:52.397	rmnet_ipa0	19288	22584
10:20:52.397	rmnet_data2	0	0
10:20:52.397	rmnet_data1	1488	1792
10:20:52.397	rmnet_data0	2703	4489
10:20:52.397	wlan0	21152611	13973297
10:20:53.442	rmnet_ipa0	19288	22584
10:20:53.442	rmnet_data2	0	0
10:20:53.442	rmnet_data1	1488	1792
10:20:53.442	rmnet_data0	2703	4489
10:20:53.442	wlan0	21152611	13973405
10:20:54.486	rmnet_ipa0	19288	22584
10:20:54.486	rmnet_data2	0	0
10:20:54.486	rmnet_data1	1488	1792
10:20:54.486	rmnet_data0	2703	4489
10:20:54.486	wlan0	21152691	13973550
10:20:55.525	rmnet_ipa0	19288	22584
10:20:55.525	rmnet_data2	0	0
10:20:55.525	rmnet_data1	1488	1792
10:20:55.525	rmnet_data0	2703	4489
10:20:55.525	wlan0	21152784	13973616
10:20:56.572	rmnet_ipa0	19288	22584
10:20:56.572	rmnet_data2	0	0
10:20:56.572	rmnet_data1	1488	1792
10:20:56.572	rmnet_data0	2703	4489
10:20:56.572	wlan0	21152784	13973616
10:20:57.615	rmnet_ipa0	19288	22584
10:20:57.615	rmnet_data2	0	0
10:20:57.615	rmnet_data1	1488	1792
10:20:57.615	rmnet_data0	2703	4489
10:20:57.615	wlan0	21152784	13973616
10:20:58.654	rmnet_ipa0	19288	22584
10:20:58.654	rmnet_data2	0	0
10:20:58.654	rmnet_data1	1488	1792
10:20:58.654	rmnet_data0	2703	4489
10:20:58.654	wlan0	21152784	13973616
10:20:59.695	rmnet_ipa0	19288	22584
10:20:59.695	rmnet_data2	0	0
10:20:59.695	rmnet_data1	1488	1792
10:20:59.695	rmnet_data0	2703	4489
10:20:59.695	wlan0	21152784	13973616
10:21:00.738	rmnet_ipa0	19288	22584
10:21:00.738	rmnet_data2	0	0
10:21:00.738	rmnet_data1	1488	1792
10:21:00.738	rmnet_data0	2703	4489
10:21:00.738	wlan0	21152784	13973616
10:21:01.784	rmnet_ipa0	19288	22584
10:21:01.784	rmnet_data2	0	0
10:21:01.784	rmnet_data1	1488	1792
10:21:01.784	rmnet_data0	2703	4489
10:21:01.784	wlan0	21152784	13973616
10:21:02.822	rmnet_ipa0	19288	22584
10:21:02.822	rmnet_data2	0	0
10:21:02.822	rmnet_data1	1488	1792
10:21:02.822	rmnet_data0	2703	4489
10:21:02.822	wlan0	21152784	13973616
10:21:03.860	rmnet_ipa0	19288	22584
10:21:03.860	rmnet_data2	0	0
10:21:03.860	rmnet_data1	1488	1792
10:21:03.860	rmnet_data0	2703	4489
10:21:03.860	wlan0	21152784	13973682
10:21:04.906	rmnet_ipa0	19288	22584
10:21:04.906	rmnet_data2	0	0
10:21:04.906	rmnet_data1	1488	1792
10:21:04.906	rmnet_data0	2703	4489
10:21:04.906	wlan0	21152836	13973682
10:21:05.945	rmnet_ipa0	19288	22584
10:21:05.945	rmnet_data2	0	0
10:21:05.945	rmnet_data1	1488	1792
10:21:05.945	rmnet_data0	2703	4489
10:21:05.945	wlan0	21152836	13973682
10:21:06.987	rmnet_ipa0	19288	22584
10:21:06.987	rmnet_data2	0	0
10:21:06.987	rmnet_data1	1488	1792
10:21:06.987	rmnet_data0	2703	4489
10:21:06.987	wlan0	21152979	13973909
10:21:08.028	rmnet_ipa0	19288	22584
10:21:08.028	rmnet_data2	0	0
10:21:08.028	rmnet_data1	1488	1792
10:21:08.028	rmnet_data0	2703	4489
10:21:08.028	wlan0	21152979	13973909
10:21:09.069	rmnet_ipa0	19288	22584
10:21:09.069	rmnet_data2	0	0
10:21:09.069	rmnet_data1	1488	1792
10:21:09.069	rmnet_data0	2703	4489
10:21:09.069	wlan0	21152979	13973909
10:21:10.112	rmnet_ipa0	19288	22584
10:21:10.112	rmnet_data2	0	0
10:21:10.112	rmnet_data1	1488	1792
10:21:10.112	rmnet_data0	2703	4489
10:21:10.112	wlan0	21152979	13973909
10:21:11.154	rmnet_ipa0	19288	22584
10:21:11.154	rmnet_data2	0	0
10:21:11.154	rmnet_data1	1488	1792
10:21:11.154	rmnet_data0	2703	4489
10:21:11.154	wlan0	21152979	13973909
10:21:12.201	rmnet_ipa0	19288	22584
10:21:12.201	rmnet_data2	0	0
10:21:12.201	rmnet_data1	1488	1792
10:21:12.201	rmnet_data0	2703	4489
10:21:12.201	wlan0	21152979	13973909
10:21:13.242	rmnet_ipa0	19288	22584
10:21:13.242	rmnet_data2	0	0
10:21:13.242	rmnet_data1	1488	1792
10:21:13.242	rmnet_data0	2703	4489
10:21:13.242	wlan0	21152979	13973909
10:21:14.283	rmnet_ipa0	19288	22584
10:21:14.283	rmnet_data2	0	0
10:21:14.283	rmnet_data1	1488	1792
10:21:14.283	rmnet_data0	2703	4489
10:21:14.283	wlan0	21152979	13973909
10:21:15.317	rmnet_ipa0	19288	22584
10:21:15.317	rmnet_data2	0	0
10:21:15.317	rmnet_data1	1488	1792
10:21:15.317	rmnet_data0	2703	4489
10:21:15.317	wlan0	21152979	13973909
10:21:16.358	rmnet_ipa0	19288	22584
10:21:16.358	rmnet_data2	0	0
10:21:16.358	rmnet_data1	1488	1792
10:21:16.358	rmnet_data0	2703	4489
10:21:16.358	wlan0	21152979	13973909
10:21:17.398	rmnet_ipa0	19288	22584
10:21:17.398	rmnet_data2	0	0
10:21:17.398	rmnet_data1	1488	1792
10:21:17.398	rmnet_data0	2703	4489
10:21:17.398	wlan0	21152979	13973975
10:21:18.440	rmnet_ipa0	19288	22584
10:21:18.440	rmnet_data2	0	0
10:21:18.440	rmnet_data1	1488	1792
10:21:18.440	rmnet_data0	2703	4489
10:21:18.440	wlan0	21153031	13973975
10:21:19.480	rmnet_ipa0	19288	22584
10:21:19.480	rmnet_data2	0	0
10:21:19.480	rmnet_data1	1488	1792
10:21:19.480	rmnet_data0	2703	4489
10:21:19.480	wlan0	21153095	13974210
10:21:20.525	rmnet_ipa0	19288	22584
10:21:20.525	rmnet_data2	0	0
10:21:20.525	rmnet_data1	1488	1792
10:21:20.525	rmnet_data0	2703	4489
10:21:20.525	wlan0	21153241	13974276
10:21:21.565	rmnet_ipa0	19288	22584
10:21:21.565	rmnet_data2	0	0
10:21:21.565	rmnet_data1	1488	1792
10:21:21.565	rmnet_data0	2703	4489
10:21:21.565	wlan0	21153241	13974276
10:21:22.611	rmnet_ipa0	19288	22584
10:21:22.611	rmnet_data2	0	0
10:21:22.611	rmnet_data1	1488	1792
10:21:22.611	rmnet_data0	2703	4489
10:21:22.611	wlan0	21153241	13974276
10:21:23.652	rmnet_ipa0	19288	22584
10:21:23.652	rmnet_data2	0	0
10:21:23.652	rmnet_data1	1488	1792
10:21:23.652	rmnet_data0	2703	4489
10:21:23.652	wlan0	21153241	13974276
10:21:24.692	rmnet_ipa0	19288	22584
10:21:24.692	rmnet_data2	0	0
10:21:24.692	rmnet_data1	1488	1792
10:21:24.692	rmnet_data0	2703	4489
10:21:24.692	wlan0	21153241	13974379
10:21:25.731	rmnet_ipa0	19288	22584
10:21:25.731	rmnet_data2	0	0
10:21:25.731	rmnet_data1	1488	1792
10:21:25.731	rmnet_data0	2703	4489
10:21:25.731	wlan0	21153334	13974445
10:21:26.770	rmnet_ipa0	19288	22584
10:21:26.770	rmnet_data2	0	0
10:21:26.770	rmnet_data1	1488	1792
10:21:26.770	rmnet_data0	2703	4489
10:21:26.770	wlan0	21153334	13974487
10:21:27.806	rmnet_ipa0	19288	22584
10:21:27.806	rmnet_data2	0	0
10:21:27.806	rmnet_data1	1488	1792
10:21:27.806	rmnet_data0	2703	4489
10:21:27.806	wlan0	21153390	13974571
10:21:28.844	rmnet_ipa0	19288	22584
10:21:28.844	rmnet_data2	0	0
10:21:28.844	rmnet_data1	1488	1792
10:21:28.844	rmnet_data0	2703	4489
10:21:28.844	wlan0	21153390	13974746
10:21:29.881	rmnet_ipa0	19288	22584
10:21:29.881	rmnet_data2	0	0
10:21:29.881	rmnet_data1	1488	1792
10:21:29.881	rmnet_data0	2703	4489
10:21:29.881	wlan0	21153593	13977460
10:21:30.921	rmnet_ipa0	19288	22584
10:21:30.921	rmnet_data2	0	0
10:21:30.921	rmnet_data1	1488	1792
10:21:30.921	rmnet_data0	2703	4489
10:21:30.921	wlan0	21155381	13980156
10:21:31.962	rmnet_ipa0	19288	22584
10:21:31.962	rmnet_data2	0	0
10:21:31.962	rmnet_data1	1488	1792
10:21:31.962	rmnet_data0	2703	4489
10:21:31.962	wlan0	21157095	13988239
10:21:33.000	rmnet_ipa0	19288	22584
10:21:33.000	rmnet_data2	0	0
10:21:33.000	rmnet_data1	1488	1792
10:21:33.000	rmnet_data0	2703	4489
10:21:33.000	wlan0	21158640	13988624
10:21:34.043	rmnet_ipa0	19288	22584
10:21:34.043	rmnet_data2	0	0
10:21:34.043	rmnet_data1	1488	1792
10:21:34.043	rmnet_data0	2703	4489
10:21:34.043	wlan0	21160056	13989413
10:21:35.082	rmnet_ipa0	19288	22584
10:21:35.082	rmnet_data2	0	0
10:21:35.082	rmnet_data1	1488	1792
10:21:35.082	rmnet_data0	2703	4489
10:21:35.082	wlan0	21164648	13989819
10:21:36.126	rmnet_ipa0	19288	22584
10:21:36.126	rmnet_data2	0	0
10:21:36.126	rmnet_data1	1488	1792
10:21:36.126	rmnet_data0	2703	4489
10:21:36.126	wlan0	21166792	13996603
10:21:37.168	rmnet_ipa0	19288	22584
10:21:37.168	rmnet_data2	0	0
10:21:37.168	rmnet_data1	1488	1792
10:21:37.168	rmnet_data0	2703	4489
10:21:37.168	wlan0	21167415	14001903
10:21:38.208	rmnet_ipa0	19288	22584
10:21:38.208	rmnet_data2	0	0
10:21:38.208	rmnet_data1	1488	1792
10:21:38.208	rmnet_data0	2703	4489
10:21:38.208	wlan0	21167909	14003654
10:21:39.249	rmnet_ipa0	19288	22584
10:21:39.249	rmnet_data2	0	0
10:21:39.249	rmnet_data1	1488	1792
10:21:39.249	rmnet_data0	2703	4489
10:21:39.249	wlan0	21174381	14005455
10:21:40.291	rmnet_ipa0	19288	22584
10:21:40.291	rmnet_data2	0	0
10:21:40.291	rmnet_data1	1488	1792
10:21:40.291	rmnet_data0	2703	4489
10:21:40.291	wlan0	21177689	14005954
10:21:41.332	rmnet_ipa0	19288	22584
10:21:41.332	rmnet_data2	0	0
10:21:41.332	rmnet_data1	1488	1792
10:21:41.332	rmnet_data0	2703	4489
10:21:41.332	wlan0	21177689	14006020
10:21:42.371	rmnet_ipa0	19288	22584
10:21:42.371	rmnet_data2	0	0
10:21:42.371	rmnet_data1	1488	1792
10:21:42.371	rmnet_data0	2703	4489
10:21:42.371	wlan0	21177741	14006020
10:21:43.411	rmnet_ipa0	19288	22584
10:21:43.411	rmnet_data2	0	0
10:21:43.411	rmnet_data1	1488	1792
10:21:43.411	rmnet_data0	2703	4489
10:21:43.411	wlan0	21177741	14006020
10:21:44.453	rmnet_ipa0	19288	22584
10:21:44.453	rmnet_data2	0	0
10:21:44.453	rmnet_data1	1488	1792
10:21:44.453	rmnet_data0	2703	4489
10:21:44.453	wlan0	21177741	14006020
10:21:45.495	rmnet_ipa0	19288	22584
10:21:45.495	rmnet_data2	0	0
10:21:45.495	rmnet_data1	1488	1792
10:21:45.495	rmnet_data0	2703	4489
10:21:45.495	wlan0	21177741	14006020
10:21:46.538	rmnet_ipa0	19288	22584
10:21:46.538	rmnet_data2	0	0
10:21:46.538	rmnet_data1	1488	1792
10:21:46.538	rmnet_data0	2703	4489
10:21:46.538	wlan0	21177741	14006020
10:21:47.579	rmnet_ipa0	19288	22584
10:21:47.579	rmnet_data2	0	0
10:21:47.579	rmnet_data1	1488	1792
10:21:47.579	rmnet_data0	2703	4489
10:21:47.579	wlan0	21177741	14006020
10:21:48.624	rmnet_ipa0	19288	22584
10:21:48.624	rmnet_data2	0	0
10:21:48.624	rmnet_data1	1488	1792
10:21:48.624	rmnet_data0	2703	4489
10:21:48.624	wlan0	21177741	14006020
10:21:49.666	rmnet_ipa0	19288	22584
10:21:49.666	rmnet_data2	0	0
10:21:49.666	rmnet_data1	1488	1792
10:21:49.666	rmnet_data0	2703	4489
10:21:49.666	wlan0	21177741	14006020
10:21:50.709	rmnet_ipa0	19288	22584
10:21:50.709	rmnet_data2	0	0
10:21:50.709	rmnet_data1	1488	1792
10:21:50.709	rmnet_data0	2703	4489
10:21:50.709	wlan0	21177741	14006020
10:21:51.754	rmnet_ipa0	19288	22584
10:21:51.754	rmnet_data2	0	0
10:21:51.754	rmnet_data1	1488	1792
10:21:51.754	rmnet_data0	2703	4489
10:21:51.754	wlan0	21177741	14006086
10:21:52.794	rmnet_ipa0	19288	22584
10:21:52.794	rmnet_data2	0	0
10:21:52.794	rmnet_data1	1488	1792
10:21:52.794	rmnet_data0	2703	4489
10:21:52.794	wlan0	21177741	14006086
10:21:53.839	rmnet_ipa0	19288	22584
10:21:53.839	rmnet_data2	0	0
10:21:53.839	rmnet_data1	1488	1792
10:21:53.839	rmnet_data0	2703	4489
10:21:53.839	wlan0	21177741	14006086
10:21:54.877	rmnet_ipa0	19288	22584
10:21:54.877	rmnet_data2	0	0
10:21:54.877	rmnet_data1	1488	1792
10:21:54.877	rmnet_data0	2703	4489
10:21:54.877	wlan0	21177741	14006086
10:21:55.916	rmnet_ipa0	19288	22584
10:21:55.916	rmnet_data2	0	0
10:21:55.916	rmnet_data1	1488	1792
10:21:55.916	rmnet_data0	2703	4489
10:21:55.916	wlan0	21177741	14006189
10:21:56.958	rmnet_ipa0	19288	22584
10:21:56.958	rmnet_data2	0	0
10:21:56.958	rmnet_data1	1488	1792
10:21:56.958	rmnet_data0	2703	4489
10:21:56.958	wlan0	21177834	14006255
10:21:58.000	rmnet_ipa0	19288	22584
10:21:58.000	rmnet_data2	0	0
10:21:58.000	rmnet_data1	1488	1792
10:21:58.000	rmnet_data0	2703	4489
10:21:58.000	wlan0	21177834	14006255
10:21:59.044	rmnet_ipa0	19288	22584
10:21:59.044	rmnet_data2	0	0
10:21:59.044	rmnet_data1	1488	1792
10:21:59.044	rmnet_data0	2703	4489
10:21:59.044	wlan0	21177834	14006255
10:22:00.084	rmnet_ipa0	19288	22584
10:22:00.084	rmnet_data2	0	0
10:22:00.084	rmnet_data1	1488	1792
10:22:00.084	rmnet_data0	2703	4489
10:22:00.084	wlan0	21177834	14006255
10:22:01.125	rmnet_ipa0	19288	22584
10:22:01.125	rmnet_data2	0	0
10:22:01.125	rmnet_data1	1488	1792
10:22:01.125	rmnet_data0	2703	4489
10:22:01.125	wlan0	21178029	14006387
10:22:02.169	rmnet_ipa0	19288	22584
10:22:02.169	rmnet_data2	0	0
10:22:02.169	rmnet_data1	1488	1792
10:22:02.169	rmnet_data0	2703	4489
10:22:02.169	wlan0	21178081	14006453
10:22:03.211	rmnet_ipa0	19288	22584
10:22:03.211	rmnet_data2	0	0
10:22:03.211	rmnet_data1	1488	1792
10:22:03.211	rmnet_data0	2703	4489
10:22:03.211	wlan0	21178081	14006453
10:22:04.257	rmnet_ipa0	19288	22584
10:22:04.257	rmnet_data2	0	0
10:22:04.257	rmnet_data1	1488	1792
10:22:04.257	rmnet_data0	2703	4489
10:22:04.257	wlan0	21178081	14006453
10:22:05.300	rmnet_ipa0	19288	22584
10:22:05.300	rmnet_data2	0	0
10:22:05.300	rmnet_data1	1488	1792
10:22:05.300	rmnet_data0	2703	4489
10:22:05.300	wlan0	21178081	14006453
10:22:06.342	rmnet_ipa0	19288	22584
10:22:06.342	rmnet_data2	0	0
10:22:06.342	rmnet_data1	1488	1792
10:22:06.342	rmnet_data0	2703	4489
10:22:06.342	wlan0	21178081	14006453
10:22:07.390	rmnet_ipa0	19288	22584
10:22:07.390	rmnet_data2	0	0
10:22:07.390	rmnet_data1	1488	1792
10:22:07.390	rmnet_data0	2703	4489
10:22:07.390	wlan0	21178081	14006453
10:22:08.428	rmnet_ipa0	19288	22584
10:22:08.428	rmnet_data2	0	0
10:22:08.428	rmnet_data1	1488	1792
10:22:08.428	rmnet_data0	2703	4489
10:22:08.428	wlan0	21178081	14006453
10:22:09.475	rmnet_ipa0	19288	22584
10:22:09.475	rmnet_data2	0	0
10:22:09.475	rmnet_data1	1488	1792
10:22:09.475	rmnet_data0	2703	4489
10:22:09.475	wlan0	21178081	14006453
10:22:10.515	rmnet_ipa0	19288	22584
10:22:10.515	rmnet_data2	0	0
10:22:10.515	rmnet_data1	1488	1792
10:22:10.515	rmnet_data0	2703	4489
10:22:10.515	wlan0	21178081	14006453
10:22:11.555	rmnet_ipa0	19288	22584
10:22:11.555	rmnet_data2	0	0
10:22:11.555	rmnet_data1	1488	1792
10:22:11.555	rmnet_data0	2703	4489
10:22:11.555	wlan0	21178081	14006453
10:22:12.597	rmnet_ipa0	19288	22584
10:22:12.597	rmnet_data2	0	0
10:22:12.597	rmnet_data1	1488	1792
10:22:12.597	rmnet_data0	2703	4489
10:22:12.597	wlan0	21178081	14006519
10:22:13.635	rmnet_ipa0	19288	22584
10:22:13.635	rmnet_data2	0	0
10:22:13.635	rmnet_data1	1488	1792
10:22:13.635	rmnet_data0	2703	4489
10:22:13.635	wlan0	21178133	14006519
10:22:14.676	rmnet_ipa0	19288	22584
10:22:14.676	rmnet_data2	0	0
10:22:14.676	rmnet_data1	1488	1792
10:22:14.676	rmnet_data0	2703	4489
10:22:14.676	wlan0	21178133	14006519
10:22:15.716	rmnet_ipa0	19288	22584
10:22:15.716	rmnet_data2	0	0
10:22:15.716	rmnet_data1	1488	1792
10:22:15.716	rmnet_data0	2703	4489
10:22:15.716	wlan0	21178133	14006519
10:22:16.755	rmnet_ipa0	19288	22584
10:22:16.755	rmnet_data2	0	0
10:22:16.755	rmnet_data1	1488	1792
10:22:16.755	rmnet_data0	2703	4489
10:22:16.755	wlan0	21178133	14006519
10:22:17.799	rmnet_ipa0	19288	22584
10:22:17.799	rmnet_data2	0	0
10:22:17.799	rmnet_data1	1488	1792
10:22:17.799	rmnet_data0	2703	4489
10:22:17.799	wlan0	21178133	14006519
10:22:18.839	rmnet_ipa0	19288	22584
10:22:18.839	rmnet_data2	0	0
10:22:18.839	rmnet_data1	1488	1792
10:22:18.839	rmnet_data0	2703	4489
10:22:18.839	wlan0	21178133	14006519
10:22:19.880	rmnet_ipa0	19288	22584
10:22:19.880	rmnet_data2	0	0
10:22:19.880	rmnet_data1	1488	1792
10:22:19.880	rmnet_data0	2703	4489
10:22:19.880	wlan0	21178133	14006519
10:22:20.920	rmnet_ipa0	19288	22584
10:22:20.920	rmnet_data2	0	0
10:22:20.920	rmnet_data1	1488	1792
10:22:20.920	rmnet_data0	2703	4489
10:22:20.920	wlan0	21178133	14006519
10:22:21.958	rmnet_ipa0	19288	22584
10:22:21.958	rmnet_data2	0	0
10:22:21.958	rmnet_data1	1488	1792
10:22:21.958	rmnet_data0	2703	4489
10:22:21.958	wlan0	21178133	14006519
10:22:23.000	rmnet_ipa0	19288	22584
10:22:23.000	rmnet_data2	0	0
10:22:23.000	rmnet_data1	1488	1792
10:22:23.000	rmnet_data0	2703	4489
10:22:23.000	wlan0	21178133	14006585
10:22:24.039	rmnet_ipa0	19288	22584
10:22:24.039	rmnet_data2	0	0
10:22:24.039	rmnet_data1	1488	1792
10:22:24.039	rmnet_data0	2703	4489
10:22:24.039	wlan0	21178185	14006585
10:22:25.077	rmnet_ipa0	19288	22584
10:22:25.077	rmnet_data2	0	0
10:22:25.077	rmnet_data1	1488	1792
10:22:25.077	rmnet_data0	2703	4489
10:22:25.077	wlan0	21178185	14006585
10:22:26.114	rmnet_ipa0	19288	22584
10:22:26.114	rmnet_data2	0	0
10:22:26.114	rmnet_data1	1488	1792
10:22:26.114	rmnet_data0	2703	4489
10:22:26.114	wlan0	21178185	14006688
10:22:27.149	rmnet_ipa0	19288	22584
10:22:27.149	rmnet_data2	0	0
10:22:27.149	rmnet_data1	1488	1792
10:22:27.149	rmnet_data0	2703	4489
10:22:27.149	wlan0	21178278	14006796
10:22:28.188	rmnet_ipa0	19288	22584
10:22:28.188	rmnet_data2	0	0
10:22:28.188	rmnet_data1	1488	1792
10:22:28.188	rmnet_data0	2703	4489
10:22:28.188	wlan0	21178334	14006880
10:22:29.225	rmnet_ipa0	19288	22584
10:22:29.225	rmnet_data2	0	0
10:22:29.225	rmnet_data1	1488	1792
10:22:29.225	rmnet_data0	2703	4489
10:22:29.225	wlan0	21178334	14006954
10:22:30.262	rmnet_ipa0	19288	22584
10:22:30.262	rmnet_data2	0	0
10:22:30.262	rmnet_data1	1488	1792
10:22:30.262	rmnet_data0	2703	4489
10:22:30.262	wlan0	21178374	14006954
10:22:31.303	rmnet_ipa0	19288	22584
10:22:31.303	rmnet_data2	0	0
10:22:31.303	rmnet_data1	1488	1792
10:22:31.303	rmnet_data0	2703	4489
10:22:31.303	wlan0	21178374	14006954
10:22:32.340	rmnet_ipa0	19288	22584
10:22:32.340	rmnet_data2	0	0
10:22:32.340	rmnet_data1	1488	1792
10:22:32.340	rmnet_data0	2703	4489
10:22:32.340	wlan0	21178374	14006954
10:22:33.380	rmnet_ipa0	19288	22584
10:22:33.380	rmnet_data2	0	0
10:22:33.380	rmnet_data1	1488	1792
10:22:33.380	rmnet_data0	2703	4489
10:22:33.380	wlan0	21178374	14007020
10:22:34.417	rmnet_ipa0	19288	22584
10:22:34.417	rmnet_data2	0	0
10:22:34.417	rmnet_data1	1488	1792
10:22:34.417	rmnet_data0	2703	4489
10:22:34.417	wlan0	21178426	14007020
10:22:35.460	rmnet_ipa0	19288	22584
10:22:35.460	rmnet_data2	0	0
10:22:35.460	rmnet_data1	1488	1792
10:22:35.460	rmnet_data0	2703	4489
10:22:35.460	wlan0	21178426	14007020
10:22:36.501	rmnet_ipa0	19288	22584
10:22:36.501	rmnet_data2	0	0
10:22:36.501	rmnet_data1	1488	1792
10:22:36.501	rmnet_data0	2703	4489
10:22:36.501	wlan0	21178426	14007020
10:22:37.538	rmnet_ipa0	19288	22584
10:22:37.538	rmnet_data2	0	0
10:22:37.538	rmnet_data1	1488	1792
10:22:37.538	rmnet_data0	2703	4489
10:22:37.538	wlan0	21178426	14007020
10:22:38.581	rmnet_ipa0	19288	22584
10:22:38.581	rmnet_data2	0	0
10:22:38.581	rmnet_data1	1488	1792
10:22:38.581	rmnet_data0	2703	4489
10:22:38.581	wlan0	21178426	14007020
10:22:39.622	rmnet_ipa0	19288	22584
10:22:39.622	rmnet_data2	0	0
10:22:39.622	rmnet_data1	1488	1792
10:22:39.622	rmnet_data0	2703	4489
10:22:39.622	wlan0	21178426	14007020
10:22:40.664	rmnet_ipa0	19288	22584
10:22:40.664	rmnet_data2	0	0
10:22:40.664	rmnet_data1	1488	1792
10:22:40.664	rmnet_data0	2703	4489
10:22:40.664	wlan0	21178426	14007020
10:22:41.708	rmnet_ipa0	19288	22584
10:22:41.708	rmnet_data2	0	0
10:22:41.708	rmnet_data1	1488	1792
10:22:41.708	rmnet_data0	2703	4489
10:22:41.708	wlan0	21178426	14007020
10:22:42.747	rmnet_ipa0	19288	22584
10:22:42.747	rmnet_data2	0	0
10:22:42.747	rmnet_data1	1488	1792
10:22:42.747	rmnet_data0	2703	4489
10:22:42.747	wlan0	21178426	14007020
10:22:43.782	rmnet_ipa0	19288	22584
10:22:43.782	rmnet_data2	0	0
10:22:43.782	rmnet_data1	1488	1792
10:22:43.782	rmnet_data0	2703	4489
10:22:43.782	wlan0	21178426	14007086
10:22:44.824	rmnet_ipa0	19288	22584
10:22:44.824	rmnet_data2	0	0
10:22:44.824	rmnet_data1	1488	1792
10:22:44.824	rmnet_data0	2703	4489
10:22:44.824	wlan0	21178478	14007086
10:22:45.861	rmnet_ipa0	19288	22584
10:22:45.861	rmnet_data2	0	0
10:22:45.861	rmnet_data1	1488	1792
10:22:45.861	rmnet_data0	2703	4489
10:22:45.861	wlan0	21178478	14007086
10:22:46.899	rmnet_ipa0	19288	22584
10:22:46.899	rmnet_data2	0	0
10:22:46.899	rmnet_data1	1488	1792
10:22:46.899	rmnet_data0	2703	4489
10:22:46.899	wlan0	21178478	14007086
10:22:47.941	rmnet_ipa0	19288	22584
10:22:47.941	rmnet_data2	0	0
10:22:47.941	rmnet_data1	1488	1792
10:22:47.941	rmnet_data0	2703	4489
10:22:47.941	wlan0	21178478	14007086
10:22:48.979	rmnet_ipa0	19288	22584
10:22:48.979	rmnet_data2	0	0
10:22:48.979	rmnet_data1	1488	1792
10:22:48.979	rmnet_data0	2703	4489
10:22:48.979	wlan0	21178478	14007086
10:22:50.022	rmnet_ipa0	19288	22584
10:22:50.022	rmnet_data2	0	0
10:22:50.022	rmnet_data1	1488	1792
10:22:50.022	rmnet_data0	2703	4489
10:22:50.022	wlan0	21178478	14007086
10:22:51.060	rmnet_ipa0	19288	22584
10:22:51.060	rmnet_data2	0	0
10:22:51.060	rmnet_data1	1488	1792
10:22:51.060	rmnet_data0	2703	4489
10:22:51.060	wlan0	21178478	14007086
10:22:52.098	rmnet_ipa0	19288	22584
10:22:52.098	rmnet_data2	0	0
10:22:52.098	rmnet_data1	1488	1792
10:22:52.098	rmnet_data0	2703	4489
10:22:52.098	wlan0	21178478	14007086
10:22:53.140	rmnet_ipa0	19288	22584
10:22:53.140	rmnet_data2	0	0
10:22:53.140	rmnet_data1	1488	1792
10:22:53.140	rmnet_data0	2703	4489
10:22:53.140	wlan0	21178478	14007086
10:22:54.177	rmnet_ipa0	19288	22584
10:22:54.177	rmnet_data2	0	0
10:22:54.177	rmnet_data1	1488	1792
10:22:54.177	rmnet_data0	2703	4489
10:22:54.177	wlan0	21178478	14007086
10:22:55.214	rmnet_ipa0	19288	22584
10:22:55.214	rmnet_data2	0	0
10:22:55.214	rmnet_data1	1488	1792
10:22:55.214	rmnet_data0	2703	4489
10:22:55.214	wlan0	21178530	14007152
10:22:56.249	rmnet_ipa0	19288	22584
10:22:56.249	rmnet_data2	0	0
10:22:56.249	rmnet_data1	1488	1792
10:22:56.249	rmnet_data0	2703	4489
10:22:56.249	wlan0	21178530	14007152
10:22:57.288	rmnet_ipa0	19288	22584
10:22:57.288	rmnet_data2	0	0
10:22:57.288	rmnet_data1	1488	1792
10:22:57.288	rmnet_data0	2703	4489
10:22:57.288	wlan0	21178623	14007321
10:22:58.323	rmnet_ipa0	19288	22584
10:22:58.323	rmnet_data2	0	0
10:22:58.323	rmnet_data1	1488	1792
10:22:58.323	rmnet_data0	2703	4489
10:22:58.323	wlan0	21178623	14007321
10:22:59.362	rmnet_ipa0	19288	22584
10:22:59.362	rmnet_data2	0	0
10:22:59.362	rmnet_data1	1488	1792
10:22:59.362	rmnet_data0	2703	4489
10:22:59.362	wlan0	21178623	14007321
10:23:00.401	rmnet_ipa0	19288	22584
10:23:00.401	rmnet_data2	0	0
10:23:00.401	rmnet_data1	1488	1792
10:23:00.401	rmnet_data0	2703	4489
10:23:00.401	wlan0	21178623	14007321
10:23:01.442	rmnet_ipa0	19288	22584
10:23:01.442	rmnet_data2	0	0
10:23:01.442	rmnet_data1	1488	1792
10:23:01.442	rmnet_data0	2703	4489
10:23:01.442	wlan0	21178623	14007321
10:23:02.482	rmnet_ipa0	19288	22584
10:23:02.482	rmnet_data2	0	0
10:23:02.482	rmnet_data1	1488	1792
10:23:02.482	rmnet_data0	2703	4489
10:23:02.482	wlan0	21178623	14007321
10:23:03.518	rmnet_ipa0	19288	22584
10:23:03.518	rmnet_data2	0	0
10:23:03.518	rmnet_data1	1488	1792
10:23:03.518	rmnet_data0	2703	4489
10:23:03.518	wlan0	21178623	14007321
10:23:04.561	rmnet_ipa0	19288	22584
10:23:04.561	rmnet_data2	0	0
10:23:04.561	rmnet_data1	1488	1792
10:23:04.561	rmnet_data0	2703	4489
10:23:04.561	wlan0	21178623	14007321
10:23:05.597	rmnet_ipa0	19288	22584
10:23:05.597	rmnet_data2	0	0
10:23:05.597	rmnet_data1	1488	1792
10:23:05.597	rmnet_data0	2703	4489
10:23:05.597	wlan0	21178675	14007387
10:23:06.637	rmnet_ipa0	19288	22584
10:23:06.637	rmnet_data2	0	0
10:23:06.637	rmnet_data1	1488	1792
10:23:06.637	rmnet_data0	2703	4489
10:23:06.637	wlan0	21178675	14007387
10:23:07.671	rmnet_ipa0	19288	22584
10:23:07.671	rmnet_data2	0	0
10:23:07.671	rmnet_data1	1488	1792
10:23:07.671	rmnet_data0	2703	4489
10:23:07.671	wlan0	21178675	14007387
10:23:08.705	rmnet_ipa0	19288	22584
10:23:08.705	rmnet_data2	0	0
10:23:08.705	rmnet_data1	1488	1792
10:23:08.705	rmnet_data0	2703	4489
10:23:08.705	wlan0	21178675	14007387
10:23:09.745	rmnet_ipa0	19288	22584
10:23:09.745	rmnet_data2	0	0
10:23:09.745	rmnet_data1	1488	1792
10:23:09.745	rmnet_data0	2703	4489
10:23:09.745	wlan0	21178675	14007387
10:23:10.782	rmnet_ipa0	19288	22584
10:23:10.782	rmnet_data2	0	0
10:23:10.782	rmnet_data1	1488	1792
10:23:10.782	rmnet_data0	2703	4489
10:23:10.782	wlan0	21178675	14007387
10:23:11.819	rmnet_ipa0	19288	22584
10:23:11.819	rmnet_data2	0	0
10:23:11.819	rmnet_data1	1488	1792
10:23:11.819	rmnet_data0	2703	4489
10:23:11.819	wlan0	21178675	14007387
10:23:12.855	rmnet_ipa0	19288	22584
10:23:12.855	rmnet_data2	0	0
10:23:12.855	rmnet_data1	1488	1792
10:23:12.855	rmnet_data0	2703	4489
10:23:12.855	wlan0	21178675	14007387
10:23:13.893	rmnet_ipa0	19288	22584
10:23:13.893	rmnet_data2	0	0
10:23:13.893	rmnet_data1	1488	1792
10:23:13.893	rmnet_data0	2703	4489
10:23:13.893	wlan0	21178675	14007387
10:23:14.930	rmnet_ipa0	19288	22584
10:23:14.930	rmnet_data2	0	0
10:23:14.930	rmnet_data1	1488	1792
10:23:14.930	rmnet_data0	2703	4489
10:23:14.930	wlan0	21178675	14007387
10:23:15.972	rmnet_ipa0	19288	22584
10:23:15.972	rmnet_data2	0	0
10:23:15.972	rmnet_data1	1488	1792
10:23:15.972	rmnet_data0	2703	4489
10:23:15.972	wlan0	21178727	14007453
10:23:17.009	rmnet_ipa0	19288	22584
10:23:17.009	rmnet_data2	0	0
10:23:17.009	rmnet_data1	1488	1792
10:23:17.009	rmnet_data0	2703	4489
10:23:17.009	wlan0	21178727	14007453
10:23:18.046	rmnet_ipa0	19288	22584
10:23:18.046	rmnet_data2	0	0
10:23:18.046	rmnet_data1	1488	1792
10:23:18.046	rmnet_data0	2703	4489
10:23:18.046	wlan0	21178727	14007453
10:23:19.085	rmnet_ipa0	19288	22584
10:23:19.085	rmnet_data2	0	0
10:23:19.085	rmnet_data1	1488	1792
10:23:19.085	rmnet_data0	2703	4489
10:23:19.085	wlan0	21178727	14007453
10:23:20.122	rmnet_ipa0	19288	22584
10:23:20.122	rmnet_data2	0	0
10:23:20.122	rmnet_data1	1488	1792
10:23:20.122	rmnet_data0	2703	4489
10:23:20.122	wlan0	21178727	14007453
10:23:21.160	rmnet_ipa0	19288	22584
10:23:21.160	rmnet_data2	0	0
10:23:21.160	rmnet_data1	1488	1792
10:23:21.160	rmnet_data0	2703	4489
10:23:21.160	wlan0	21178755	14007495
10:23:22.198	rmnet_ipa0	19288	22584
10:23:22.198	rmnet_data2	0	0
10:23:22.198	rmnet_data1	1488	1792
10:23:22.198	rmnet_data0	2703	4489
10:23:22.198	wlan0	21178755	14007495
10:23:23.235	rmnet_ipa0	19288	22584
10:23:23.235	rmnet_data2	0	0
10:23:23.235	rmnet_data1	1488	1792
10:23:23.235	rmnet_data0	2703	4489
10:23:23.235	wlan0	21178755	14007495
10:23:24.276	rmnet_ipa0	19288	22584
10:23:24.276	rmnet_data2	0	0
10:23:24.276	rmnet_data1	1488	1792
10:23:24.276	rmnet_data0	2703	4489
10:23:24.276	wlan0	21178755	14007495
10:23:25.312	rmnet_ipa0	19288	22584
10:23:25.312	rmnet_data2	0	0
10:23:25.312	rmnet_data1	1488	1792
10:23:25.312	rmnet_data0	2703	4489
10:23:25.312	wlan0	21178755	14007495
10:23:26.350	rmnet_ipa0	19288	22584
10:23:26.350	rmnet_data2	0	0
10:23:26.350	rmnet_data1	1488	1792
10:23:26.350	rmnet_data0	2703	4489
10:23:26.350	wlan0	21178755	14007561
10:23:27.389	rmnet_ipa0	19288	22584
10:23:27.389	rmnet_data2	0	0
10:23:27.389	rmnet_data1	1488	1792
10:23:27.389	rmnet_data0	2703	4489
10:23:27.389	wlan0	21178835	14007748
10:23:28.426	rmnet_ipa0	19288	22584
10:23:28.426	rmnet_data2	0	0
10:23:28.426	rmnet_data1	1488	1792
10:23:28.426	rmnet_data0	2703	4489
10:23:28.426	wlan0	21178984	14007856
10:23:29.464	rmnet_ipa0	19288	22584
10:23:29.464	rmnet_data2	0	0
10:23:29.464	rmnet_data1	1488	1792
10:23:29.464	rmnet_data0	2703	4489
10:23:29.464	wlan0	21178984	14007856
10:23:30.501	rmnet_ipa0	19288	22584
10:23:30.501	rmnet_data2	0	0
10:23:30.501	rmnet_data1	1488	1792
10:23:30.501	rmnet_data0	2703	4489
10:23:30.501	wlan0	21178984	14007856
10:23:31.540	rmnet_ipa0	19288	22584
10:23:31.540	rmnet_data2	0	0
10:23:31.540	rmnet_data1	1488	1792
10:23:31.540	rmnet_data0	2703	4489
10:23:31.540	wlan0	21178984	14007856
10:23:32.581	rmnet_ipa0	19288	22584
10:23:32.581	rmnet_data2	0	0
10:23:32.581	rmnet_data1	1488	1792
10:23:32.581	rmnet_data0	2703	4489
10:23:32.581	wlan0	21178984	14007856
10:23:33.619	rmnet_ipa0	19288	22584
10:23:33.619	rmnet_data2	0	0
10:23:33.619	rmnet_data1	1488	1792
10:23:33.619	rmnet_data0	2703	4489
10:23:33.619	wlan0	21178984	14007856
10:23:34.659	rmnet_ipa0	19288	22584
10:23:34.659	rmnet_data2	0	0
10:23:34.659	rmnet_data1	1488	1792
10:23:34.659	rmnet_data0	2703	4489
10:23:34.659	wlan0	21178984	14007856
10:23:35.703	rmnet_ipa0	19288	22584
10:23:35.703	rmnet_data2	0	0
10:23:35.703	rmnet_data1	1488	1792
10:23:35.703	rmnet_data0	2703	4489
10:23:35.703	wlan0	21178984	14007856
10:23:36.741	rmnet_ipa0	19288	22584
10:23:36.741	rmnet_data2	0	0
10:23:36.741	rmnet_data1	1488	1792
10:23:36.741	rmnet_data0	2703	4489
10:23:36.741	wlan0	21178984	14007922
10:23:37.784	rmnet_ipa0	19288	22584
10:23:37.784	rmnet_data2	0	0
10:23:37.784	rmnet_data1	1488	1792
10:23:37.784	rmnet_data0	2703	4489
10:23:37.784	wlan0	21179036	14007922
10:23:38.823	rmnet_ipa0	19288	22584
10:23:38.823	rmnet_data2	0	0
10:23:38.823	rmnet_data1	1488	1792
10:23:38.823	rmnet_data0	2703	4489
10:23:38.823	wlan0	21179036	14007922
10:23:39.860	rmnet_ipa0	19288	22584
10:23:39.860	rmnet_data2	0	0
10:23:39.860	rmnet_data1	1488	1792
10:23:39.860	rmnet_data0	2703	4489
10:23:39.860	wlan0	21179129	14007988
10:23:40.902	rmnet_ipa0	19288	22584
10:23:40.902	rmnet_data2	0	0
10:23:40.902	rmnet_data1	1488	1792
10:23:40.902	rmnet_data0	2703	4489
10:23:40.902	wlan0	21179129	14007988
10:23:41.940	rmnet_ipa0	19288	22584
10:23:41.940	rmnet_data2	0	0
10:23:41.940	rmnet_data1	1488	1792
10:23:41.940	rmnet_data0	2703	4489
10:23:41.940	wlan0	21179129	14007988
10:23:42.979	rmnet_ipa0	19288	22584
10:23:42.979	rmnet_data2	0	0
10:23:42.979	rmnet_data1	1488	1792
10:23:42.979	rmnet_data0	2703	4489
10:23:42.979	wlan0	21179319	14008910
10:23:44.016	rmnet_ipa0	19288	22584
10:23:44.016	rmnet_data2	0	0
10:23:44.016	rmnet_data1	1488	1792
10:23:44.016	rmnet_data0	2703	4489
10:23:44.016	wlan0	21179319	14008910
10:23:45.056	rmnet_ipa0	19288	22584
10:23:45.056	rmnet_data2	0	0
10:23:45.056	rmnet_data1	1488	1792
10:23:45.056	rmnet_data0	2703	4489
10:23:45.056	wlan0	21179319	14008910
10:23:46.092	rmnet_ipa0	19288	22584
10:23:46.092	rmnet_data2	0	0
10:23:46.092	rmnet_data1	1488	1792
10:23:46.092	rmnet_data0	2703	4489
10:23:46.092	wlan0	21179319	14008910
10:23:47.130	rmnet_ipa0	19288	22584
10:23:47.130	rmnet_data2	0	0
10:23:47.130	rmnet_data1	1488	1792
10:23:47.130	rmnet_data0	2703	4489
10:23:47.130	wlan0	21179319	14008910
10:23:48.167	rmnet_ipa0	19288	22584
10:23:48.167	rmnet_data2	0	0
10:23:48.167	rmnet_data1	1488	1792
10:23:48.167	rmnet_data0	2703	4489
10:23:48.167	wlan0	21179319	14008910
10:23:49.209	rmnet_ipa0	19288	22584
10:23:49.209	rmnet_data2	0	0
10:23:49.209	rmnet_data1	1488	1792
10:23:49.209	rmnet_data0	2703	4489
10:23:49.209	wlan0	21179319	14008910
10:23:50.248	rmnet_ipa0	19288	22584
10:23:50.248	rmnet_data2	0	0
10:23:50.248	rmnet_data1	1488	1792
10:23:50.248	rmnet_data0	2703	4489
10:23:50.248	wlan0	21179319	14008910
10:23:51.284	rmnet_ipa0	19288	22584
10:23:51.284	rmnet_data2	0	0
10:23:51.284	rmnet_data1	1488	1792
10:23:51.284	rmnet_data0	2703	4489
10:23:51.284	wlan0	21179319	14008910
10:23:52.326	rmnet_ipa0	19288	22584
10:23:52.326	rmnet_data2	0	0
10:23:52.326	rmnet_data1	1488	1792
10:23:52.326	rmnet_data0	2703	4489
10:23:52.326	wlan0	21179319	14008910
10:23:53.365	rmnet_ipa0	19288	22584
10:23:53.365	rmnet_data2	0	0
10:23:53.365	rmnet_data1	1488	1792
10:23:53.365	rmnet_data0	2703	4489
10:23:53.365	wlan0	21179371	14008976
10:23:54.405	rmnet_ipa0	19288	22584
10:23:54.405	rmnet_data2	0	0
10:23:54.405	rmnet_data1	1488	1792
10:23:54.405	rmnet_data0	2703	4489
10:23:54.405	wlan0	21179371	14008976
10:23:55.443	rmnet_ipa0	19288	22584
10:23:55.443	rmnet_data2	0	0
10:23:55.443	rmnet_data1	1488	1792
10:23:55.443	rmnet_data0	2703	4489
10:23:55.443	wlan0	21179371	14008976
10:23:56.481	rmnet_ipa0	19288	22584
10:23:56.481	rmnet_data2	0	0
10:23:56.481	rmnet_data1	1488	1792
10:23:56.481	rmnet_data0	2703	4489
10:23:56.481	wlan0	21179371	14008976
10:23:57.518	rmnet_ipa0	19288	22584
10:23:57.518	rmnet_data2	0	0
10:23:57.518	rmnet_data1	1488	1792
10:23:57.518	rmnet_data0	2703	4489
10:23:57.518	wlan0	21179371	14008976
10:23:58.557	rmnet_ipa0	19288	22584
10:23:58.557	rmnet_data2	0	0
10:23:58.557	rmnet_data1	1488	1792
10:23:58.557	rmnet_data0	2703	4489
10:23:58.557	wlan0	21179464	14009145
10:23:59.599	rmnet_ipa0	19288	22584
10:23:59.599	rmnet_data2	0	0
10:23:59.599	rmnet_data1	1488	1792
10:23:59.599	rmnet_data0	2703	4489
10:23:59.599	wlan0	21179464	14009145
10:24:00.641	rmnet_ipa0	19288	22584
10:24:00.641	rmnet_data2	0	0
10:24:00.641	rmnet_data1	1488	1792
10:24:00.641	rmnet_data0	2703	4489
10:24:00.641	wlan0	21179464	14009145
10:24:01.686	rmnet_ipa0	19288	22584
10:24:01.686	rmnet_data2	0	0
10:24:01.686	rmnet_data1	1488	1792
10:24:01.686	rmnet_data0	2703	4489
10:24:01.686	wlan0	21179464	14009145
10:24:03.328	rmnet_ipa0	19288	22584
10:24:03.328	rmnet_data2	0	0
10:24:03.328	rmnet_data1	1488	1792
10:24:03.328	rmnet_data0	2703	4489
10:24:03.328	wlan0	21179464	14009145
10:24:04.370	rmnet_ipa0	19288	22584
10:24:04.370	rmnet_data2	0	0
10:24:04.370	rmnet_data1	1488	1792
10:24:04.370	rmnet_data0	2703	4489
10:24:04.370	wlan0	21179516	14009211
10:24:05.409	rmnet_ipa0	19288	22584
10:24:05.409	rmnet_data2	0	0
10:24:05.409	rmnet_data1	1488	1792
10:24:05.409	rmnet_data0	2703	4489
10:24:05.409	wlan0	21179516	14009211
10:24:06.449	rmnet_ipa0	19288	22584
10:24:06.449	rmnet_data2	0	0
10:24:06.449	rmnet_data1	1488	1792
10:24:06.449	rmnet_data0	2703	4489
10:24:06.449	wlan0	21179516	14009211
10:24:07.610	rmnet_ipa0	19288	22584
10:24:07.610	rmnet_data2	0	0
10:24:07.610	rmnet_data1	1488	1792
10:24:07.610	rmnet_data0	2703	4489
10:24:07.610	wlan0	21179516	14009211
10:24:08.648	rmnet_ipa0	19288	22584
10:24:08.648	rmnet_data2	0	0
10:24:08.648	rmnet_data1	1488	1792
10:24:08.648	rmnet_data0	2703	4489
10:24:08.648	wlan0	21179516	14009211
10:24:09.685	rmnet_ipa0	19288	22584
10:24:09.685	rmnet_data2	0	0
10:24:09.685	rmnet_data1	1488	1792
10:24:09.685	rmnet_data0	2703	4489
10:24:09.685	wlan0	21179516	14009211
10:24:10.723	rmnet_ipa0	19288	22584
10:24:10.723	rmnet_data2	0	0
10:24:10.723	rmnet_data1	1488	1792
10:24:10.723	rmnet_data0	2703	4489
10:24:10.723	wlan0	21179516	14009211
10:24:11.764	rmnet_ipa0	19288	22584
10:24:11.764	rmnet_data2	0	0
10:24:11.764	rmnet_data1	1488	1792
10:24:11.764	rmnet_data0	2703	4489
10:24:11.764	wlan0	21179516	14009211
10:24:12.800	rmnet_ipa0	19288	22584
10:24:12.800	rmnet_data2	0	0
10:24:12.800	rmnet_data1	1488	1792
10:24:12.800	rmnet_data0	2703	4489
10:24:12.800	wlan0	21179516	14009211
10:24:13.842	rmnet_ipa0	19288	22584
10:24:13.842	rmnet_data2	0	0
10:24:13.842	rmnet_data1	1488	1792
10:24:13.842	rmnet_data0	2703	4489
10:24:13.842	wlan0	21179516	14009211
10:24:14.881	rmnet_ipa0	19288	22584
10:24:14.881	rmnet_data2	0	0
10:24:14.881	rmnet_data1	1488	1792
10:24:14.881	rmnet_data0	2703	4489
10:24:14.881	wlan0	21179568	14009277
10:24:15.920	rmnet_ipa0	19288	22584
10:24:15.920	rmnet_data2	0	0
10:24:15.920	rmnet_data1	1488	1792
10:24:15.920	rmnet_data0	2703	4489
10:24:15.920	wlan0	21179568	14009277
10:24:16.953	rmnet_ipa0	19288	22584
10:24:16.953	rmnet_data2	0	0
10:24:16.953	rmnet_data1	1488	1792
10:24:16.953	rmnet_data0	2703	4489
10:24:16.953	wlan0	21179568	14009277
10:24:17.991	rmnet_ipa0	19288	22584
10:24:17.991	rmnet_data2	0	0
10:24:17.991	rmnet_data1	1488	1792
10:24:17.991	rmnet_data0	2703	4489
10:24:17.991	wlan0	21179568	14009277
10:24:19.030	rmnet_ipa0	19288	22584
10:24:19.030	rmnet_data2	0	0
10:24:19.030	rmnet_data1	1488	1792
10:24:19.030	rmnet_data0	2703	4489
10:24:19.030	wlan0	21179568	14009277
10:24:20.073	rmnet_ipa0	19288	22584
10:24:20.073	rmnet_data2	0	0
10:24:20.073	rmnet_data1	1488	1792
10:24:20.073	rmnet_data0	2703	4489
10:24:20.073	wlan0	21179568	14009277
10:24:21.452	rmnet_ipa0	19288	22584
10:24:21.452	rmnet_data2	0	0
10:24:21.452	rmnet_data1	1488	1792
10:24:21.452	rmnet_data0	2703	4489
10:24:21.452	wlan0	21179568	14009277
10:24:22.493	rmnet_ipa0	19288	22584
10:24:22.493	rmnet_data2	0	0
10:24:22.493	rmnet_data1	1488	1792
10:24:22.493	rmnet_data0	2703	4489
10:24:22.493	wlan0	21179568	14009277
10:24:23.533	rmnet_ipa0	19288	22584
10:24:23.533	rmnet_data2	0	0
10:24:23.533	rmnet_data1	1488	1792
10:24:23.533	rmnet_data0	2703	4489
10:24:23.533	wlan0	21179568	14009277
10:24:24.574	rmnet_ipa0	19288	22584
10:24:24.574	rmnet_data2	0	0
10:24:24.574	rmnet_data1	1488	1792
10:24:24.574	rmnet_data0	2703	4489
10:24:24.574	wlan0	21179568	14009277
10:24:25.616	rmnet_ipa0	19288	22584
10:24:25.616	rmnet_data2	0	0
10:24:25.616	rmnet_data1	1488	1792
10:24:25.616	rmnet_data0	2703	4489
10:24:25.616	wlan0	21179620	14009343
10:24:26.653	rmnet_ipa0	19288	22584
10:24:26.653	rmnet_data2	0	0
10:24:26.653	rmnet_data1	1488	1792
10:24:26.653	rmnet_data0	2703	4489
10:24:26.653	wlan0	21179620	14009343
10:24:27.688	rmnet_ipa0	19288	22584
10:24:27.688	rmnet_data2	0	0
10:24:27.688	rmnet_data1	1488	1792
10:24:27.688	rmnet_data0	2703	4489
10:24:27.688	wlan0	21179648	14009427
10:24:28.731	rmnet_ipa0	19288	22584
10:24:28.731	rmnet_data2	0	0
10:24:28.731	rmnet_data1	1488	1792
10:24:28.731	rmnet_data0	2703	4489
10:24:28.731	wlan0	21179704	14009572
10:24:29.773	rmnet_ipa0	19288	22584
10:24:29.773	rmnet_data2	0	0
10:24:29.773	rmnet_data1	1488	1792
10:24:29.773	rmnet_data0	2703	4489
10:24:29.773	wlan0	21179797	14009638
10:24:30.814	rmnet_ipa0	19288	22584
10:24:30.814	rmnet_data2	0	0
10:24:30.814	rmnet_data1	1488	1792
10:24:30.814	rmnet_data0	2703	4489
10:24:30.814	wlan0	21179797	14009638
10:24:31.852	rmnet_ipa0	19288	22584
10:24:31.852	rmnet_data2	0	0
10:24:31.852	rmnet_data1	1488	1792
10:24:31.852	rmnet_data0	2703	4489
10:24:31.852	wlan0	21179797	14009638
10:24:32.891	rmnet_ipa0	19288	22584
10:24:32.891	rmnet_data2	0	0
10:24:32.891	rmnet_data1	1488	1792
10:24:32.891	rmnet_data0	2703	4489
10:24:32.891	wlan0	21179797	14009638
10:24:35.402	rmnet_ipa0	19288	22584
10:24:35.402	rmnet_data2	0	0
10:24:35.402	rmnet_data1	1488	1792
10:24:35.402	rmnet_data0	2703	4489
10:24:35.402	wlan0	21179797	14009704
10:24:37.425	rmnet_ipa0	19288	22584
10:24:37.425	rmnet_data2	0	0
10:24:37.425	rmnet_data1	1488	1792
10:24:37.425	rmnet_data0	2703	4489
10:24:37.425	wlan0	21179797	14009704
10:24:38.463	rmnet_ipa0	19288	22584
10:24:38.463	rmnet_data2	0	0
10:24:38.463	rmnet_data1	1488	1792
10:24:38.463	rmnet_data0	2703	4489
10:24:38.463	wlan0	21179797	14009704
10:24:39.510	rmnet_ipa0	19288	22584
10:24:39.510	rmnet_data2	0	0
10:24:39.510	rmnet_data1	1488	1792
10:24:39.510	rmnet_data0	2703	4489
10:24:39.510	wlan0	21179797	14009704
10:24:40.548	rmnet_ipa0	19288	22584
10:24:40.548	rmnet_data2	0	0
10:24:40.548	rmnet_data1	1488	1792
10:24:40.548	rmnet_data0	2703	4489
10:24:40.548	wlan0	21179797	14009704
10:24:41.585	rmnet_ipa0	19288	22584
10:24:41.585	rmnet_data2	0	0
10:24:41.585	rmnet_data1	1488	1792
10:24:41.585	rmnet_data0	2703	4489
10:24:41.585	wlan0	21179797	14009704
10:24:42.622	rmnet_ipa0	19288	22584
10:24:42.622	rmnet_data2	0	0
10:24:42.622	rmnet_data1	1488	1792
10:24:42.622	rmnet_data0	2703	4489
10:24:42.622	wlan0	21179797	14009704
10:24:43.658	rmnet_ipa0	19288	22584
10:24:43.658	rmnet_data2	0	0
10:24:43.658	rmnet_data1	1488	1792
10:24:43.658	rmnet_data0	2703	4489
10:24:43.658	wlan0	21179797	14009704
10:24:44.698	rmnet_ipa0	19288	22584
10:24:44.698	rmnet_data2	0	0
10:24:44.698	rmnet_data1	1488	1792
10:24:44.698	rmnet_data0	2703	4489
10:24:44.698	wlan0	21179797	14009783
10:24:45.732	rmnet_ipa0	19288	22584
10:24:45.732	rmnet_data2	0	0
10:24:45.732	rmnet_data1	1488	1792
10:24:45.732	rmnet_data0	2703	4489
10:24:45.732	wlan0	21179990	14012555
10:24:46.771	rmnet_ipa0	19288	22584
10:24:46.771	rmnet_data2	0	0
10:24:46.771	rmnet_data1	1488	1792
10:24:46.771	rmnet_data0	2703	4489
10:24:46.771	wlan0	21180180	14015139
10:24:47.809	rmnet_ipa0	19288	22584
10:24:47.809	rmnet_data2	0	0
10:24:47.809	rmnet_data1	1488	1792
10:24:47.809	rmnet_data0	2703	4489
10:24:47.809	wlan0	21185449	14017469
10:24:48.846	rmnet_ipa0	19288	22584
10:24:48.846	rmnet_data2	0	0
10:24:48.846	rmnet_data1	1488	1792
10:24:48.846	rmnet_data0	2703	4489
10:24:48.846	wlan0	21185598	14017543
10:24:49.884	rmnet_ipa0	19288	22584
10:24:49.884	rmnet_data2	0	0
10:24:49.884	rmnet_data1	1488	1792
10:24:49.884	rmnet_data0	2703	4489
10:24:49.884	wlan0	21185598	14018433
10:24:50.923	rmnet_ipa0	19288	22584
10:24:50.923	rmnet_data2	0	0
10:24:50.923	rmnet_data1	1488	1792
10:24:50.923	rmnet_data0	2703	4489
10:24:50.923	wlan0	21186271	14021289
10:24:51.962	rmnet_ipa0	19288	22584
10:24:51.962	rmnet_data2	0	0
10:24:51.962	rmnet_data1	1488	1792
10:24:51.962	rmnet_data0	2703	4489
10:24:51.962	wlan0	21186339	14023873
10:24:53.007	rmnet_ipa0	19288	22584
10:24:53.007	rmnet_data2	0	0
10:24:53.007	rmnet_data1	1488	1792
10:24:53.007	rmnet_data0	2703	4489
10:24:53.007	wlan0	21190271	14033849
10:24:54.049	rmnet_ipa0	19288	22584
10:24:54.049	rmnet_data2	0	0
10:24:54.049	rmnet_data1	1488	1792
10:24:54.049	rmnet_data0	2703	4489
10:24:54.049	wlan0	21190704	14034071
10:24:55.092	rmnet_ipa0	19288	22584
10:24:55.092	rmnet_data2	0	0
10:24:55.092	rmnet_data1	1488	1792
10:24:55.092	rmnet_data0	2703	4489
10:24:55.092	wlan0	21191245	14036856
10:24:56.132	rmnet_ipa0	19288	22584
10:24:56.132	rmnet_data2	0	0
10:24:56.132	rmnet_data1	1488	1792
10:24:56.132	rmnet_data0	2703	4489
10:24:56.132	wlan0	21191365	14039506
10:24:57.170	rmnet_ipa0	19288	22584
10:24:57.170	rmnet_data2	0	0
10:24:57.170	rmnet_data1	1488	1792
10:24:57.170	rmnet_data0	2703	4489
10:24:57.170	wlan0	21191487	14039506
10:24:58.213	rmnet_ipa0	19288	22584
10:24:58.213	rmnet_data2	0	0
10:24:58.213	rmnet_data1	1488	1792
10:24:58.213	rmnet_data0	2703	4489
10:24:58.213	wlan0	21196702	14041993
10:24:59.255	rmnet_ipa0	19288	22584
10:24:59.255	rmnet_data2	0	0
10:24:59.255	rmnet_data1	1488	1792
10:24:59.255	rmnet_data0	2703	4489
10:24:59.255	wlan0	21197433	14044768
10:25:00.296	rmnet_ipa0	19288	22584
10:25:00.296	rmnet_data2	0	0
10:25:00.296	rmnet_data1	1488	1792
10:25:00.296	rmnet_data0	2703	4489
10:25:00.296	wlan0	21197965	14047853
10:25:01.338	rmnet_ipa0	19288	22584
10:25:01.338	rmnet_data2	0	0
10:25:01.338	rmnet_data1	1488	1792
10:25:01.338	rmnet_data0	2703	4489
10:25:01.338	wlan0	21198564	14048005
10:25:02.378	rmnet_ipa0	19288	22584
10:25:02.378	rmnet_data2	0	0
10:25:02.378	rmnet_data1	1488	1792
10:25:02.378	rmnet_data0	2703	4489
10:25:02.378	wlan0	21198632	14052003
10:25:03.418	rmnet_ipa0	19288	22584
10:25:03.418	rmnet_data2	0	0
10:25:03.418	rmnet_data1	1488	1792
10:25:03.418	rmnet_data0	2703	4489
10:25:03.418	wlan0	21198753	14054659
10:25:04.459	rmnet_ipa0	19288	22584
10:25:04.459	rmnet_data2	0	0
10:25:04.459	rmnet_data1	1488	1792
10:25:04.459	rmnet_data0	2703	4489
10:25:04.459	wlan0	21204034	14060110
10:25:05.503	rmnet_ipa0	19288	22584
10:25:05.503	rmnet_data2	0	0
10:25:05.503	rmnet_data1	1488	1792
10:25:05.503	rmnet_data0	2703	4489
10:25:05.503	wlan0	21205571	14060945
10:25:06.546	rmnet_ipa0	19288	22584
10:25:06.546	rmnet_data2	0	0
10:25:06.546	rmnet_data1	1488	1792
10:25:06.546	rmnet_data0	2703	4489
10:25:06.546	wlan0	21205571	14061011
10:25:07.587	rmnet_ipa0	19288	22584
10:25:07.587	rmnet_data2	0	0
10:25:07.587	rmnet_data1	1488	1792
10:25:07.587	rmnet_data0	2703	4489
10:25:07.587	wlan0	21205712	14061830
10:25:08.631	rmnet_ipa0	19288	22584
10:25:08.631	rmnet_data2	0	0
10:25:08.631	rmnet_data1	1488	1792
10:25:08.631	rmnet_data0	2703	4489
10:25:08.631	wlan0	21206399	14064442
10:25:09.672	rmnet_ipa0	19288	22584
10:25:09.672	rmnet_data2	0	0
10:25:09.672	rmnet_data1	1488	1792
10:25:09.672	rmnet_data0	2703	4489
10:25:09.672	wlan0	21206766	14064683
10:25:10.714	rmnet_ipa0	19288	22584
10:25:10.714	rmnet_data2	0	0
10:25:10.714	rmnet_data1	1488	1792
10:25:10.714	rmnet_data0	2703	4489
10:25:10.714	wlan0	21207294	14079379
10:25:11.763	rmnet_ipa0	19288	22584
10:25:11.763	rmnet_data2	0	0
10:25:11.763	rmnet_data1	1488	1792
10:25:11.763	rmnet_data0	2703	4489
10:25:11.763	wlan0	21210108	14086877
10:25:12.802	rmnet_ipa0	19288	22584
10:25:12.802	rmnet_data2	0	0
10:25:12.802	rmnet_data1	1488	1792
10:25:12.802	rmnet_data0	2703	4489
10:25:12.802	wlan0	21216510	14097862
10:25:13.848	rmnet_ipa0	19288	22584
10:25:13.848	rmnet_data2	0	0
10:25:13.848	rmnet_data1	1488	1792
10:25:13.848	rmnet_data0	2703	4489
10:25:13.848	wlan0	21223072	14099984
10:25:14.888	rmnet_ipa0	19288	22584
10:25:14.888	rmnet_data2	0	0
10:25:14.888	rmnet_data1	1488	1792
10:25:14.888	rmnet_data0	2703	4489
10:25:14.888	wlan0	21228923	14101091
10:25:15.929	rmnet_ipa0	19288	22584
10:25:15.929	rmnet_data2	0	0
10:25:15.929	rmnet_data1	1488	1792
10:25:15.929	rmnet_data0	2703	4489
10:25:15.929	wlan0	21234973	14105619
10:25:16.967	rmnet_ipa0	19288	22584
10:25:16.967	rmnet_data2	0	0
10:25:16.967	rmnet_data1	1488	1792
10:25:16.967	rmnet_data0	2703	4489
10:25:16.967	wlan0	21241235	14110539
10:25:17.993	rmnet_ipa0	19288	22584
10:25:17.993	rmnet_data2	0	0
10:25:17.993	rmnet_data1	1488	1792
10:25:17.993	rmnet_data0	2703	4489
10:25:17.993	wlan0	21241361	14114977
10:25:19.031	rmnet_ipa0	19288	22584
10:25:19.031	rmnet_data2	0	0
10:25:19.031	rmnet_data1	1488	1792
10:25:19.031	rmnet_data0	2703	4489
10:25:19.031	wlan0	21248926	14121560
10:25:20.058	rmnet_ipa0	19288	22584
10:25:20.058	rmnet_data2	0	0
10:25:20.058	rmnet_data1	1488	1792
10:25:20.058	rmnet_data0	2703	4489
10:25:20.058	wlan0	21255481	14122375
10:25:21.088	rmnet_ipa0	19288	22584
10:25:21.088	rmnet_data2	0	0
10:25:21.088	rmnet_data1	1488	1792
10:25:21.088	rmnet_data0	2703	4489
10:25:21.088	wlan0	21261185	14123441
10:25:22.126	rmnet_ipa0	19288	22584
10:25:22.126	rmnet_data2	0	0
10:25:22.126	rmnet_data1	1488	1792
10:25:22.126	rmnet_data0	2703	4489
10:25:22.126	wlan0	21262730	14123781
10:25:23.162	rmnet_ipa0	19288	22584
10:25:23.162	rmnet_data2	0	0
10:25:23.162	rmnet_data1	1488	1792
10:25:23.162	rmnet_data0	2703	4489
10:25:23.162	wlan0	21262730	14123853
10:25:24.201	rmnet_ipa0	19288	22584
10:25:24.201	rmnet_data2	0	0
10:25:24.201	rmnet_data1	1488	1792
10:25:24.201	rmnet_data0	2703	4489
10:25:24.201	wlan0	21262782	14125319
10:25:25.245	rmnet_ipa0	19288	22584
10:25:25.245	rmnet_data2	0	0
10:25:25.245	rmnet_data1	1488	1792
10:25:25.245	rmnet_data0	2703	4489
10:25:25.245	wlan0	21264679	14126309
10:25:26.270	rmnet_ipa0	19288	22584
10:25:26.270	rmnet_data2	0	0
10:25:26.270	rmnet_data1	1488	1792
10:25:26.270	rmnet_data0	2703	4489
10:25:26.270	wlan0	21269310	14126639
10:25:27.311	rmnet_ipa0	19288	22584
10:25:27.311	rmnet_data2	0	0
10:25:27.311	rmnet_data1	1488	1792
10:25:27.311	rmnet_data0	2703	4489
10:25:27.311	wlan0	21276470	14127083
10:25:28.350	rmnet_ipa0	19288	22584
10:25:28.350	rmnet_data2	0	0
10:25:28.350	rmnet_data1	1488	1792
10:25:28.350	rmnet_data0	2703	4489
10:25:28.350	wlan0	21278861	14140308
10:25:29.373	rmnet_ipa0	19288	22584
10:25:29.373	rmnet_data2	0	0
10:25:29.373	rmnet_data1	1488	1792
10:25:29.373	rmnet_data0	2703	4489
10:25:29.373	wlan0	21284782	14140572
10:25:30.417	rmnet_ipa0	19288	22584
10:25:30.417	rmnet_data2	0	0
10:25:30.417	rmnet_data1	1488	1792
10:25:30.417	rmnet_data0	2703	4489
10:25:30.417	wlan0	21288550	14151448
10:25:31.454	rmnet_ipa0	19288	22584
10:25:31.454	rmnet_data2	0	0
10:25:31.454	rmnet_data1	1488	1792
10:25:31.454	rmnet_data0	2703	4489
10:25:31.454	wlan0	21295572	14160422
10:25:32.501	rmnet_ipa0	19288	22584
10:25:32.501	rmnet_data2	0	0
10:25:32.501	rmnet_data1	1488	1792
10:25:32.501	rmnet_data0	2703	4489
10:25:32.501	wlan0	21302106	14169652
10:25:33.549	rmnet_ipa0	19288	22584
10:25:33.549	rmnet_data2	0	0
10:25:33.549	rmnet_data1	1488	1792
10:25:33.549	rmnet_data0	2703	4489
10:25:33.549	wlan0	21307846	14172652
10:25:34.594	rmnet_ipa0	19288	22584
10:25:34.594	rmnet_data2	0	0
10:25:34.594	rmnet_data1	1488	1792
10:25:34.594	rmnet_data0	2703	4489
10:25:34.594	wlan0	21313577	14178085
10:25:35.636	rmnet_ipa0	19288	22584
10:25:35.636	rmnet_data2	0	0
10:25:35.636	rmnet_data1	1488	1792
10:25:35.636	rmnet_data0	2703	4489
10:25:35.636	wlan0	21320853	14184547
10:25:36.676	rmnet_ipa0	19288	22584
10:25:36.676	rmnet_data2	0	0
10:25:36.676	rmnet_data1	1488	1792
10:25:36.676	rmnet_data0	2703	4489
10:25:36.676	wlan0	21326725	14187577
10:25:37.719	rmnet_ipa0	19288	22584
10:25:37.719	rmnet_data2	0	0
10:25:37.719	rmnet_data1	1488	1792
10:25:37.719	rmnet_data0	2703	4489
10:25:37.719	wlan0	21332887	14192097
10:25:38.762	rmnet_ipa0	19288	22584
10:25:38.762	rmnet_data2	0	0
10:25:38.762	rmnet_data1	1488	1792
10:25:38.762	rmnet_data0	2703	4489
10:25:38.762	wlan0	21338982	14197203
10:25:39.797	rmnet_ipa0	19288	22584
10:25:39.797	rmnet_data2	0	0
10:25:39.797	rmnet_data1	1488	1792
10:25:39.797	rmnet_data0	2703	4489
10:25:39.797	wlan0	21345392	14205037
10:25:40.840	rmnet_ipa0	19288	22584
10:25:40.840	rmnet_data2	0	0
10:25:40.840	rmnet_data1	1488	1792
10:25:40.840	rmnet_data0	2703	4489
10:25:40.840	wlan0	21351793	14210381
10:25:41.880	rmnet_ipa0	19288	22584
10:25:41.880	rmnet_data2	0	0
10:25:41.880	rmnet_data1	1488	1792
10:25:41.880	rmnet_data0	2703	4489
10:25:41.880	wlan0	21358097	14214423
10:25:42.923	rmnet_ipa0	19288	22584
10:25:42.923	rmnet_data2	0	0
10:25:42.923	rmnet_data1	1488	1792
10:25:42.923	rmnet_data0	2703	4489
10:25:42.923	wlan0	21363831	14222301
10:25:43.966	rmnet_ipa0	19288	22584
10:25:43.966	rmnet_data2	0	0
10:25:43.966	rmnet_data1	1488	1792
10:25:43.966	rmnet_data0	2703	4489
10:25:43.966	wlan0	21370345	14232214
10:25:45.011	rmnet_ipa0	19288	22584
10:25:45.011	rmnet_data2	0	0
10:25:45.011	rmnet_data1	1488	1792
10:25:45.011	rmnet_data0	2703	4489
10:25:45.011	wlan0	21376043	14240109
10:25:46.054	rmnet_ipa0	19288	22584
10:25:46.054	rmnet_data2	0	0
10:25:46.054	rmnet_data1	1488	1792
10:25:46.054	rmnet_data0	2703	4489
10:25:46.054	wlan0	21382286	14250221
10:25:47.097	rmnet_ipa0	19288	22584
10:25:47.097	rmnet_data2	0	0
10:25:47.097	rmnet_data1	1488	1792
10:25:47.097	rmnet_data0	2703	4489
10:25:47.097	wlan0	21389152	14259375
10:25:48.138	rmnet_ipa0	19288	22584
10:25:48.138	rmnet_data2	0	0
10:25:48.138	rmnet_data1	1488	1792
10:25:48.138	rmnet_data0	2703	4489
10:25:48.138	wlan0	21395329	14270766
10:25:49.177	rmnet_ipa0	19288	22584
10:25:49.177	rmnet_data2	0	0
10:25:49.177	rmnet_data1	1488	1792
10:25:49.177	rmnet_data0	2703	4489
10:25:49.177	wlan0	21401768	14275731
10:25:50.218	rmnet_ipa0	19288	22584
10:25:50.218	rmnet_data2	0	0
10:25:50.218	rmnet_data1	1488	1792
10:25:50.218	rmnet_data0	2703	4489
10:25:50.218	wlan0	21407513	14280953
10:25:51.257	rmnet_ipa0	19288	22584
10:25:51.257	rmnet_data2	0	0
10:25:51.257	rmnet_data1	1488	1792
10:25:51.257	rmnet_data0	2703	4489
10:25:51.257	wlan0	21413310	14285708
10:25:52.298	rmnet_ipa0	19288	22584
10:25:52.298	rmnet_data2	0	0
10:25:52.298	rmnet_data1	1488	1792
10:25:52.298	rmnet_data0	2703	4489
10:25:52.298	wlan0	21419819	14289790
10:25:53.339	rmnet_ipa0	19288	22584
10:25:53.339	rmnet_data2	0	0
10:25:53.339	rmnet_data1	1488	1792
10:25:53.339	rmnet_data0	2703	4489
10:25:53.339	wlan0	21426247	14292258
10:25:54.381	rmnet_ipa0	19288	22584
10:25:54.381	rmnet_data2	0	0
10:25:54.381	rmnet_data1	1488	1792
10:25:54.381	rmnet_data0	2703	4489
10:25:54.381	wlan0	21432360	14298284
10:25:55.424	rmnet_ipa0	19288	22584
10:25:55.424	rmnet_data2	0	0
10:25:55.424	rmnet_data1	1488	1792
10:25:55.424	rmnet_data0	2703	4489
10:25:55.424	wlan0	21438459	14303027
10:25:56.467	rmnet_ipa0	19288	22584
10:25:56.467	rmnet_data2	0	0
10:25:56.467	rmnet_data1	1488	1792
10:25:56.467	rmnet_data0	2703	4489
10:25:56.467	wlan0	21444510	14308782
10:25:57.506	rmnet_ipa0	19288	22584
10:25:57.506	rmnet_data2	0	0
10:25:57.506	rmnet_data1	1488	1792
10:25:57.506	rmnet_data0	2703	4489
10:25:57.506	wlan0	21450731	14315803
10:25:58.547	rmnet_ipa0	19288	22584
10:25:58.547	rmnet_data2	0	0
10:25:58.547	rmnet_data1	1488	1792
10:25:58.547	rmnet_data0	2703	4489
10:25:58.547	wlan0	21456983	14324127
10:25:59.593	rmnet_ipa0	19288	22584
10:25:59.593	rmnet_data2	0	0
10:25:59.593	rmnet_data1	1488	1792
10:25:59.593	rmnet_data0	2703	4489
10:25:59.593	wlan0	21462636	14332786
10:26:00.633	rmnet_ipa0	19288	22584
10:26:00.633	rmnet_data2	0	0
10:26:00.633	rmnet_data1	1488	1792
10:26:00.633	rmnet_data0	2703	4489
10:26:00.633	wlan0	21468808	14346259
10:26:01.662	rmnet_ipa0	19288	22584
10:26:01.662	rmnet_data2	0	0
10:26:01.662	rmnet_data1	1488	1792
10:26:01.662	rmnet_data0	2703	4489
10:26:01.662	wlan0	21474638	14357978
10:26:02.706	rmnet_ipa0	19288	22584
10:26:02.706	rmnet_data2	0	0
10:26:02.706	rmnet_data1	1488	1792
10:26:02.706	rmnet_data0	2703	4489
10:26:02.706	wlan0	21481485	14366840
10:26:03.742	rmnet_ipa0	19288	22584
10:26:03.742	rmnet_data2	0	0
10:26:03.742	rmnet_data1	1488	1792
10:26:03.742	rmnet_data0	2703	4489
10:26:03.742	wlan0	21487339	14377354
10:26:04.786	rmnet_ipa0	19288	22584
10:26:04.786	rmnet_data2	0	0
10:26:04.786	rmnet_data1	1488	1792
10:26:04.786	rmnet_data0	2703	4489
10:26:04.786	wlan0	21493744	14390044
10:26:05.830	rmnet_ipa0	19288	22584
10:26:05.830	rmnet_data2	0	0
10:26:05.830	rmnet_data1	1488	1792
10:26:05.830	rmnet_data0	2703	4489
10:26:05.830	wlan0	21500070	14397389
10:26:06.875	rmnet_ipa0	19288	22584
10:26:06.875	rmnet_data2	0	0
10:26:06.875	rmnet_data1	1488	1792
10:26:06.875	rmnet_data0	2703	4489
10:26:06.875	wlan0	21506186	14409882
10:26:07.914	rmnet_ipa0	19288	22584
10:26:07.914	rmnet_data2	0	0
10:26:07.914	rmnet_data1	1488	1792
10:26:07.914	rmnet_data0	2703	4489
10:26:07.914	wlan0	21511659	14417616
10:26:08.950	rmnet_ipa0	19288	22584
10:26:08.950	rmnet_data2	0	0
10:26:08.950	rmnet_data1	1488	1792
10:26:08.950	rmnet_data0	2703	4489
10:26:08.950	wlan0	21518675	14428469
10:26:09.996	rmnet_ipa0	19288	22584
10:26:09.996	rmnet_data2	0	0
10:26:09.996	rmnet_data1	1488	1792
10:26:09.996	rmnet_data0	2703	4489
10:26:09.996	wlan0	21524467	14436091
10:26:11.049	rmnet_ipa0	19288	22584
10:26:11.049	rmnet_data2	0	0
10:26:11.049	rmnet_data1	1488	1792
10:26:11.049	rmnet_data0	2703	4489
10:26:11.049	wlan0	21531065	14449325
10:26:12.086	rmnet_ipa0	19288	22584
10:26:12.086	rmnet_data2	0	0
10:26:12.086	rmnet_data1	1488	1792
10:26:12.086	rmnet_data0	2703	4489
10:26:12.086	wlan0	21537390	14456077
10:26:13.128	rmnet_ipa0	19288	22584
10:26:13.128	rmnet_data2	0	0
10:26:13.128	rmnet_data1	1488	1792
10:26:13.128	rmnet_data0	2703	4489
10:26:13.128	wlan0	21543394	14469859
10:26:14.165	rmnet_ipa0	19288	22584
10:26:14.165	rmnet_data2	0	0
10:26:14.165	rmnet_data1	1488	1792
10:26:14.165	rmnet_data0	2703	4489
10:26:14.165	wlan0	21549785	14479119
10:26:15.207	rmnet_ipa0	19288	22584
10:26:15.207	rmnet_data2	0	0
10:26:15.207	rmnet_data1	1488	1792
10:26:15.207	rmnet_data0	2703	4489
10:26:15.207	wlan0	21555854	14492819
10:26:16.247	rmnet_ipa0	19288	22584
10:26:16.247	rmnet_data2	0	0
10:26:16.247	rmnet_data1	1488	1792
10:26:16.247	rmnet_data0	2703	4489
10:26:16.247	wlan0	21561952	14501879
10:26:17.288	rmnet_ipa0	19288	22584
10:26:17.288	rmnet_data2	0	0
10:26:17.288	rmnet_data1	1488	1792
10:26:17.288	rmnet_data0	2703	4489
10:26:17.288	wlan0	21567599	14520023
10:26:18.330	rmnet_ipa0	19288	22584
10:26:18.330	rmnet_data2	0	0
10:26:18.330	rmnet_data1	1488	1792
10:26:18.330	rmnet_data0	2703	4489
10:26:18.330	wlan0	21571643	14531283
10:26:19.371	rmnet_ipa0	19288	22584
10:26:19.371	rmnet_data2	0	0
10:26:19.371	rmnet_data1	1488	1792
10:26:19.371	rmnet_data0	2703	4489
10:26:19.371	wlan0	21576528	14538366
10:26:20.416	rmnet_ipa0	19288	22584
10:26:20.416	rmnet_data2	0	0
10:26:20.416	rmnet_data1	1488	1792
10:26:20.416	rmnet_data0	2703	4489
10:26:20.416	wlan0	21581042	14552361
10:26:21.457	rmnet_ipa0	19288	22584
10:26:21.457	rmnet_data2	0	0
10:26:21.457	rmnet_data1	1488	1792
10:26:21.457	rmnet_data0	2703	4489
10:26:21.457	wlan0	21584295	14557790
10:26:22.499	rmnet_ipa0	19288	22584
10:26:22.499	rmnet_data2	0	0
10:26:22.499	rmnet_data1	1488	1792
10:26:22.499	rmnet_data0	2703	4489
10:26:22.499	wlan0	21587821	14565085
10:26:23.542	rmnet_ipa0	19288	22584
10:26:23.542	rmnet_data2	0	0
10:26:23.542	rmnet_data1	1488	1792
10:26:23.542	rmnet_data0	2703	4489
10:26:23.542	wlan0	21593248	14567215
10:26:24.584	rmnet_ipa0	19288	22584
10:26:24.584	rmnet_data2	0	0
10:26:24.584	rmnet_data1	1488	1792
10:26:24.584	rmnet_data0	2703	4489
10:26:24.584	wlan0	21598081	14570594
10:26:25.626	rmnet_ipa0	19288	22584
10:26:25.626	rmnet_data2	0	0
10:26:25.626	rmnet_data1	1488	1792
10:26:25.626	rmnet_data0	2703	4489
10:26:25.626	wlan0	21602787	14573210
10:26:26.674	rmnet_ipa0	19288	22584
10:26:26.674	rmnet_data2	0	0
10:26:26.674	rmnet_data1	1488	1792
10:26:26.674	rmnet_data0	2703	4489
10:26:26.674	wlan0	21607553	14575883
10:26:27.715	rmnet_ipa0	19288	22584
10:26:27.715	rmnet_data2	0	0
10:26:27.715	rmnet_data1	1488	1792
10:26:27.715	rmnet_data0	2703	4489
10:26:27.715	wlan0	21610096	14580566
10:26:28.770	rmnet_ipa0	19288	22584
10:26:28.770	rmnet_data2	0	0
10:26:28.770	rmnet_data1	1488	1792
10:26:28.770	rmnet_data0	2703	4489
10:26:28.770	wlan0	21614568	14584931
10:26:29.811	rmnet_ipa0	19288	22584
10:26:29.811	rmnet_data2	0	0
10:26:29.811	rmnet_data1	1488	1792
10:26:29.811	rmnet_data0	2703	4489
10:26:29.811	wlan0	21619680	14588352
10:26:30.855	rmnet_ipa0	19288	22584
10:26:30.855	rmnet_data2	0	0
10:26:30.855	rmnet_data1	1488	1792
10:26:30.855	rmnet_data0	2703	4489
10:26:30.855	wlan0	21624191	14593477
10:26:31.897	rmnet_ipa0	19288	22584
10:26:31.897	rmnet_data2	0	0
10:26:31.897	rmnet_data1	1488	1792
10:26:31.897	rmnet_data0	2703	4489
10:26:31.897	wlan0	21629725	14597303
10:26:32.933	rmnet_ipa0	19288	22584
10:26:32.933	rmnet_data2	0	0
10:26:32.933	rmnet_data1	1488	1792
10:26:32.933	rmnet_data0	2703	4489
10:26:32.933	wlan0	21634314	14602431
10:26:33.968	rmnet_ipa0	19288	22584
10:26:33.968	rmnet_data2	0	0
10:26:33.968	rmnet_data1	1488	1792
10:26:33.968	rmnet_data0	2703	4489
10:26:33.968	wlan0	21640605	14605805
10:26:35.013	rmnet_ipa0	19288	22584
10:26:35.013	rmnet_data2	0	0
10:26:35.013	rmnet_data1	1488	1792
10:26:35.013	rmnet_data0	2703	4489
10:26:35.013	wlan0	21644341	14609969
10:26:36.058	rmnet_ipa0	19288	22584
10:26:36.058	rmnet_data2	0	0
10:26:36.058	rmnet_data1	1488	1792
10:26:36.058	rmnet_data0	2703	4489
10:26:36.058	wlan0	21649101	14614680
10:26:37.102	rmnet_ipa0	19288	22584
10:26:37.102	rmnet_data2	0	0
10:26:37.102	rmnet_data1	1488	1792
10:26:37.102	rmnet_data0	2703	4489
10:26:37.102	wlan0	21652429	14618099
10:26:38.147	rmnet_ipa0	19288	22584
10:26:38.147	rmnet_data2	0	0
10:26:38.147	rmnet_data1	1488	1792
10:26:38.147	rmnet_data0	2703	4489
10:26:38.147	wlan0	21658641	14623991
10:26:39.184	rmnet_ipa0	19288	22584
10:26:39.184	rmnet_data2	0	0
10:26:39.184	rmnet_data1	1488	1792
10:26:39.184	rmnet_data0	2703	4489
10:26:39.184	wlan0	21663552	14627037
10:26:40.225	rmnet_ipa0	19288	22584
10:26:40.225	rmnet_data2	0	0
10:26:40.225	rmnet_data1	1488	1792
10:26:40.225	rmnet_data0	2703	4489
10:26:40.225	wlan0	21667812	14632934
10:26:41.262	rmnet_ipa0	19288	22584
10:26:41.262	rmnet_data2	0	0
10:26:41.262	rmnet_data1	1488	1792
10:26:41.262	rmnet_data0	2703	4489
10:26:41.262	wlan0	21673844	14636258
10:26:42.303	rmnet_ipa0	19288	22584
10:26:42.303	rmnet_data2	0	0
10:26:42.303	rmnet_data1	1488	1792
10:26:42.303	rmnet_data0	2703	4489
10:26:42.303	wlan0	21678699	14642051
10:26:43.348	rmnet_ipa0	19288	22584
10:26:43.348	rmnet_data2	0	0
10:26:43.348	rmnet_data1	1488	1792
10:26:43.348	rmnet_data0	2703	4489
10:26:43.348	wlan0	21683593	14646183
10:26:44.388	rmnet_ipa0	19288	22584
10:26:44.388	rmnet_data2	0	0
10:26:44.388	rmnet_data1	1488	1792
10:26:44.388	rmnet_data0	2703	4489
10:26:44.388	wlan0	21689216	14649725
10:26:45.432	rmnet_ipa0	19288	22584
10:26:45.432	rmnet_data2	0	0
10:26:45.432	rmnet_data1	1488	1792
10:26:45.432	rmnet_data0	2703	4489
10:26:45.432	wlan0	21695043	14654875
10:26:46.476	rmnet_ipa0	19288	22584
10:26:46.476	rmnet_data2	0	0
10:26:46.476	rmnet_data1	1488	1792
10:26:46.476	rmnet_data0	2703	4489
10:26:46.476	wlan0	21701099	14661508
10:26:47.514	rmnet_ipa0	19288	22584
10:26:47.514	rmnet_data2	0	0
10:26:47.514	rmnet_data1	1488	1792
10:26:47.514	rmnet_data0	2703	4489
10:26:47.514	wlan0	21707437	14668861
10:26:48.556	rmnet_ipa0	19288	22584
10:26:48.556	rmnet_data2	0	0
10:26:48.556	rmnet_data1	1488	1792
10:26:48.556	rmnet_data0	2703	4489
10:26:48.556	wlan0	21707437	14674394
10:26:49.598	rmnet_ipa0	19288	22584
10:26:49.598	rmnet_data2	0	0
10:26:49.598	rmnet_data1	1488	1792
10:26:49.598	rmnet_data0	2703	4489
10:26:49.598	wlan0	21712352	14682163
10:26:50.644	rmnet_ipa0	19288	22584
10:26:50.644	rmnet_data2	0	0
10:26:50.644	rmnet_data1	1488	1792
10:26:50.644	rmnet_data0	2703	4489
10:26:50.644	wlan0	21717823	14688331
10:26:51.686	rmnet_ipa0	19288	22584
10:26:51.686	rmnet_data2	0	0
10:26:51.686	rmnet_data1	1488	1792
10:26:51.686	rmnet_data0	2703	4489
10:26:51.686	wlan0	21724977	14694420
10:26:52.729	rmnet_ipa0	19288	22584
10:26:52.729	rmnet_data2	0	0
10:26:52.729	rmnet_data1	1488	1792
10:26:52.729	rmnet_data0	2703	4489
10:26:52.729	wlan0	21730830	14699360
10:26:53.772	rmnet_ipa0	19288	22584
10:26:53.772	rmnet_data2	0	0
10:26:53.772	rmnet_data1	1488	1792
10:26:53.772	rmnet_data0	2703	4489
10:26:53.772	wlan0	21737305	14706671
10:26:54.812	rmnet_ipa0	19288	22584
10:26:54.812	rmnet_data2	0	0
10:26:54.812	rmnet_data1	1488	1792
10:26:54.812	rmnet_data0	2703	4489
10:26:54.812	wlan0	21743853	14713182
10:26:55.856	rmnet_ipa0	19288	22584
10:26:55.856	rmnet_data2	0	0
10:26:55.856	rmnet_data1	1488	1792
10:26:55.856	rmnet_data0	2703	4489
10:26:55.856	wlan0	21749190	14719548
10:26:56.902	rmnet_ipa0	19288	22584
10:26:56.902	rmnet_data2	0	0
10:26:56.902	rmnet_data1	1488	1792
10:26:56.902	rmnet_data0	2703	4489
10:26:56.902	wlan0	21756139	14726738
10:26:57.948	rmnet_ipa0	19288	22584
10:26:57.948	rmnet_data2	0	0
10:26:57.948	rmnet_data1	1488	1792
10:26:57.948	rmnet_data0	2703	4489
10:26:57.948	wlan0	21762630	14733592
10:26:58.990	rmnet_ipa0	19288	22584
10:26:58.990	rmnet_data2	0	0
10:26:58.990	rmnet_data1	1488	1792
10:26:58.990	rmnet_data0	2703	4489
10:26:58.990	wlan0	21768521	14741871
10:27:00.033	rmnet_ipa0	19288	22584
10:27:00.033	rmnet_data2	0	0
10:27:00.033	rmnet_data1	1488	1792
10:27:00.033	rmnet_data0	2703	4489
10:27:00.033	wlan0	21774710	14746153
10:27:01.074	rmnet_ipa0	19288	22584
10:27:01.074	rmnet_data2	0	0
10:27:01.074	rmnet_data1	1488	1792
10:27:01.074	rmnet_data0	2703	4489
10:27:01.074	wlan0	21780548	14749331
10:27:02.116	rmnet_ipa0	19288	22584
10:27:02.116	rmnet_data2	0	0
10:27:02.116	rmnet_data1	1488	1792
10:27:02.116	rmnet_data0	2703	4489
10:27:02.116	wlan0	21786747	14753066
10:27:03.160	rmnet_ipa0	19288	22584
10:27:03.160	rmnet_data2	0	0
10:27:03.160	rmnet_data1	1488	1792
10:27:03.160	rmnet_data0	2703	4489
10:27:03.160	wlan0	21793176	14756777
10:27:04.204	rmnet_ipa0	19288	22584
10:27:04.204	rmnet_data2	0	0
10:27:04.204	rmnet_data1	1488	1792
10:27:04.204	rmnet_data0	2703	4489
10:27:04.204	wlan0	21798753	14760046
10:27:05.245	rmnet_ipa0	19288	22584
10:27:05.245	rmnet_data2	0	0
10:27:05.245	rmnet_data1	1488	1792
10:27:05.245	rmnet_data0	2703	4489
10:27:05.245	wlan0	21805107	14765389
10:27:06.285	rmnet_ipa0	19288	22584
10:27:06.285	rmnet_data2	0	0
10:27:06.285	rmnet_data1	1488	1792
10:27:06.285	rmnet_data0	2703	4489
10:27:06.285	wlan0	21811872	14769912
10:27:07.325	rmnet_ipa0	19288	22584
10:27:07.325	rmnet_data2	0	0
10:27:07.325	rmnet_data1	1488	1792
10:27:07.325	rmnet_data0	2703	4489
10:27:07.325	wlan0	21818152	14773325
10:27:08.365	rmnet_ipa0	19288	22584
10:27:08.365	rmnet_data2	0	0
10:27:08.365	rmnet_data1	1488	1792
10:27:08.365	rmnet_data0	2703	4489
10:27:08.365	wlan0	21824444	14779716
10:27:09.409	rmnet_ipa0	19288	22584
10:27:09.409	rmnet_data2	0	0
10:27:09.409	rmnet_data1	1488	1792
10:27:09.409	rmnet_data0	2703	4489
10:27:09.409	wlan0	21830078	14784805
10:27:10.450	rmnet_ipa0	19288	22584
10:27:10.450	rmnet_data2	0	0
10:27:10.450	rmnet_data1	1488	1792
10:27:10.450	rmnet_data0	2703	4489
10:27:10.450	wlan0	21836786	14788439
10:27:11.500	rmnet_ipa0	19288	22584
10:27:11.500	rmnet_data2	0	0
10:27:11.500	rmnet_data1	1488	1792
10:27:11.500	rmnet_data0	2703	4489
10:27:11.500	wlan0	21843103	14792541
10:27:12.543	rmnet_ipa0	19288	22584
10:27:12.543	rmnet_data2	0	0
10:27:12.543	rmnet_data1	1488	1792
10:27:12.543	rmnet_data0	2703	4489
10:27:12.543	wlan0	21849272	14797242
10:27:13.576	rmnet_ipa0	19288	22584
10:27:13.576	rmnet_data2	0	0
10:27:13.576	rmnet_data1	1488	1792
10:27:13.576	rmnet_data0	2703	4489
10:27:13.576	wlan0	21855682	14801618
10:27:14.612	rmnet_ipa0	19288	22584
10:27:14.612	rmnet_data2	0	0
10:27:14.612	rmnet_data1	1488	1792
10:27:14.612	rmnet_data0	2703	4489
10:27:14.612	wlan0	21862040	14805577
10:27:15.658	rmnet_ipa0	19288	22584
10:27:15.658	rmnet_data2	0	0
10:27:15.658	rmnet_data1	1488	1792
10:27:15.658	rmnet_data0	2703	4489
10:27:15.658	wlan0	21868195	14811257
10:27:16.701	rmnet_ipa0	19288	22584
10:27:16.701	rmnet_data2	0	0
10:27:16.701	rmnet_data1	1488	1792
10:27:16.701	rmnet_data0	2703	4489
10:27:16.701	wlan0	21874686	14815233
10:27:17.740	rmnet_ipa0	19288	22584
10:27:17.740	rmnet_data2	0	0
10:27:17.740	rmnet_data1	1488	1792
10:27:17.740	rmnet_data0	2703	4489
10:27:17.740	wlan0	21880900	14821441
10:27:18.786	rmnet_ipa0	19288	22584
10:27:18.786	rmnet_data2	0	0
10:27:18.786	rmnet_data1	1488	1792
10:27:18.786	rmnet_data0	2703	4489
10:27:18.786	wlan0	21887438	14825837
10:27:19.833	rmnet_ipa0	19288	22584
10:27:19.833	rmnet_data2	0	0
10:27:19.833	rmnet_data1	1488	1792
10:27:19.833	rmnet_data0	2703	4489
10:27:19.833	wlan0	21893597	14830187
10:27:20.877	rmnet_ipa0	19288	22584
10:27:20.877	rmnet_data2	0	0
10:27:20.877	rmnet_data1	1488	1792
10:27:20.877	rmnet_data0	2703	4489
10:27:20.877	wlan0	21899616	14834271
10:27:21.917	rmnet_ipa0	19288	22584
10:27:21.917	rmnet_data2	0	0
10:27:21.917	rmnet_data1	1488	1792
10:27:21.917	rmnet_data0	2703	4489
10:27:21.917	wlan0	21905905	14838194
10:27:22.954	rmnet_ipa0	19288	22584
10:27:22.954	rmnet_data2	0	0
10:27:22.954	rmnet_data1	1488	1792
10:27:22.954	rmnet_data0	2703	4489
10:27:22.954	wlan0	21912497	14839740
10:27:23.997	rmnet_ipa0	19288	22584
10:27:23.997	rmnet_data2	0	0
10:27:23.997	rmnet_data1	1488	1792
10:27:23.997	rmnet_data0	2703	4489
10:27:23.997	wlan0	21918744	14840428
10:27:25.042	rmnet_ipa0	19288	22584
10:27:25.042	rmnet_data2	0	0
10:27:25.042	rmnet_data1	1488	1792
10:27:25.042	rmnet_data0	2703	4489
10:27:25.042	wlan0	21925318	14840428
10:27:26.084	rmnet_ipa0	19288	22584
10:27:26.084	rmnet_data2	0	0
10:27:26.084	rmnet_data1	1488	1792
10:27:26.084	rmnet_data0	2703	4489
10:27:26.084	wlan0	21931621	14840776
10:27:27.127	rmnet_ipa0	19288	22584
10:27:27.127	rmnet_data2	0	0
10:27:27.127	rmnet_data1	1488	1792
10:27:27.127	rmnet_data0	2703	4489
10:27:27.127	wlan0	21937906	14840776
10:27:28.163	rmnet_ipa0	19288	22584
10:27:28.163	rmnet_data2	0	0
10:27:28.163	rmnet_data1	1488	1792
10:27:28.163	rmnet_data0	2703	4489
10:27:28.163	wlan0	21943452	14841190
10:27:29.206	rmnet_ipa0	19288	22584
10:27:29.206	rmnet_data2	0	0
10:27:29.206	rmnet_data1	1488	1792
10:27:29.206	rmnet_data0	2703	4489
10:27:29.206	wlan0	21949881	14841534
10:27:30.247	rmnet_ipa0	19288	22584
10:27:30.247	rmnet_data2	0	0
10:27:30.247	rmnet_data1	1488	1792
10:27:30.247	rmnet_data0	2703	4489
10:27:30.247	wlan0	21956199	14841534
10:27:31.289	rmnet_ipa0	19288	22584
10:27:31.289	rmnet_data2	0	0
10:27:31.289	rmnet_data1	1488	1792
10:27:31.289	rmnet_data0	2703	4489
10:27:31.289	wlan0	21962279	14841878
10:27:32.330	rmnet_ipa0	19288	22584
10:27:32.330	rmnet_data2	0	0
10:27:32.330	rmnet_data1	1488	1792
10:27:32.330	rmnet_data0	2703	4489
10:27:32.330	wlan0	21968338	14841878
10:27:33.372	rmnet_ipa0	19288	22584
10:27:33.372	rmnet_data2	0	0
10:27:33.372	rmnet_data1	1488	1792
10:27:33.372	rmnet_data0	2703	4489
10:27:33.372	wlan0	21974415	14841878
10:27:34.415	rmnet_ipa0	19288	22584
10:27:34.415	rmnet_data2	0	0
10:27:34.415	rmnet_data1	1488	1792
10:27:34.415	rmnet_data0	2703	4489
10:27:34.415	wlan0	21980217	14842220
10:27:35.459	rmnet_ipa0	19288	22584
10:27:35.459	rmnet_data2	0	0
10:27:35.459	rmnet_data1	1488	1792
10:27:35.459	rmnet_data0	2703	4489
10:27:35.459	wlan0	21986645	14842220
10:27:36.501	rmnet_ipa0	19288	22584
10:27:36.501	rmnet_data2	0	0
10:27:36.501	rmnet_data1	1488	1792
10:27:36.501	rmnet_data0	2703	4489
10:27:36.501	wlan0	21992468	14842290
10:27:37.544	rmnet_ipa0	19288	22584
10:27:37.544	rmnet_data2	0	0
10:27:37.544	rmnet_data1	1488	1792
10:27:37.544	rmnet_data0	2703	4489
10:27:37.544	wlan0	21998033	14842290
10:27:38.587	rmnet_ipa0	19288	22584
10:27:38.587	rmnet_data2	0	0
10:27:38.587	rmnet_data1	1488	1792
10:27:38.587	rmnet_data0	2703	4489
10:27:38.587	wlan0	22004021	14842290
10:27:39.629	rmnet_ipa0	19288	22584
10:27:39.629	rmnet_data2	0	0
10:27:39.629	rmnet_data1	1488	1792
10:27:39.629	rmnet_data0	2703	4489
10:27:39.629	wlan0	22010094	14842290
10:27:40.669	rmnet_ipa0	19288	22584
10:27:40.669	rmnet_data2	0	0
10:27:40.669	rmnet_data1	1488	1792
10:27:40.669	rmnet_data0	2703	4489
10:27:40.669	wlan0	0	0
10:27:41.711	rmnet_ipa0	19288	22584
10:27:41.711	rmnet_data2	0	0
10:27:41.711	rmnet_data1	1488	1792
10:27:41.711	rmnet_data0	2703	4489
10:27:41.711	wlan0	0	0
10:27:42.754	rmnet_ipa0	19428	22911
10:27:42.754	rmnet_data2	0	0
10:27:42.754	rmnet_data1	1488	1792
10:27:42.754	rmnet_data0	2703	4489
10:27:42.754	wlan0	22004	30881
10:27:43.787	rmnet_ipa0	19428	23099
10:27:43.787	rmnet_data2	0	0
10:27:43.787	rmnet_data1	1488	1792
10:27:43.787	rmnet_data0	2703	4489
10:27:43.787	wlan0	92613	100246
10:27:44.830	rmnet_ipa0	19428	23099
10:27:44.830	rmnet_data2	0	0
10:27:44.830	rmnet_data1	1488	1792
10:27:44.830	rmnet_data0	2703	4489
10:27:44.830	wlan0	107522	109795
10:27:45.874	rmnet_ipa0	19428	23099
10:27:45.874	rmnet_data2	0	0
10:27:45.874	rmnet_data1	1488	1792
10:27:45.874	rmnet_data0	2703	4489
10:27:45.874	wlan0	148803	140391
10:27:46.907	rmnet_ipa0	19428	23099
10:27:46.907	rmnet_data2	0	0
10:27:46.907	rmnet_data1	1488	1792
10:27:46.907	rmnet_data0	2703	4489
10:27:46.907	wlan0	224520	149870
10:27:47.957	rmnet_ipa0	19428	23099
10:27:47.957	rmnet_data2	0	0
10:27:47.957	rmnet_data1	1488	1792
10:27:47.957	rmnet_data0	2703	4489
10:27:47.957	wlan0	327116	340246
10:27:48.998	rmnet_ipa0	19428	23099
10:27:48.998	rmnet_data2	0	0
10:27:48.998	rmnet_data1	1488	1792
10:27:48.998	rmnet_data0	2703	4489
10:27:48.998	wlan0	341779	348442
10:27:50.043	rmnet_ipa0	19428	23099
10:27:50.043	rmnet_data2	0	0
10:27:50.043	rmnet_data1	1488	1792
10:27:50.043	rmnet_data0	2703	4489
10:27:50.043	wlan0	347733	353428
10:27:51.092	rmnet_ipa0	19428	23099
10:27:51.092	rmnet_data2	0	0
10:27:51.092	rmnet_data1	1488	1792
10:27:51.092	rmnet_data0	2703	4489
10:27:51.092	wlan0	363551	363701
10:27:52.138	rmnet_ipa0	19428	23099
10:27:52.138	rmnet_data2	0	0
10:27:52.138	rmnet_data1	1488	1792
10:27:52.138	rmnet_data0	2703	4489
10:27:52.138	wlan0	370144	376537
10:27:53.188	rmnet_ipa0	19428	23099
10:27:53.188	rmnet_data2	0	0
10:27:53.188	rmnet_data1	1488	1792
10:27:53.188	rmnet_data0	2703	4489
10:27:53.188	wlan0	381711	382200
10:27:54.232	rmnet_ipa0	19428	23099
10:27:54.232	rmnet_data2	0	0
10:27:54.232	rmnet_data1	1488	1792
10:27:54.232	rmnet_data0	2703	4489
10:27:54.232	wlan0	394052	388397
10:27:55.270	rmnet_ipa0	19428	23099
10:27:55.270	rmnet_data2	0	0
10:27:55.270	rmnet_data1	1488	1792
10:27:55.270	rmnet_data0	2703	4489
10:27:55.270	wlan0	403745	393673
10:27:56.313	rmnet_ipa0	19428	23099
10:27:56.313	rmnet_data2	0	0
10:27:56.313	rmnet_data1	1488	1792
10:27:56.313	rmnet_data0	2703	4489
10:27:56.313	wlan0	414573	405376
10:27:57.352	rmnet_ipa0	19428	23099
10:27:57.352	rmnet_data2	0	0
10:27:57.352	rmnet_data1	1488	1792
10:27:57.352	rmnet_data0	2703	4489
10:27:57.352	wlan0	426935	409461
10:27:58.396	rmnet_ipa0	19428	23099
10:27:58.396	rmnet_data2	0	0
10:27:58.396	rmnet_data1	1488	1792
10:27:58.396	rmnet_data0	2703	4489
10:27:58.396	wlan0	438232	415417
10:27:59.443	rmnet_ipa0	19428	23099
10:27:59.443	rmnet_data2	0	0
10:27:59.443	rmnet_data1	1488	1792
10:27:59.443	rmnet_data0	2703	4489
10:27:59.443	wlan0	449595	422468
10:28:00.487	rmnet_ipa0	19428	23099
10:28:00.487	rmnet_data2	0	0
10:28:00.487	rmnet_data1	1488	1792
10:28:00.487	rmnet_data0	2703	4489
10:28:00.487	wlan0	463260	433310
10:28:01.530	rmnet_ipa0	19428	23099
10:28:01.530	rmnet_data2	0	0
10:28:01.530	rmnet_data1	1488	1792
10:28:01.530	rmnet_data0	2703	4489
10:28:01.530	wlan0	477613	437564
10:28:02.578	rmnet_ipa0	19428	23099
10:28:02.578	rmnet_data2	0	0
10:28:02.578	rmnet_data1	1488	1792
10:28:02.578	rmnet_data0	2703	4489
10:28:02.578	wlan0	488288	443348
10:28:03.631	rmnet_ipa0	19428	23099
10:28:03.631	rmnet_data2	0	0
10:28:03.631	rmnet_data1	1488	1792
10:28:03.631	rmnet_data0	2703	4489
10:28:03.631	wlan0	501976	450578
10:28:04.672	rmnet_ipa0	19428	23099
10:28:04.672	rmnet_data2	0	0
10:28:04.672	rmnet_data1	1488	1792
10:28:04.672	rmnet_data0	2703	4489
10:28:04.672	wlan0	515916	460864
10:28:05.713	rmnet_ipa0	19428	23099
10:28:05.713	rmnet_data2	0	0
10:28:05.713	rmnet_data1	1488	1792
10:28:05.713	rmnet_data0	2703	4489
10:28:05.713	wlan0	529845	464657
10:28:06.757	rmnet_ipa0	19428	23099
10:28:06.757	rmnet_data2	0	0
10:28:06.757	rmnet_data1	1488	1792
10:28:06.757	rmnet_data0	2703	4489
10:28:06.757	wlan0	541597	472010
10:28:07.796	rmnet_ipa0	19428	23099
10:28:07.796	rmnet_data2	0	0
10:28:07.796	rmnet_data1	1488	1792
10:28:07.796	rmnet_data0	2703	4489
10:28:07.796	wlan0	558047	478512
10:28:13.147	rmnet_ipa0	19428	23099
10:28:13.147	rmnet_data2	0	0
10:28:13.147	rmnet_data1	1488	1792
10:28:13.147	rmnet_data0	2703	4489
10:28:13.147	wlan0	645998	516966
10:28:14.190	rmnet_ipa0	19428	23099
10:28:14.190	rmnet_data2	0	0
10:28:14.190	rmnet_data1	1488	1792
10:28:14.190	rmnet_data0	2703	4489
10:28:14.190	wlan0	665477	522128
10:28:15.229	rmnet_ipa0	19428	23099
10:28:15.229	rmnet_data2	0	0
10:28:15.229	rmnet_data1	1488	1792
10:28:15.229	rmnet_data0	2703	4489
10:28:15.229	wlan0	684627	528753
10:28:16.272	rmnet_ipa0	19428	23099
10:28:16.272	rmnet_data2	0	0
10:28:16.272	rmnet_data1	1488	1792
10:28:16.272	rmnet_data0	2703	4489
10:28:16.272	wlan0	702473	536043
10:28:17.314	rmnet_ipa0	19428	23099
10:28:17.314	rmnet_data2	0	0
10:28:17.314	rmnet_data1	1488	1792
10:28:17.314	rmnet_data0	2703	4489
10:28:17.314	wlan0	720900	543764
10:28:18.350	rmnet_ipa0	19428	23099
10:28:18.350	rmnet_data2	0	0
10:28:18.350	rmnet_data1	1488	1792
10:28:18.350	rmnet_data0	2703	4489
10:28:18.350	wlan0	738228	549444
10:28:19.396	rmnet_ipa0	19428	23099
10:28:19.396	rmnet_data2	0	0
10:28:19.396	rmnet_data1	1488	1792
10:28:19.396	rmnet_data0	2703	4489
10:28:19.396	wlan0	759258	555832
10:28:20.439	rmnet_ipa0	19428	23099
10:28:20.439	rmnet_data2	0	0
10:28:20.439	rmnet_data1	1488	1792
10:28:20.439	rmnet_data0	2703	4489
10:28:20.439	wlan0	780572	564763
10:28:21.484	rmnet_ipa0	19428	23099
10:28:21.484	rmnet_data2	0	0
10:28:21.484	rmnet_data1	1488	1792
10:28:21.484	rmnet_data0	2703	4489
10:28:21.484	wlan0	804044	571838
10:28:22.523	rmnet_ipa0	19428	23099
10:28:22.523	rmnet_data2	0	0
10:28:22.523	rmnet_data1	1488	1792
10:28:22.523	rmnet_data0	2703	4489
10:28:22.523	wlan0	823230	576473
10:28:23.596	rmnet_ipa0	19428	23099
10:28:23.596	rmnet_data2	0	0
10:28:23.596	rmnet_data1	1488	1792
10:28:23.596	rmnet_data0	2703	4489
10:28:23.596	wlan0	848092	583168
10:28:27.787	rmnet_ipa0	19428	23099
10:28:27.787	rmnet_data2	0	0
10:28:27.787	rmnet_data1	1488	1792
10:28:27.787	rmnet_data0	2703	4489
10:28:27.787	wlan0	920652	617796
10:28:28.826	rmnet_ipa0	19428	23099
10:28:28.826	rmnet_data2	0	0
10:28:28.826	rmnet_data1	1488	1792
10:28:28.826	rmnet_data0	2703	4489
10:28:28.826	wlan0	920652	617796
10:28:29.868	rmnet_ipa0	19428	23099
10:28:29.868	rmnet_data2	0	0
10:28:29.868	rmnet_data1	1488	1792
10:28:29.868	rmnet_data0	2703	4489
10:28:29.868	wlan0	920652	617796
10:28:31.525	rmnet_ipa0	19428	23099
10:28:31.525	rmnet_data2	0	0
10:28:31.525	rmnet_data1	1488	1792
10:28:31.525	rmnet_data0	2703	4489
10:28:31.525	wlan0	920652	617796
10:28:32.560	rmnet_ipa0	19428	23099
10:28:32.560	rmnet_data2	0	0
10:28:32.560	rmnet_data1	1488	1792
10:28:32.560	rmnet_data0	2703	4489
10:28:32.560	wlan0	920652	617796
10:28:33.597	rmnet_ipa0	19428	23099
10:28:33.597	rmnet_data2	0	0
10:28:33.597	rmnet_data1	1488	1792
10:28:33.597	rmnet_data0	2703	4489
10:28:33.597	wlan0	920652	617796
10:28:34.633	rmnet_ipa0	19428	23099
10:28:34.633	rmnet_data2	0	0
10:28:34.633	rmnet_data1	1488	1792
10:28:34.633	rmnet_data0	2703	4489
10:28:34.633	wlan0	920652	617796
10:28:35.673	rmnet_ipa0	19428	23099
10:28:35.673	rmnet_data2	0	0
10:28:35.673	rmnet_data1	1488	1792
10:28:35.673	rmnet_data0	2703	4489
10:28:35.673	wlan0	920720	617796
10:28:36.714	rmnet_ipa0	19428	23099
10:28:36.714	rmnet_data2	0	0
10:28:36.714	rmnet_data1	1488	1792
10:28:36.714	rmnet_data0	2703	4489
10:28:36.714	wlan0	920720	617796
10:28:37.756	rmnet_ipa0	19428	23099
10:28:37.756	rmnet_data2	0	0
10:28:37.756	rmnet_data1	1488	1792
10:28:37.756	rmnet_data0	2703	4489
10:28:37.756	wlan0	920772	617862
10:28:38.793	rmnet_ipa0	19428	23099
10:28:38.793	rmnet_data2	0	0
10:28:38.793	rmnet_data1	1488	1792
10:28:38.793	rmnet_data0	2703	4489
10:28:38.793	wlan0	920772	617862
10:28:39.832	rmnet_ipa0	19428	23099
10:28:39.832	rmnet_data2	0	0
10:28:39.832	rmnet_data1	1488	1792
10:28:39.832	rmnet_data0	2703	4489
10:28:39.832	wlan0	920772	617862
10:28:40.872	rmnet_ipa0	19428	23099
10:28:40.872	rmnet_data2	0	0
10:28:40.872	rmnet_data1	1488	1792
10:28:40.872	rmnet_data0	2703	4489
10:28:40.872	wlan0	920772	617862
10:28:41.911	rmnet_ipa0	19428	23099
10:28:41.911	rmnet_data2	0	0
10:28:41.911	rmnet_data1	1488	1792
10:28:41.911	rmnet_data0	2703	4489
10:28:41.911	wlan0	920772	617862
10:28:42.948	rmnet_ipa0	19428	23099
10:28:42.948	rmnet_data2	0	0
10:28:42.948	rmnet_data1	1488	1792
10:28:42.948	rmnet_data0	2703	4489
10:28:42.948	wlan0	928963	620860
10:28:43.989	rmnet_ipa0	19428	23099
10:28:43.989	rmnet_data2	0	0
10:28:43.989	rmnet_data1	1488	1792
10:28:43.989	rmnet_data0	2703	4489
10:28:43.989	wlan0	932119	622284
10:28:45.030	rmnet_ipa0	19428	23099
10:28:45.030	rmnet_data2	0	0
10:28:45.030	rmnet_data1	1488	1792
10:28:45.030	rmnet_data0	2703	4489
10:28:45.030	wlan0	960705	627190
10:28:46.218	rmnet_ipa0	19428	23099
10:28:46.218	rmnet_data2	0	0
10:28:46.218	rmnet_data1	1488	1792
10:28:46.218	rmnet_data0	2703	4489
10:28:46.218	wlan0	960789	627316
10:28:47.255	rmnet_ipa0	19428	23099
10:28:47.255	rmnet_data2	0	0
10:28:47.255	rmnet_data1	1488	1792
10:28:47.255	rmnet_data0	2703	4489
10:28:47.255	wlan0	960841	627382
10:28:48.293	rmnet_ipa0	19428	23099
10:28:48.293	rmnet_data2	0	0
10:28:48.293	rmnet_data1	1488	1792
10:28:48.293	rmnet_data0	2703	4489
10:28:48.293	wlan0	961300	627748
10:28:49.333	rmnet_ipa0	19428	23099
10:28:49.333	rmnet_data2	0	0
10:28:49.333	rmnet_data1	1488	1792
10:28:49.333	rmnet_data0	2703	4489
10:28:49.333	wlan0	961300	627748
10:28:50.380	rmnet_ipa0	19428	23099
10:28:50.380	rmnet_data2	0	0
10:28:50.380	rmnet_data1	1488	1792
10:28:50.380	rmnet_data0	2703	4489
10:28:50.380	wlan0	961300	627748
10:28:51.412	rmnet_ipa0	19428	23099
10:28:51.412	rmnet_data2	0	0
10:28:51.412	rmnet_data1	1488	1792
10:28:51.412	rmnet_data0	2703	4489
10:28:51.412	wlan0	961300	628000
10:28:52.451	rmnet_ipa0	19428	23099
10:28:52.451	rmnet_data2	0	0
10:28:52.451	rmnet_data1	1488	1792
10:28:52.451	rmnet_data0	2703	4489
10:28:52.451	wlan0	961300	628000
10:28:53.489	rmnet_ipa0	19428	23099
10:28:53.489	rmnet_data2	0	0
10:28:53.489	rmnet_data1	1488	1792
10:28:53.489	rmnet_data0	2703	4489
10:28:53.489	wlan0	964884	628132
10:28:54.527	rmnet_ipa0	19428	23099
10:28:54.527	rmnet_data2	0	0
10:28:54.527	rmnet_data1	1488	1792
10:28:54.527	rmnet_data0	2703	4489
10:28:54.527	wlan0	968855	628132
10:28:55.565	rmnet_ipa0	19428	23099
10:28:55.565	rmnet_data2	0	0
10:28:55.565	rmnet_data1	1488	1792
10:28:55.565	rmnet_data0	2703	4489
10:28:55.565	wlan0	972256	628132
10:28:56.601	rmnet_ipa0	19428	23099
10:28:56.601	rmnet_data2	0	0
10:28:56.601	rmnet_data1	1488	1792
10:28:56.601	rmnet_data0	2703	4489
10:28:56.601	wlan0	976456	628132
10:28:57.639	rmnet_ipa0	19428	23099
10:28:57.639	rmnet_data2	0	0
10:28:57.639	rmnet_data1	1488	1792
10:28:57.639	rmnet_data0	2703	4489
10:28:57.639	wlan0	979816	628198
10:28:58.677	rmnet_ipa0	19428	23099
10:28:58.677	rmnet_data2	0	0
10:28:58.677	rmnet_data1	1488	1792
10:28:58.677	rmnet_data0	2703	4489
10:28:58.677	wlan0	988500	628198
10:28:59.717	rmnet_ipa0	19428	23099
10:28:59.717	rmnet_data2	0	0
10:28:59.717	rmnet_data1	1488	1792
10:28:59.717	rmnet_data0	2703	4489
10:28:59.717	wlan0	993239	628198
10:29:00.754	rmnet_ipa0	19428	23099
10:29:00.754	rmnet_data2	0	0
10:29:00.754	rmnet_data1	1488	1792
10:29:00.754	rmnet_data0	2703	4489
10:29:00.754	wlan0	996439	628198
10:29:01.790	rmnet_ipa0	19428	23099
10:29:01.790	rmnet_data2	0	0
10:29:01.790	rmnet_data1	1488	1792
10:29:01.790	rmnet_data0	2703	4489
10:29:01.790	wlan0	999650	628198
10:29:02.828	rmnet_ipa0	19428	23099
10:29:02.828	rmnet_data2	0	0
10:29:02.828	rmnet_data1	1488	1792
10:29:02.828	rmnet_data0	2703	4489
10:29:02.828	wlan0	1002937	628198
10:29:03.869	rmnet_ipa0	19428	23099
10:29:03.869	rmnet_data2	0	0
10:29:03.869	rmnet_data1	1488	1792
10:29:03.869	rmnet_data0	2703	4489
10:29:03.869	wlan0	1006958	628198
10:29:04.908	rmnet_ipa0	19428	23099
10:29:04.908	rmnet_data2	0	0
10:29:04.908	rmnet_data1	1488	1792
10:29:04.908	rmnet_data0	2703	4489
10:29:04.908	wlan0	1006958	628198
10:29:05.950	rmnet_ipa0	19428	23099
10:29:05.950	rmnet_data2	0	0
10:29:05.950	rmnet_data1	1488	1792
10:29:05.950	rmnet_data0	2703	4489
10:29:05.950	wlan0	1006958	628198
10:29:06.988	rmnet_ipa0	19428	23099
10:29:06.988	rmnet_data2	0	0
10:29:06.988	rmnet_data1	1488	1792
10:29:06.988	rmnet_data0	2703	4489
10:29:06.988	wlan0	1006958	628198
10:29:08.029	rmnet_ipa0	19428	23099
10:29:08.029	rmnet_data2	0	0
10:29:08.029	rmnet_data1	1488	1792
10:29:08.029	rmnet_data0	2703	4489
10:29:08.029	wlan0	1009028	628652
10:29:09.065	rmnet_ipa0	19428	23099
10:29:09.065	rmnet_data2	0	0
10:29:09.065	rmnet_data1	1488	1792
10:29:09.065	rmnet_data0	2703	4489
10:29:09.065	wlan0	1024669	646387
10:29:10.107	rmnet_ipa0	19428	23099
10:29:10.107	rmnet_data2	0	0
10:29:10.107	rmnet_data1	1488	1792
10:29:10.107	rmnet_data0	2703	4489
10:29:10.107	wlan0	1024669	646387
10:29:11.148	rmnet_ipa0	19428	23099
10:29:11.148	rmnet_data2	0	0
10:29:11.148	rmnet_data1	1488	1792
10:29:11.148	rmnet_data0	2703	4489
10:29:11.148	wlan0	1024669	646387
10:29:12.190	rmnet_ipa0	19428	23099
10:29:12.190	rmnet_data2	0	0
10:29:12.190	rmnet_data1	1488	1792
10:29:12.190	rmnet_data0	2703	4489
10:29:12.190	wlan0	1024669	646387
10:29:13.235	rmnet_ipa0	19428	23099
10:29:13.235	rmnet_data2	0	0
10:29:13.235	rmnet_data1	1488	1792
10:29:13.235	rmnet_data0	2703	4489
10:29:13.235	wlan0	1024669	646490
10:29:14.279	rmnet_ipa0	19428	23099
10:29:14.279	rmnet_data2	0	0
10:29:14.279	rmnet_data1	1488	1792
10:29:14.279	rmnet_data0	2703	4489
10:29:14.279	wlan0	1024819	646556
10:29:15.325	rmnet_ipa0	19428	23099
10:29:15.325	rmnet_data2	0	0
10:29:15.325	rmnet_data1	1488	1792
10:29:15.325	rmnet_data0	2703	4489
10:29:15.325	wlan0	1024819	646556
10:29:16.366	rmnet_ipa0	19428	23099
10:29:16.366	rmnet_data2	0	0
10:29:16.366	rmnet_data1	1488	1792
10:29:16.366	rmnet_data0	2703	4489
10:29:16.366	wlan0	1026841	646556
10:29:17.407	rmnet_ipa0	19428	23099
10:29:17.407	rmnet_data2	0	0
10:29:17.407	rmnet_data1	1488	1792
10:29:17.407	rmnet_data0	2703	4489
10:29:17.407	wlan0	1026841	646556
10:29:18.454	rmnet_ipa0	19428	23099
10:29:18.454	rmnet_data2	0	0
10:29:18.454	rmnet_data1	1488	1792
10:29:18.454	rmnet_data0	2703	4489
10:29:18.454	wlan0	1026893	646622
10:29:19.495	rmnet_ipa0	19428	23099
10:29:19.495	rmnet_data2	0	0
10:29:19.495	rmnet_data1	1488	1792
10:29:19.495	rmnet_data0	2703	4489
10:29:19.495	wlan0	1026893	646622
10:29:20.536	rmnet_ipa0	19428	23099
10:29:20.536	rmnet_data2	0	0
10:29:20.536	rmnet_data1	1488	1792
10:29:20.536	rmnet_data0	2703	4489
10:29:20.536	wlan0	1026893	646622
10:29:21.579	rmnet_ipa0	19428	23099
10:29:21.579	rmnet_data2	0	0
10:29:21.579	rmnet_data1	1488	1792
10:29:21.579	rmnet_data0	2703	4489
10:29:21.579	wlan0	1026893	646622
10:29:22.619	rmnet_ipa0	19428	23099
10:29:22.619	rmnet_data2	0	0
10:29:22.619	rmnet_data1	1488	1792
10:29:22.619	rmnet_data0	2703	4489
10:29:22.619	wlan0	1026893	646622
10:29:23.664	rmnet_ipa0	19428	23099
10:29:23.664	rmnet_data2	0	0
10:29:23.664	rmnet_data1	1488	1792
10:29:23.664	rmnet_data0	2703	4489
10:29:23.664	wlan0	1026893	646622
10:29:24.704	rmnet_ipa0	19428	23099
10:29:24.704	rmnet_data2	0	0
10:29:24.704	rmnet_data1	1488	1792
10:29:24.704	rmnet_data0	2703	4489
10:29:24.704	wlan0	1026893	646622
