t	iface	rx_bytes	tx_bytes
11:14:29.305	rmnet_ipa0	19917	23516
11:14:29.305	rmnet_data2	0	0
11:14:29.305	rmnet_data1	1488	1792
11:14:29.305	rmnet_data0	2800	4489
11:14:29.305	wlan0	10161939	34213495
11:14:30.348	rmnet_ipa0	19917	23516
11:14:30.348	rmnet_data2	0	0
11:14:30.348	rmnet_data1	1488	1792
11:14:30.348	rmnet_data0	2800	4489
11:14:30.348	wlan0	10162359	34213985
11:14:31.387	rmnet_ipa0	19917	23516
11:14:31.387	rmnet_data2	0	0
11:14:31.387	rmnet_data1	1488	1792
11:14:31.387	rmnet_data0	2800	4489
11:14:31.387	wlan0	10162611	34214382
11:14:32.430	rmnet_ipa0	19917	23516
11:14:32.430	rmnet_data2	0	0
11:14:32.430	rmnet_data1	1488	1792
11:14:32.430	rmnet_data0	2800	4489
11:14:32.430	wlan0	10162611	34214551
11:14:33.474	rmnet_ipa0	19917	23516
11:14:33.474	rmnet_data2	0	0
11:14:33.474	rmnet_data1	1488	1792
11:14:33.474	rmnet_data0	2800	4489
11:14:33.474	wlan0	10162611	34214654
11:14:34.517	rmnet_ipa0	19917	23516
11:14:34.517	rmnet_data2	0	0
11:14:34.517	rmnet_data1	1488	1792
11:14:34.517	rmnet_data0	2800	4489
11:14:34.517	wlan0	10162611	34214654
11:14:35.560	rmnet_ipa0	19917	23516
11:14:35.560	rmnet_data2	0	0
11:14:35.560	rmnet_data1	1488	1792
11:14:35.560	rmnet_data0	2800	4489
11:14:35.560	wlan0	10162611	34214757
11:14:36.606	rmnet_ipa0	19917	23516
11:14:36.606	rmnet_data2	0	0
11:14:36.606	rmnet_data1	1488	1792
11:14:36.606	rmnet_data0	2800	4489
11:14:36.606	wlan0	10162611	34214757
11:14:37.655	rmnet_ipa0	19917	23516
11:14:37.655	rmnet_data2	0	0
11:14:37.655	rmnet_data1	1488	1792
11:14:37.655	rmnet_data0	2800	4489
11:14:37.655	wlan0	10162611	34214757
11:14:38.702	rmnet_ipa0	19917	23516
11:14:38.702	rmnet_data2	0	0
11:14:38.702	rmnet_data1	1488	1792
11:14:38.702	rmnet_data0	2800	4489
11:14:38.702	wlan0	10162611	34214757
11:14:39.748	rmnet_ipa0	19917	23516
11:14:39.748	rmnet_data2	0	0
11:14:39.748	rmnet_data1	1488	1792
11:14:39.748	rmnet_data0	2800	4489
11:14:39.748	wlan0	10162611	34214860
11:14:40.793	rmnet_ipa0	19917	23516
11:14:40.793	rmnet_data2	0	0
11:14:40.793	rmnet_data1	1488	1792
11:14:40.793	rmnet_data0	2800	4489
11:14:40.793	wlan0	10162611	34214860
11:14:41.838	rmnet_ipa0	19917	23516
11:14:41.838	rmnet_data2	0	0
11:14:41.838	rmnet_data1	1488	1792
11:14:41.838	rmnet_data0	2800	4489
11:14:41.838	wlan0	10162611	34215095
11:14:42.886	rmnet_ipa0	19917	23516
11:14:42.886	rmnet_data2	0	0
11:14:42.886	rmnet_data1	1488	1792
11:14:42.886	rmnet_data0	2800	4489
11:14:42.886	wlan0	10162611	34215403
11:14:43.930	rmnet_ipa0	19917	23516
11:14:43.930	rmnet_data2	0	0
11:14:43.930	rmnet_data1	1488	1792
11:14:43.930	rmnet_data0	2800	4489
11:14:43.930	wlan0	10162611	34215477
11:14:44.975	rmnet_ipa0	19917	23516
11:14:44.975	rmnet_data2	0	0
11:14:44.975	rmnet_data1	1488	1792
11:14:44.975	rmnet_data0	2800	4489
11:14:44.975	wlan0	10162611	34215551
11:14:46.020	rmnet_ipa0	19917	23516
11:14:46.020	rmnet_data2	0	0
11:14:46.020	rmnet_data1	1488	1792
11:14:46.020	rmnet_data0	2800	4489
11:14:46.020	wlan0	10162611	34215812
11:14:47.065	rmnet_ipa0	19917	23516
11:14:47.065	rmnet_data2	0	0
11:14:47.065	rmnet_data1	1488	1792
11:14:47.065	rmnet_data0	2800	4489
11:14:47.065	wlan0	10162611	34215886
11:14:48.109	rmnet_ipa0	19917	23516
11:14:48.109	rmnet_data2	0	0
11:14:48.109	rmnet_data1	1488	1792
11:14:48.109	rmnet_data0	2800	4489
11:14:48.109	wlan0	10162611	34215960
11:14:49.154	rmnet_ipa0	19917	23516
11:14:49.154	rmnet_data2	0	0
11:14:49.154	rmnet_data1	1488	1792
11:14:49.154	rmnet_data0	2800	4489
11:14:49.154	wlan0	10162611	34216010
11:14:50.200	rmnet_ipa0	19917	23516
11:14:50.200	rmnet_data2	0	0
11:14:50.200	rmnet_data1	1488	1792
11:14:50.200	rmnet_data0	2800	4489
11:14:50.200	wlan0	10162611	34216232
11:14:51.246	rmnet_ipa0	19917	23516
11:14:51.246	rmnet_data2	0	0
11:14:51.246	rmnet_data1	1488	1792
11:14:51.246	rmnet_data0	2800	4489
11:14:51.246	wlan0	10162611	34216232
11:14:52.299	rmnet_ipa0	19917	23516
11:14:52.299	rmnet_data2	0	0
11:14:52.299	rmnet_data1	1488	1792
11:14:52.299	rmnet_data0	2800	4489
11:14:52.299	wlan0	10162611	34216520
11:14:53.342	rmnet_ipa0	19917	23516
11:14:53.342	rmnet_data2	0	0
11:14:53.342	rmnet_data1	1488	1792
11:14:53.342	rmnet_data0	2800	4489
11:14:53.342	wlan0	10162611	34216706
11:14:54.383	rmnet_ipa0	19917	23516
11:14:54.383	rmnet_data2	0	0
11:14:54.383	rmnet_data1	1488	1792
11:14:54.383	rmnet_data0	2800	4489
11:14:54.383	wlan0	10162611	34216928
11:14:55.430	rmnet_ipa0	19917	23516
11:14:55.430	rmnet_data2	0	0
11:14:55.430	rmnet_data1	1488	1792
11:14:55.430	rmnet_data0	2800	4489
11:14:55.430	wlan0	10162611	34217118
11:14:56.477	rmnet_ipa0	19917	23516
11:14:56.477	rmnet_data2	0	0
11:14:56.477	rmnet_data1	1488	1792
11:14:56.477	rmnet_data0	2800	4489
11:14:56.477	wlan0	10162611	34217192
11:14:57.523	rmnet_ipa0	19917	23516
11:14:57.523	rmnet_data2	0	0
11:14:57.523	rmnet_data1	1488	1792
11:14:57.523	rmnet_data0	2800	4489
11:14:57.523	wlan0	10162611	34217308
11:14:58.568	rmnet_ipa0	19917	23516
11:14:58.568	rmnet_data2	0	0
11:14:58.568	rmnet_data1	1488	1792
11:14:58.568	rmnet_data0	2800	4489
11:14:58.568	wlan0	10162611	34217382
11:14:59.612	rmnet_ipa0	19917	23516
11:14:59.612	rmnet_data2	0	0
11:14:59.612	rmnet_data1	1488	1792
11:14:59.612	rmnet_data0	2800	4489
11:14:59.612	wlan0	10162611	34217382
11:15:00.656	rmnet_ipa0	19917	23516
11:15:00.656	rmnet_data2	0	0
11:15:00.656	rmnet_data1	1488	1792
11:15:00.656	rmnet_data0	2800	4489
11:15:00.656	wlan0	10162611	34217382
11:15:01.704	rmnet_ipa0	19917	23516
11:15:01.704	rmnet_data2	0	0
11:15:01.704	rmnet_data1	1488	1792
11:15:01.704	rmnet_data0	2800	4489
11:15:01.704	wlan0	10162611	34217456
11:15:02.750	rmnet_ipa0	19917	23516
11:15:02.750	rmnet_data2	0	0
11:15:02.750	rmnet_data1	1488	1792
11:15:02.750	rmnet_data0	2800	4489
11:15:02.750	wlan0	10162611	34217530
11:15:03.801	rmnet_ipa0	19917	23516
11:15:03.801	rmnet_data2	0	0
11:15:03.801	rmnet_data1	1488	1792
11:15:03.801	rmnet_data0	2800	4489
11:15:03.801	wlan0	10162611	34217572
11:15:04.842	rmnet_ipa0	19917	23516
11:15:04.842	rmnet_data2	0	0
11:15:04.842	rmnet_data1	1488	1792
11:15:04.842	rmnet_data0	2800	4489
11:15:04.842	wlan0	10162611	34217646
11:15:05.878	rmnet_ipa0	19917	23516
11:15:05.878	rmnet_data2	0	0
11:15:05.878	rmnet_data1	1488	1792
11:15:05.878	rmnet_data0	2800	4489
11:15:05.878	wlan0	10162611	34217688
11:15:06.919	rmnet_ipa0	19917	23516
11:15:06.919	rmnet_data2	0	0
11:15:06.919	rmnet_data1	1488	1792
11:15:06.919	rmnet_data0	2800	4489
11:15:06.919	wlan0	10162611	34218004
11:15:07.960	rmnet_ipa0	19917	23516
11:15:07.960	rmnet_data2	0	0
11:15:07.960	rmnet_data1	1488	1792
11:15:07.960	rmnet_data0	2800	4489
11:15:07.960	wlan0	10162611	34218120
11:15:09.004	rmnet_ipa0	19917	23516
11:15:09.004	rmnet_data2	0	0
11:15:09.004	rmnet_data1	1488	1792
11:15:09.004	rmnet_data0	2800	4489
11:15:09.004	wlan0	10162611	34218268
11:15:10.048	rmnet_ipa0	19917	23516
11:15:10.048	rmnet_data2	0	0
11:15:10.048	rmnet_data1	1488	1792
11:15:10.048	rmnet_data0	2800	4489
11:15:10.048	wlan0	10162639	34218542
11:15:11.087	rmnet_ipa0	19917	23516
11:15:11.087	rmnet_data2	0	0
11:15:11.087	rmnet_data1	1488	1792
11:15:11.087	rmnet_data0	2800	4489
11:15:11.087	wlan0	10162639	34218616
11:15:12.129	rmnet_ipa0	19917	23516
11:15:12.129	rmnet_data2	0	0
11:15:12.129	rmnet_data1	1488	1792
11:15:12.129	rmnet_data0	2800	4489
11:15:12.129	wlan0	10162639	34218764
11:15:13.168	rmnet_ipa0	19917	23516
11:15:13.168	rmnet_data2	0	0
11:15:13.168	rmnet_data1	1488	1792
11:15:13.168	rmnet_data0	2800	4489
11:15:13.168	wlan0	10162639	34219056
11:15:14.209	rmnet_ipa0	19917	23516
11:15:14.209	rmnet_data2	0	0
11:15:14.209	rmnet_data1	1488	1792
11:15:14.209	rmnet_data0	2800	4489
11:15:14.209	wlan0	10162639	34219362
11:15:15.250	rmnet_ipa0	19917	23516
11:15:15.250	rmnet_data2	0	0
11:15:15.250	rmnet_data1	1488	1792
11:15:15.250	rmnet_data0	2800	4489
11:15:15.250	wlan0	10162639	34219436
11:15:16.292	rmnet_ipa0	19917	23516
11:15:16.292	rmnet_data2	0	0
11:15:16.292	rmnet_data1	1488	1792
11:15:16.292	rmnet_data0	2800	4489
11:15:16.292	wlan0	10162639	34219922
11:15:17.335	rmnet_ipa0	19917	23516
11:15:17.335	rmnet_data2	0	0
11:15:17.335	rmnet_data1	1488	1792
11:15:17.335	rmnet_data0	2800	4489
11:15:17.335	wlan0	10162639	34220566
11:15:18.373	rmnet_ipa0	19917	23516
11:15:18.373	rmnet_data2	0	0
11:15:18.373	rmnet_data1	1488	1792
11:15:18.373	rmnet_data0	2800	4489
11:15:18.373	wlan0	10162639	34220788
11:15:19.413	rmnet_ipa0	19917	23516
11:15:19.413	rmnet_data2	0	0
11:15:19.413	rmnet_data1	1488	1792
11:15:19.413	rmnet_data0	2800	4489
11:15:19.413	wlan0	10162639	34221264
11:15:20.451	rmnet_ipa0	19917	23516
11:15:20.451	rmnet_data2	0	0
11:15:20.451	rmnet_data1	1488	1792
11:15:20.451	rmnet_data0	2800	4489
11:15:20.451	wlan0	10162639	34221422
11:15:21.489	rmnet_ipa0	19917	23516
11:15:21.489	rmnet_data2	0	0
11:15:21.489	rmnet_data1	1488	1792
11:15:21.489	rmnet_data0	2800	4489
11:15:21.489	wlan0	10162639	34221496
11:15:22.528	rmnet_ipa0	19917	23516
11:15:22.528	rmnet_data2	0	0
11:15:22.528	rmnet_data1	1488	1792
11:15:22.528	rmnet_data0	2800	4489
11:15:22.528	wlan0	10162639	34222396
11:15:23.572	rmnet_ipa0	19917	23516
11:15:23.572	rmnet_data2	0	0
11:15:23.572	rmnet_data1	1488	1792
11:15:23.572	rmnet_data0	2800	4489
11:15:23.572	wlan0	10162639	34222470
11:15:24.616	rmnet_ipa0	19917	23516
11:15:24.616	rmnet_data2	0	0
11:15:24.616	rmnet_data1	1488	1792
11:15:24.616	rmnet_data0	2800	4489
11:15:24.616	wlan0	10162639	34222786
11:15:25.655	rmnet_ipa0	19917	23516
11:15:25.655	rmnet_data2	0	0
11:15:25.655	rmnet_data1	1488	1792
11:15:25.655	rmnet_data0	2800	4489
11:15:25.655	wlan0	10162639	34223273
11:15:26.695	rmnet_ipa0	19917	23516
11:15:26.695	rmnet_data2	0	0
11:15:26.695	rmnet_data1	1488	1792
11:15:26.695	rmnet_data0	2800	4489
11:15:26.695	wlan0	10162639	34223347
11:15:27.741	rmnet_ipa0	19917	23516
11:15:27.741	rmnet_data2	0	0
11:15:27.741	rmnet_data1	1488	1792
11:15:27.741	rmnet_data0	2800	4489
11:15:27.741	wlan0	10162639	34223579
11:15:28.786	rmnet_ipa0	19917	23516
11:15:28.786	rmnet_data2	0	0
11:15:28.786	rmnet_data1	1488	1792
11:15:28.786	rmnet_data0	2800	4489
11:15:28.786	wlan0	10162639	34223849
11:15:29.828	rmnet_ipa0	19917	23516
11:15:29.828	rmnet_data2	0	0
11:15:29.828	rmnet_data1	1488	1792
11:15:29.828	rmnet_data0	2800	4489
11:15:29.828	wlan0	10162639	34224071
11:15:30.875	rmnet_ipa0	19917	23516
11:15:30.875	rmnet_data2	0	0
11:15:30.875	rmnet_data1	1488	1792
11:15:30.875	rmnet_data0	2800	4489
11:15:30.875	wlan0	10162639	34224387
11:15:31.919	rmnet_ipa0	19917	23516
11:15:31.919	rmnet_data2	0	0
11:15:31.919	rmnet_data1	1488	1792
11:15:31.919	rmnet_data0	2800	4489
11:15:31.919	wlan0	10162639	34224682
11:15:32.965	rmnet_ipa0	19917	23516
11:15:32.965	rmnet_data2	0	0
11:15:32.965	rmnet_data1	1488	1792
11:15:32.965	rmnet_data0	2800	4489
11:15:32.965	wlan0	10163575	34226997
11:15:34.012	rmnet_ipa0	19917	23516
11:15:34.012	rmnet_data2	0	0
11:15:34.012	rmnet_data1	1488	1792
11:15:34.012	rmnet_data0	2800	4489
11:15:34.012	wlan0	10165628	34230829
11:15:35.054	rmnet_ipa0	19917	23516
11:15:35.054	rmnet_data2	0	0
11:15:35.054	rmnet_data1	1488	1792
11:15:35.054	rmnet_data0	2800	4489
11:15:35.054	wlan0	10167311	34232095
11:15:36.098	rmnet_ipa0	19917	23516
11:15:36.098	rmnet_data2	0	0
11:15:36.098	rmnet_data1	1488	1792
11:15:36.098	rmnet_data0	2800	4489
11:15:36.098	wlan0	10168063	34233764
11:15:37.144	rmnet_ipa0	19917	23516
11:15:37.144	rmnet_data2	0	0
11:15:37.144	rmnet_data1	1488	1792
11:15:37.144	rmnet_data0	2800	4489
11:15:37.144	wlan0	10169687	34235214
11:15:38.188	rmnet_ipa0	19917	23516
11:15:38.188	rmnet_data2	0	0
11:15:38.188	rmnet_data1	1488	1792
11:15:38.188	rmnet_data0	2800	4489
11:15:38.188	wlan0	10170291	34235951
11:15:39.238	rmnet_ipa0	19917	23516
11:15:39.238	rmnet_data2	0	0
11:15:39.238	rmnet_data1	1488	1792
11:15:39.238	rmnet_data0	2800	4489
11:15:39.238	wlan0	10171529	34237315
11:15:40.283	rmnet_ipa0	19917	23516
11:15:40.283	rmnet_data2	0	0
11:15:40.283	rmnet_data1	1488	1792
11:15:40.283	rmnet_data0	2800	4489
11:15:40.283	wlan0	10172480	34240388
11:15:41.332	rmnet_ipa0	19917	23516
11:15:41.332	rmnet_data2	0	0
11:15:41.332	rmnet_data1	1488	1792
11:15:41.332	rmnet_data0	2800	4489
11:15:41.332	wlan0	10176747	34243135
11:15:42.378	rmnet_ipa0	19917	23516
11:15:42.378	rmnet_data2	0	0
11:15:42.378	rmnet_data1	1488	1792
11:15:42.378	rmnet_data0	2800	4489
11:15:42.378	wlan0	10177083	34243527
11:15:43.420	rmnet_ipa0	19917	23516
11:15:43.420	rmnet_data2	0	0
11:15:43.420	rmnet_data1	1488	1792
11:15:43.420	rmnet_data0	2800	4489
11:15:43.420	wlan0	10177647	34244715
11:15:44.470	rmnet_ipa0	19917	23516
11:15:44.470	rmnet_data2	0	0
11:15:44.470	rmnet_data1	1488	1792
11:15:44.470	rmnet_data0	2800	4489
11:15:44.470	wlan0	10178933	34245922
11:15:45.513	rmnet_ipa0	19917	23516
11:15:45.513	rmnet_data2	0	0
11:15:45.513	rmnet_data1	1488	1792
11:15:45.513	rmnet_data0	2800	4489
11:15:45.513	wlan0	10179269	34246314
11:15:46.565	rmnet_ipa0	19917	23516
11:15:46.565	rmnet_data2	0	0
11:15:46.565	rmnet_data1	1488	1792
11:15:46.565	rmnet_data0	2800	4489
11:15:46.565	wlan0	10179996	34247054
11:15:47.609	rmnet_ipa0	19917	23516
11:15:47.609	rmnet_data2	0	0
11:15:47.609	rmnet_data1	1488	1792
11:15:47.609	rmnet_data0	2800	4489
11:15:47.609	wlan0	10180416	34247544
11:15:48.655	rmnet_ipa0	19917	23516
11:15:48.655	rmnet_data2	0	0
11:15:48.655	rmnet_data1	1488	1792
11:15:48.655	rmnet_data0	2800	4489
11:15:48.655	wlan0	10180584	34247740
11:15:49.699	rmnet_ipa0	19917	23516
11:15:49.699	rmnet_data2	0	0
11:15:49.699	rmnet_data1	1488	1792
11:15:49.699	rmnet_data0	2800	4489
11:15:49.699	wlan0	10181172	34248426
11:15:50.746	rmnet_ipa0	19917	23516
11:15:50.746	rmnet_data2	0	0
11:15:50.746	rmnet_data1	1488	1792
11:15:50.746	rmnet_data0	2800	4489
11:15:50.746	wlan0	10181592	34248916
11:15:51.793	rmnet_ipa0	19917	23516
11:15:51.793	rmnet_data2	0	0
11:15:51.793	rmnet_data1	1488	1792
11:15:51.793	rmnet_data0	2800	4489
11:15:51.793	wlan0	10182148	34249570
11:15:52.839	rmnet_ipa0	19917	23516
11:15:52.839	rmnet_data2	0	0
11:15:52.839	rmnet_data1	1488	1792
11:15:52.839	rmnet_data0	2800	4489
11:15:52.839	wlan0	10182568	34250060
11:15:53.876	rmnet_ipa0	19917	23516
11:15:53.876	rmnet_data2	0	0
11:15:53.876	rmnet_data1	1488	1792
11:15:53.876	rmnet_data0	2800	4489
11:15:53.876	wlan0	10182988	34250550
11:15:54.920	rmnet_ipa0	19917	23516
11:15:54.920	rmnet_data2	0	0
11:15:54.920	rmnet_data1	1488	1792
11:15:54.920	rmnet_data0	2800	4489
11:15:54.920	wlan0	10183408	34251040
11:15:55.974	rmnet_ipa0	19917	23516
11:15:55.974	rmnet_data2	0	0
11:15:55.974	rmnet_data1	1488	1792
11:15:55.974	rmnet_data0	2800	4489
11:15:55.974	wlan0	10183828	34251530
11:15:57.017	rmnet_ipa0	19917	23516
11:15:57.017	rmnet_data2	0	0
11:15:57.017	rmnet_data1	1488	1792
11:15:57.017	rmnet_data0	2800	4489
11:15:57.017	wlan0	10184332	34252118
11:15:58.065	rmnet_ipa0	19917	23516
11:15:58.065	rmnet_data2	0	0
11:15:58.065	rmnet_data1	1488	1792
11:15:58.065	rmnet_data0	2800	4489
11:15:58.065	wlan0	10184752	34252608
11:15:59.105	rmnet_ipa0	19917	23516
11:15:59.105	rmnet_data2	0	0
11:15:59.105	rmnet_data1	1488	1792
11:15:59.105	rmnet_data0	2800	4489
11:15:59.105	wlan0	10185300	34253190
11:16:00.151	rmnet_ipa0	19917	23516
11:16:00.151	rmnet_data2	0	0
11:16:00.151	rmnet_data1	1488	1792
11:16:00.151	rmnet_data0	2800	4489
11:16:00.151	wlan0	10185720	34253680
11:16:01.197	rmnet_ipa0	19917	23516
11:16:01.197	rmnet_data2	0	0
11:16:01.197	rmnet_data1	1488	1792
11:16:01.197	rmnet_data0	2800	4489
11:16:01.197	wlan0	10186140	34254170
11:16:02.242	rmnet_ipa0	19917	23516
11:16:02.242	rmnet_data2	0	0
11:16:02.242	rmnet_data1	1488	1792
11:16:02.242	rmnet_data0	2800	4489
11:16:02.242	wlan0	10186612	34254726
11:16:03.289	rmnet_ipa0	19917	23516
11:16:03.289	rmnet_data2	0	0
11:16:03.289	rmnet_data1	1488	1792
11:16:03.289	rmnet_data0	2800	4489
11:16:03.289	wlan0	10186696	34254866
11:16:04.339	rmnet_ipa0	19917	23516
11:16:04.339	rmnet_data2	0	0
11:16:04.339	rmnet_data1	1488	1792
11:16:04.339	rmnet_data0	2800	4489
11:16:04.339	wlan0	10186696	34255043
11:16:05.385	rmnet_ipa0	19917	23516
11:16:05.385	rmnet_data2	0	0
11:16:05.385	rmnet_data1	1488	1792
11:16:05.385	rmnet_data0	2800	4489
11:16:05.385	wlan0	10186696	34255188
11:16:06.432	rmnet_ipa0	19917	23516
11:16:06.432	rmnet_data2	0	0
11:16:06.432	rmnet_data1	1488	1792
11:16:06.432	rmnet_data0	2800	4489
11:16:06.432	wlan0	10186696	34255365
11:16:07.478	rmnet_ipa0	19917	23516
11:16:07.478	rmnet_data2	0	0
11:16:07.478	rmnet_data1	1488	1792
11:16:07.478	rmnet_data0	2800	4489
11:16:07.478	wlan0	10186696	34256012
11:16:08.520	rmnet_ipa0	19917	23516
11:16:08.520	rmnet_data2	0	0
11:16:08.520	rmnet_data1	1488	1792
11:16:08.520	rmnet_data0	2800	4489
11:16:08.520	wlan0	10186696	34256191
11:16:09.563	rmnet_ipa0	19917	23516
11:16:09.563	rmnet_data2	0	0
11:16:09.563	rmnet_data1	1488	1792
11:16:09.563	rmnet_data0	2800	4489
11:16:09.563	wlan0	10186696	34256191
11:16:10.610	rmnet_ipa0	19917	23516
11:16:10.610	rmnet_data2	0	0
11:16:10.610	rmnet_data1	1488	1792
11:16:10.610	rmnet_data0	2800	4489
11:16:10.610	wlan0	10186696	34256399
11:16:11.652	rmnet_ipa0	19917	23516
11:16:11.652	rmnet_data2	0	0
11:16:11.652	rmnet_data1	1488	1792
11:16:11.652	rmnet_data0	2800	4489
11:16:11.652	wlan0	10186696	34256399
11:16:12.700	rmnet_ipa0	19917	23516
11:16:12.700	rmnet_data2	0	0
11:16:12.700	rmnet_data1	1488	1792
11:16:12.700	rmnet_data0	2800	4489
11:16:12.700	wlan0	10186696	34256504
11:16:13.747	rmnet_ipa0	19917	23516
11:16:13.747	rmnet_data2	0	0
11:16:13.747	rmnet_data1	1488	1792
11:16:13.747	rmnet_data0	2800	4489
11:16:13.747	wlan0	10186696	34256504
11:16:14.789	rmnet_ipa0	19917	23516
11:16:14.789	rmnet_data2	0	0
11:16:14.789	rmnet_data1	1488	1792
11:16:14.789	rmnet_data0	2800	4489
11:16:14.789	wlan0	10186696	34256842
11:16:15.834	rmnet_ipa0	19917	23516
11:16:15.834	rmnet_data2	0	0
11:16:15.834	rmnet_data1	1488	1792
11:16:15.834	rmnet_data0	2800	4489
11:16:15.834	wlan0	10186696	34257077
11:16:16.884	rmnet_ipa0	19917	23516
11:16:16.884	rmnet_data2	0	0
11:16:16.884	rmnet_data1	1488	1792
11:16:16.884	rmnet_data0	2800	4489
11:16:16.884	wlan0	10186696	34257328
11:16:17.928	rmnet_ipa0	19917	23516
11:16:17.928	rmnet_data2	0	0
11:16:17.928	rmnet_data1	1488	1792
11:16:17.928	rmnet_data0	2800	4489
11:16:17.928	wlan0	10186696	34257608
11:16:18.976	rmnet_ipa0	19917	23516
11:16:18.976	rmnet_data2	0	0
11:16:18.976	rmnet_data1	1488	1792
11:16:18.976	rmnet_data0	2800	4489
11:16:18.976	wlan0	10186696	34257787
11:16:20.021	rmnet_ipa0	19917	23516
11:16:20.021	rmnet_data2	0	0
11:16:20.021	rmnet_data1	1488	1792
11:16:20.021	rmnet_data0	2800	4489
11:16:20.021	wlan0	10186696	34257861
11:16:21.064	rmnet_ipa0	19917	23516
11:16:21.064	rmnet_data2	0	0
11:16:21.064	rmnet_data1	1488	1792
11:16:21.064	rmnet_data0	2800	4489
11:16:21.064	wlan0	10186696	34257935
11:16:22.110	rmnet_ipa0	19917	23516
11:16:22.110	rmnet_data2	0	0
11:16:22.110	rmnet_data1	1488	1792
11:16:22.110	rmnet_data0	2800	4489
11:16:22.110	wlan0	10186696	34257935
11:16:23.158	rmnet_ipa0	19917	23516
11:16:23.158	rmnet_data2	0	0
11:16:23.158	rmnet_data1	1488	1792
11:16:23.158	rmnet_data0	2800	4489
11:16:23.158	wlan0	10186696	34258009
11:16:24.204	rmnet_ipa0	19917	23516
11:16:24.204	rmnet_data2	0	0
11:16:24.204	rmnet_data1	1488	1792
11:16:24.204	rmnet_data0	2800	4489
11:16:24.204	wlan0	10186696	34258009
11:16:25.247	rmnet_ipa0	19917	23516
11:16:25.247	rmnet_data2	0	0
11:16:25.247	rmnet_data1	1488	1792
11:16:25.247	rmnet_data0	2800	4489
11:16:25.247	wlan0	10186696	34258009
11:16:26.296	rmnet_ipa0	19917	23516
11:16:26.296	rmnet_data2	0	0
11:16:26.296	rmnet_data1	1488	1792
11:16:26.296	rmnet_data0	2800	4489
11:16:26.296	wlan0	10186696	34258009
11:16:27.342	rmnet_ipa0	19917	23516
11:16:27.342	rmnet_data2	0	0
11:16:27.342	rmnet_data1	1488	1792
11:16:27.342	rmnet_data0	2800	4489
11:16:27.342	wlan0	10186696	34258083
11:16:28.387	rmnet_ipa0	19917	23516
11:16:28.387	rmnet_data2	0	0
11:16:28.387	rmnet_data1	1488	1792
11:16:28.387	rmnet_data0	2800	4489
11:16:28.387	wlan0	10186696	34258083
11:16:29.434	rmnet_ipa0	19917	23516
11:16:29.434	rmnet_data2	0	0
11:16:29.434	rmnet_data1	1488	1792
11:16:29.434	rmnet_data0	2800	4489
11:16:29.434	wlan0	10186696	34258083
11:16:30.481	rmnet_ipa0	19917	23516
11:16:30.481	rmnet_data2	0	0
11:16:30.481	rmnet_data1	1488	1792
11:16:30.481	rmnet_data0	2800	4489
11:16:30.481	wlan0	10186696	34258188
11:16:31.529	rmnet_ipa0	19917	23516
11:16:31.529	rmnet_data2	0	0
11:16:31.529	rmnet_data1	1488	1792
11:16:31.529	rmnet_data0	2800	4489
11:16:31.529	wlan0	10186696	34258188
11:16:32.578	rmnet_ipa0	19917	23516
11:16:32.578	rmnet_data2	0	0
11:16:32.578	rmnet_data1	1488	1792
11:16:32.578	rmnet_data0	2800	4489
11:16:32.578	wlan0	10186696	34259430
11:16:33.626	rmnet_ipa0	19917	23516
11:16:33.626	rmnet_data2	0	0
11:16:33.626	rmnet_data1	1488	1792
11:16:33.626	rmnet_data0	2800	4489
11:16:33.626	wlan0	10186696	34260672
11:16:34.672	rmnet_ipa0	19917	23516
11:16:34.672	rmnet_data2	0	0
11:16:34.672	rmnet_data1	1488	1792
11:16:34.672	rmnet_data0	2800	4489
11:16:34.672	wlan0	10186696	34260672
11:16:35.721	rmnet_ipa0	19917	23516
11:16:35.721	rmnet_data2	0	0
11:16:35.721	rmnet_data1	1488	1792
11:16:35.721	rmnet_data0	2800	4489
11:16:35.721	wlan0	10186696	34263230
11:16:36.764	rmnet_ipa0	19917	23516
11:16:36.764	rmnet_data2	0	0
11:16:36.764	rmnet_data1	1488	1792
11:16:36.764	rmnet_data0	2800	4489
11:16:36.764	wlan0	10186696	34263230
11:16:37.814	rmnet_ipa0	19917	23516
11:16:37.814	rmnet_data2	0	0
11:16:37.814	rmnet_data1	1488	1792
11:16:37.814	rmnet_data0	2800	4489
11:16:37.814	wlan0	10186696	34263230
11:16:38.860	rmnet_ipa0	19917	23516
11:16:38.860	rmnet_data2	0	0
11:16:38.860	rmnet_data1	1488	1792
11:16:38.860	rmnet_data0	2800	4489
11:16:38.860	wlan0	10186696	34263230
11:16:39.905	rmnet_ipa0	19917	23516
11:16:39.905	rmnet_data2	0	0
11:16:39.905	rmnet_data1	1488	1792
11:16:39.905	rmnet_data0	2800	4489
11:16:39.905	wlan0	10186696	34263230
11:16:40.950	rmnet_ipa0	19917	23516
11:16:40.950	rmnet_data2	0	0
11:16:40.950	rmnet_data1	1488	1792
11:16:40.950	rmnet_data0	2800	4489
11:16:40.950	wlan0	10186696	34263230
11:16:41.996	rmnet_ipa0	19917	23516
11:16:41.996	rmnet_data2	0	0
11:16:41.996	rmnet_data1	1488	1792
11:16:41.996	rmnet_data0	2800	4489
11:16:41.996	wlan0	10186696	34263230
11:16:43.048	rmnet_ipa0	19917	23516
11:16:43.048	rmnet_data2	0	0
11:16:43.048	rmnet_data1	1488	1792
11:16:43.048	rmnet_data0	2800	4489
11:16:43.048	wlan0	10186696	34265714
11:16:44.094	rmnet_ipa0	19917	23516
11:16:44.094	rmnet_data2	0	0
11:16:44.094	rmnet_data1	1488	1792
11:16:44.094	rmnet_data0	2800	4489
11:16:44.094	wlan0	10186696	34265714
11:16:45.137	rmnet_ipa0	19917	23516
11:16:45.137	rmnet_data2	0	0
11:16:45.137	rmnet_data1	1488	1792
11:16:45.137	rmnet_data0	2800	4489
11:16:45.137	wlan0	10186696	34265714
11:16:46.185	rmnet_ipa0	19917	23516
11:16:46.185	rmnet_data2	0	0
11:16:46.185	rmnet_data1	1488	1792
11:16:46.185	rmnet_data0	2800	4489
11:16:46.185	wlan0	10186696	34265714
11:16:47.233	rmnet_ipa0	19917	23516
11:16:47.233	rmnet_data2	0	0
11:16:47.233	rmnet_data1	1488	1792
11:16:47.233	rmnet_data0	2800	4489
11:16:47.233	wlan0	10186696	34265714
11:16:48.280	rmnet_ipa0	19917	23516
11:16:48.280	rmnet_data2	0	0
11:16:48.280	rmnet_data1	1488	1792
11:16:48.280	rmnet_data0	2800	4489
11:16:48.280	wlan0	10186724	34265992
11:16:49.322	rmnet_ipa0	19917	23516
11:16:49.322	rmnet_data2	0	0
11:16:49.322	rmnet_data1	1488	1792
11:16:49.322	rmnet_data0	2800	4489
11:16:49.322	wlan0	10186724	34266228
11:16:50.366	rmnet_ipa0	19917	23516
11:16:50.366	rmnet_data2	0	0
11:16:50.366	rmnet_data1	1488	1792
11:16:50.366	rmnet_data0	2800	4489
11:16:50.366	wlan0	10186724	34266464
11:16:51.412	rmnet_ipa0	19917	23516
11:16:51.412	rmnet_data2	0	0
11:16:51.412	rmnet_data1	1488	1792
11:16:51.412	rmnet_data0	2800	4489
11:16:51.412	wlan0	10186724	34266538
11:16:52.457	rmnet_ipa0	19917	23516
11:16:52.457	rmnet_data2	0	0
11:16:52.457	rmnet_data1	1488	1792
11:16:52.457	rmnet_data0	2800	4489
11:16:52.457	wlan0	10186724	34266686
11:16:53.502	rmnet_ipa0	19917	23516
11:16:53.502	rmnet_data2	0	0
11:16:53.502	rmnet_data1	1488	1792
11:16:53.502	rmnet_data0	2800	4489
11:16:53.502	wlan0	10186724	34266736
11:16:54.553	rmnet_ipa0	19917	23516
11:16:54.553	rmnet_data2	0	0
11:16:54.553	rmnet_data1	1488	1792
11:16:54.553	rmnet_data0	2800	4489
11:16:54.553	wlan0	10186724	34266965
11:16:55.599	rmnet_ipa0	19917	23516
11:16:55.599	rmnet_data2	0	0
11:16:55.599	rmnet_data1	1488	1792
11:16:55.599	rmnet_data0	2800	4489
11:16:55.599	wlan0	10186724	34266965
11:16:56.651	rmnet_ipa0	19917	23516
11:16:56.651	rmnet_data2	0	0
11:16:56.651	rmnet_data1	1488	1792
11:16:56.651	rmnet_data0	2800	4489
11:16:56.651	wlan0	10186724	34266965
11:16:57.699	rmnet_ipa0	19917	23516
11:16:57.699	rmnet_data2	0	0
11:16:57.699	rmnet_data1	1488	1792
11:16:57.699	rmnet_data0	2800	4489
11:16:57.699	wlan0	10186724	34267295
11:16:58.746	rmnet_ipa0	19917	23516
11:16:58.746	rmnet_data2	0	0
11:16:58.746	rmnet_data1	1488	1792
11:16:58.746	rmnet_data0	2800	4489
11:16:58.746	wlan0	10186724	34267699
11:16:59.790	rmnet_ipa0	19917	23516
11:16:59.790	rmnet_data2	0	0
11:16:59.790	rmnet_data1	1488	1792
11:16:59.790	rmnet_data0	2800	4489
11:16:59.790	wlan0	10186724	34267847
11:17:00.833	rmnet_ipa0	19917	23516
11:17:00.833	rmnet_data2	0	0
11:17:00.833	rmnet_data1	1488	1792
11:17:00.833	rmnet_data0	2800	4489
11:17:00.833	wlan0	10186724	34268177
11:17:01.882	rmnet_ipa0	19917	23516
11:17:01.882	rmnet_data2	0	0
11:17:01.882	rmnet_data1	1488	1792
11:17:01.882	rmnet_data0	2800	4489
11:17:01.882	wlan0	10186724	34268325
11:17:02.927	rmnet_ipa0	19917	23516
11:17:02.927	rmnet_data2	0	0
11:17:02.927	rmnet_data1	1488	1792
11:17:02.927	rmnet_data0	2800	4489
11:17:02.927	wlan0	10186808	34268719
11:17:03.978	rmnet_ipa0	19917	23516
11:17:03.978	rmnet_data2	0	0
11:17:03.978	rmnet_data1	1488	1792
11:17:03.978	rmnet_data0	2800	4489
11:17:03.978	wlan0	10192439	34275300
11:17:05.023	rmnet_ipa0	19917	23516
11:17:05.023	rmnet_data2	0	0
11:17:05.023	rmnet_data1	1488	1792
11:17:05.023	rmnet_data0	2800	4489
11:17:05.023	wlan0	10198943	34279648
11:17:06.065	rmnet_ipa0	19917	23516
11:17:06.065	rmnet_data2	0	0
11:17:06.065	rmnet_data1	1488	1792
11:17:06.065	rmnet_data0	2800	4489
11:17:06.065	wlan0	10199279	34281393
11:17:07.110	rmnet_ipa0	19917	23516
11:17:07.110	rmnet_data2	0	0
11:17:07.110	rmnet_data1	1488	1792
11:17:07.110	rmnet_data0	2800	4489
11:17:07.110	wlan0	10201598	34282779
11:17:08.158	rmnet_ipa0	19917	23516
11:17:08.158	rmnet_data2	0	0
11:17:08.158	rmnet_data1	1488	1792
11:17:08.158	rmnet_data0	2800	4489
11:17:08.158	wlan0	10203465	34286488
11:17:09.203	rmnet_ipa0	19917	23516
11:17:09.203	rmnet_data2	0	0
11:17:09.203	rmnet_data1	1488	1792
11:17:09.203	rmnet_data0	2800	4489
11:17:09.203	wlan0	10203956	34286946
11:17:10.253	rmnet_ipa0	19917	23516
11:17:10.253	rmnet_data2	0	0
11:17:10.253	rmnet_data1	1488	1792
11:17:10.253	rmnet_data0	2800	4489
11:17:10.253	wlan0	10204208	34287240
11:17:11.297	rmnet_ipa0	19917	23516
11:17:11.297	rmnet_data2	0	0
11:17:11.297	rmnet_data1	1488	1792
11:17:11.297	rmnet_data0	2800	4489
11:17:11.297	wlan0	10204208	34287240
11:17:12.342	rmnet_ipa0	19917	23516
11:17:12.342	rmnet_data2	0	0
11:17:12.342	rmnet_data1	1488	1792
11:17:12.342	rmnet_data0	2800	4489
11:17:12.342	wlan0	10204208	34287240
11:17:13.386	rmnet_ipa0	19917	23516
11:17:13.386	rmnet_data2	0	0
11:17:13.386	rmnet_data1	1488	1792
11:17:13.386	rmnet_data0	2800	4489
11:17:13.386	wlan0	10204208	34287240
11:17:14.436	rmnet_ipa0	19917	23516
11:17:14.436	rmnet_data2	0	0
11:17:14.436	rmnet_data1	1488	1792
11:17:14.436	rmnet_data0	2800	4489
11:17:14.436	wlan0	10204260	34287306
11:17:15.482	rmnet_ipa0	19917	23516
11:17:15.482	rmnet_data2	0	0
11:17:15.482	rmnet_data1	1488	1792
11:17:15.482	rmnet_data0	2800	4489
11:17:15.482	wlan0	10204260	34287306
11:17:16.531	rmnet_ipa0	19917	23516
11:17:16.531	rmnet_data2	0	0
11:17:16.531	rmnet_data1	1488	1792
11:17:16.531	rmnet_data0	2800	4489
11:17:16.531	wlan0	10204260	34287306
11:17:17.579	rmnet_ipa0	19917	23516
11:17:17.579	rmnet_data2	0	0
11:17:17.579	rmnet_data1	1488	1792
11:17:17.579	rmnet_data0	2800	4489
11:17:17.579	wlan0	10204260	34287306
11:17:18.626	rmnet_ipa0	19917	23516
11:17:18.626	rmnet_data2	0	0
11:17:18.626	rmnet_data1	1488	1792
11:17:18.626	rmnet_data0	2800	4489
11:17:18.626	wlan0	10204260	34287306
11:17:19.668	rmnet_ipa0	19917	23516
11:17:19.668	rmnet_data2	0	0
11:17:19.668	rmnet_data1	1488	1792
11:17:19.668	rmnet_data0	2800	4489
11:17:19.668	wlan0	10204260	34287306
11:17:20.715	rmnet_ipa0	19917	23516
11:17:20.715	rmnet_data2	0	0
11:17:20.715	rmnet_data1	1488	1792
11:17:20.715	rmnet_data0	2800	4489
11:17:20.715	wlan0	10204260	34287306
11:17:21.762	rmnet_ipa0	19917	23516
11:17:21.762	rmnet_data2	0	0
11:17:21.762	rmnet_data1	1488	1792
11:17:21.762	rmnet_data0	2800	4489
11:17:21.762	wlan0	10204260	34287306
11:17:22.806	rmnet_ipa0	19917	23516
11:17:22.806	rmnet_data2	0	0
11:17:22.806	rmnet_data1	1488	1792
11:17:22.806	rmnet_data0	2800	4489
11:17:22.806	wlan0	10204510	34287438
11:17:23.849	rmnet_ipa0	19917	23516
11:17:23.849	rmnet_data2	0	0
11:17:23.849	rmnet_data1	1488	1792
11:17:23.849	rmnet_data0	2800	4489
11:17:23.849	wlan0	10204562	34287504
11:17:24.895	rmnet_ipa0	19917	23516
11:17:24.895	rmnet_data2	0	0
11:17:24.895	rmnet_data1	1488	1792
11:17:24.895	rmnet_data0	2800	4489
11:17:24.895	wlan0	10204614	34287570
11:17:25.944	rmnet_ipa0	19917	23516
11:17:25.944	rmnet_data2	0	0
11:17:25.944	rmnet_data1	1488	1792
11:17:25.944	rmnet_data0	2800	4489
11:17:25.944	wlan0	10204732	34290298
11:17:26.989	rmnet_ipa0	19917	23516
11:17:26.989	rmnet_data2	0	0
11:17:26.989	rmnet_data1	1488	1792
11:17:26.989	rmnet_data0	2800	4489
11:17:26.989	wlan0	10206299	34292447
11:17:28.041	rmnet_ipa0	19917	23516
11:17:28.041	rmnet_data2	0	0
11:17:28.041	rmnet_data1	1488	1792
11:17:28.041	rmnet_data0	2800	4489
11:17:28.041	wlan0	10207378	34293288
11:17:29.093	rmnet_ipa0	19917	23516
11:17:29.093	rmnet_data2	0	0
11:17:29.093	rmnet_data1	1488	1792
11:17:29.093	rmnet_data0	2800	4489
11:17:29.093	wlan0	10207378	34293288
11:17:30.140	rmnet_ipa0	19917	23516
11:17:30.140	rmnet_data2	0	0
11:17:30.140	rmnet_data1	1488	1792
11:17:30.140	rmnet_data0	2800	4489
11:17:30.140	wlan0	10207575	34293519
11:17:31.187	rmnet_ipa0	19917	23516
11:17:31.187	rmnet_data2	0	0
11:17:31.187	rmnet_data1	1488	1792
11:17:31.187	rmnet_data0	2800	4489
11:17:31.187	wlan0	10207575	34293519
11:17:32.233	rmnet_ipa0	19917	23516
11:17:32.233	rmnet_data2	0	0
11:17:32.233	rmnet_data1	1488	1792
11:17:32.233	rmnet_data0	2800	4489
11:17:32.233	wlan0	10207575	34293519
11:17:33.279	rmnet_ipa0	19917	23516
11:17:33.279	rmnet_data2	0	0
11:17:33.279	rmnet_data1	1488	1792
11:17:33.279	rmnet_data0	2800	4489
11:17:33.279	wlan0	10207575	34293519
11:17:34.325	rmnet_ipa0	19917	23516
11:17:34.325	rmnet_data2	0	0
11:17:34.325	rmnet_data1	1488	1792
11:17:34.325	rmnet_data0	2800	4489
11:17:34.325	wlan0	10207575	34293519
11:17:35.367	rmnet_ipa0	19917	23516
11:17:35.367	rmnet_data2	0	0
11:17:35.367	rmnet_data1	1488	1792
11:17:35.367	rmnet_data0	2800	4489
11:17:35.367	wlan0	10207575	34293519
11:17:36.410	rmnet_ipa0	19917	23516
11:17:36.410	rmnet_data2	0	0
11:17:36.410	rmnet_data1	1488	1792
11:17:36.410	rmnet_data0	2800	4489
11:17:36.410	wlan0	10207575	34293519
11:17:37.456	rmnet_ipa0	19917	23516
11:17:37.456	rmnet_data2	0	0
11:17:37.456	rmnet_data1	1488	1792
11:17:37.456	rmnet_data0	2800	4489
11:17:37.456	wlan0	10207575	34293519
11:17:38.506	rmnet_ipa0	19917	23516
11:17:38.506	rmnet_data2	0	0
11:17:38.506	rmnet_data1	1488	1792
11:17:38.506	rmnet_data0	2800	4489
11:17:38.506	wlan0	10207575	34298070
11:17:39.542	rmnet_ipa0	19917	23516
11:17:39.542	rmnet_data2	0	0
11:17:39.542	rmnet_data1	1488	1792
11:17:39.542	rmnet_data0	2800	4489
11:17:39.542	wlan0	10207575	34299808
11:17:40.584	rmnet_ipa0	19917	23516
11:17:40.584	rmnet_data2	0	0
11:17:40.584	rmnet_data1	1488	1792
11:17:40.584	rmnet_data0	2800	4489
11:17:40.584	wlan0	10207575	34301705
11:17:41.622	rmnet_ipa0	19917	23516
11:17:41.622	rmnet_data2	0	0
11:17:41.622	rmnet_data1	1488	1792
11:17:41.622	rmnet_data0	2800	4489
11:17:41.622	wlan0	10207575	34303602
11:17:42.656	rmnet_ipa0	19917	23516
11:17:42.656	rmnet_data2	0	0
11:17:42.656	rmnet_data1	1488	1792
11:17:42.656	rmnet_data0	2800	4489
11:17:42.656	wlan0	10207575	34303602
11:17:43.696	rmnet_ipa0	19917	23516
11:17:43.696	rmnet_data2	0	0
11:17:43.696	rmnet_data1	1488	1792
11:17:43.696	rmnet_data0	2800	4489
11:17:43.696	wlan0	10207575	34303676
11:17:44.741	rmnet_ipa0	19917	23516
11:17:44.741	rmnet_data2	0	0
11:17:44.741	rmnet_data1	1488	1792
11:17:44.741	rmnet_data0	2800	4489
11:17:44.741	wlan0	10207575	34305393
11:17:45.781	rmnet_ipa0	19917	23516
11:17:45.781	rmnet_data2	0	0
11:17:45.781	rmnet_data1	1488	1792
11:17:45.781	rmnet_data0	2800	4489
11:17:45.781	wlan0	10207575	34305474
11:17:46.825	rmnet_ipa0	19917	23516
11:17:46.825	rmnet_data2	0	0
11:17:46.825	rmnet_data1	1488	1792
11:17:46.825	rmnet_data0	2800	4489
11:17:46.825	wlan0	10207575	34305474
11:17:47.864	rmnet_ipa0	19917	23516
11:17:47.864	rmnet_data2	0	0
11:17:47.864	rmnet_data1	1488	1792
11:17:47.864	rmnet_data0	2800	4489
11:17:47.864	wlan0	10207575	34305785
11:17:48.897	rmnet_ipa0	19917	23516
11:17:48.897	rmnet_data2	0	0
11:17:48.897	rmnet_data1	1488	1792
11:17:48.897	rmnet_data0	2800	4489
11:17:48.897	wlan0	10207575	34305785
11:17:49.931	rmnet_ipa0	19917	23516
11:17:49.931	rmnet_data2	0	0
11:17:49.931	rmnet_data1	1488	1792
11:17:49.931	rmnet_data0	2800	4489
11:17:49.931	wlan0	10207575	34305943
11:17:50.963	rmnet_ipa0	19917	23516
11:17:50.963	rmnet_data2	0	0
11:17:50.963	rmnet_data1	1488	1792
11:17:50.963	rmnet_data0	2800	4489
11:17:50.963	wlan0	10207575	34307581
11:17:52.003	rmnet_ipa0	19917	23516
11:17:52.003	rmnet_data2	0	0
11:17:52.003	rmnet_data1	1488	1792
11:17:52.003	rmnet_data0	2800	4489
11:17:52.003	wlan0	10207575	34307811
11:17:53.036	rmnet_ipa0	19917	23516
11:17:53.036	rmnet_data2	0	0
11:17:53.036	rmnet_data1	1488	1792
11:17:53.036	rmnet_data0	2800	4489
11:17:53.036	wlan0	10207575	34307969
11:17:54.074	rmnet_ipa0	19917	23516
11:17:54.074	rmnet_data2	0	0
11:17:54.074	rmnet_data1	1488	1792
11:17:54.074	rmnet_data0	2800	4489
11:17:54.074	wlan0	10207575	34308115
11:17:55.108	rmnet_ipa0	19917	23516
11:17:55.108	rmnet_data2	0	0
11:17:55.108	rmnet_data1	1488	1792
11:17:55.108	rmnet_data0	2800	4489
11:17:55.108	wlan0	10207575	34308261
11:17:56.145	rmnet_ipa0	19917	23516
11:17:56.145	rmnet_data2	0	0
11:17:56.145	rmnet_data1	1488	1792
11:17:56.145	rmnet_data0	2800	4489
11:17:56.145	wlan0	10207575	34308385
11:17:57.178	rmnet_ipa0	19917	23516
11:17:57.178	rmnet_data2	0	0
11:17:57.178	rmnet_data1	1488	1792
11:17:57.178	rmnet_data0	2800	4489
11:17:57.178	wlan0	10207575	34308612
11:17:58.205	rmnet_ipa0	19917	23516
11:17:58.205	rmnet_data2	0	0
11:17:58.205	rmnet_data1	1488	1792
11:17:58.205	rmnet_data0	2800	4489
11:17:58.205	wlan0	10207575	34308684
11:17:59.245	rmnet_ipa0	19917	23516
11:17:59.245	rmnet_data2	0	0
11:17:59.245	rmnet_data1	1488	1792
11:17:59.245	rmnet_data0	2800	4489
11:17:59.245	wlan0	10207603	34308879
11:18:00.286	rmnet_ipa0	19917	23516
11:18:00.286	rmnet_data2	0	0
11:18:00.286	rmnet_data1	1488	1792
11:18:00.286	rmnet_data0	2800	4489
11:18:00.286	wlan0	10207603	34308951
11:18:01.324	rmnet_ipa0	19917	23516
11:18:01.324	rmnet_data2	0	0
11:18:01.324	rmnet_data1	1488	1792
11:18:01.324	rmnet_data0	2800	4489
11:18:01.324	wlan0	10207603	34309025
11:18:02.367	rmnet_ipa0	19917	23516
11:18:02.367	rmnet_data2	0	0
11:18:02.367	rmnet_data1	1488	1792
11:18:02.367	rmnet_data0	2800	4489
11:18:02.367	wlan0	10207603	34309295
11:18:03.399	rmnet_ipa0	19917	23516
11:18:03.399	rmnet_data2	0	0
11:18:03.399	rmnet_data1	1488	1792
11:18:03.399	rmnet_data0	2800	4489
11:18:03.399	wlan0	10207603	34309387
11:18:04.435	rmnet_ipa0	19917	23516
11:18:04.435	rmnet_data2	0	0
11:18:04.435	rmnet_data1	1488	1792
11:18:04.435	rmnet_data0	2800	4489
11:18:04.435	wlan0	10207603	34310879
11:18:05.465	rmnet_ipa0	19917	23516
11:18:05.465	rmnet_data2	0	0
11:18:05.465	rmnet_data1	1488	1792
11:18:05.465	rmnet_data0	2800	4489
11:18:05.465	wlan0	10207603	34311399
11:18:06.503	rmnet_ipa0	19917	23516
11:18:06.503	rmnet_data2	0	0
11:18:06.503	rmnet_data1	1488	1792
11:18:06.503	rmnet_data0	2800	4489
11:18:06.503	wlan0	10207603	34311803
11:18:07.540	rmnet_ipa0	19917	23516
11:18:07.540	rmnet_data2	0	0
11:18:07.540	rmnet_data1	1488	1792
11:18:07.540	rmnet_data0	2800	4489
11:18:07.540	wlan0	10207603	34312175
11:18:08.579	rmnet_ipa0	19917	23516
11:18:08.579	rmnet_data2	0	0
11:18:08.579	rmnet_data1	1488	1792
11:18:08.579	rmnet_data0	2800	4489
11:18:08.579	wlan0	10207603	34312397
11:18:09.625	rmnet_ipa0	19917	23516
11:18:09.625	rmnet_data2	0	0
11:18:09.625	rmnet_data1	1488	1792
11:18:09.625	rmnet_data0	2800	4489
11:18:09.625	wlan0	10207603	34312619
11:18:10.661	rmnet_ipa0	19917	23516
11:18:10.661	rmnet_data2	0	0
11:18:10.661	rmnet_data1	1488	1792
11:18:10.661	rmnet_data0	2800	4489
11:18:10.661	wlan0	10207603	34312801
11:18:11.714	rmnet_ipa0	19917	23516
11:18:11.714	rmnet_data2	0	0
11:18:11.714	rmnet_data1	1488	1792
11:18:11.714	rmnet_data0	2800	4489
11:18:11.714	wlan0	10207603	34312949
11:18:12.760	rmnet_ipa0	19917	23516
11:18:12.760	rmnet_data2	0	0
11:18:12.760	rmnet_data1	1488	1792
11:18:12.760	rmnet_data0	2800	4489
11:18:12.760	wlan0	10207603	34313131
11:18:13.807	rmnet_ipa0	19917	23516
11:18:13.807	rmnet_data2	0	0
11:18:13.807	rmnet_data1	1488	1792
11:18:13.807	rmnet_data0	2800	4489
11:18:13.807	wlan0	10207603	34313313
11:18:14.851	rmnet_ipa0	19917	23516
11:18:14.851	rmnet_data2	0	0
11:18:14.851	rmnet_data1	1488	1792
11:18:14.851	rmnet_data0	2800	4489
11:18:14.851	wlan0	10207603	34313313
11:18:15.896	rmnet_ipa0	19917	23516
11:18:15.896	rmnet_data2	0	0
11:18:15.896	rmnet_data1	1488	1792
11:18:15.896	rmnet_data0	2800	4489
11:18:15.896	wlan0	10207603	34313313
11:18:16.942	rmnet_ipa0	19917	23516
11:18:16.942	rmnet_data2	0	0
11:18:16.942	rmnet_data1	1488	1792
11:18:16.942	rmnet_data0	2800	4489
11:18:16.942	wlan0	10207603	34313363
11:18:17.992	rmnet_ipa0	19917	23516
11:18:17.992	rmnet_data2	0	0
11:18:17.992	rmnet_data1	1488	1792
11:18:17.992	rmnet_data0	2800	4489
11:18:17.992	wlan0	10207603	34313774
11:18:19.037	rmnet_ipa0	19917	23516
11:18:19.037	rmnet_data2	0	0
11:18:19.037	rmnet_data1	1488	1792
11:18:19.037	rmnet_data0	2800	4489
11:18:19.037	wlan0	10207603	34313922
11:18:20.080	rmnet_ipa0	19917	23516
11:18:20.080	rmnet_data2	0	0
11:18:20.080	rmnet_data1	1488	1792
11:18:20.080	rmnet_data0	2800	4489
11:18:20.080	wlan0	10207603	34314333
11:18:21.126	rmnet_ipa0	19917	23516
11:18:21.126	rmnet_data2	0	0
11:18:21.126	rmnet_data1	1488	1792
11:18:21.126	rmnet_data0	2800	4489
11:18:21.126	wlan0	10207603	34314663
11:18:22.170	rmnet_ipa0	19917	23516
11:18:22.170	rmnet_data2	0	0
11:18:22.170	rmnet_data1	1488	1792
11:18:22.170	rmnet_data0	2800	4489
11:18:22.170	wlan0	10207603	34314969
11:18:23.217	rmnet_ipa0	19917	23516
11:18:23.217	rmnet_data2	0	0
11:18:23.217	rmnet_data1	1488	1792
11:18:23.217	rmnet_data0	2800	4489
11:18:23.217	wlan0	10207603	34315191
11:18:24.264	rmnet_ipa0	19917	23516
11:18:24.264	rmnet_data2	0	0
11:18:24.264	rmnet_data1	1488	1792
11:18:24.264	rmnet_data0	2800	4489
11:18:24.264	wlan0	10207603	34315531
11:18:25.308	rmnet_ipa0	19917	23516
11:18:25.308	rmnet_data2	0	0
11:18:25.308	rmnet_data1	1488	1792
11:18:25.308	rmnet_data0	2800	4489
11:18:25.308	wlan0	10207603	34315837
11:18:26.355	rmnet_ipa0	19917	23516
11:18:26.355	rmnet_data2	0	0
11:18:26.355	rmnet_data1	1488	1792
11:18:26.355	rmnet_data0	2800	4489
11:18:26.355	wlan0	10207603	34316287
11:18:27.400	rmnet_ipa0	19917	23516
11:18:27.400	rmnet_data2	0	0
11:18:27.400	rmnet_data1	1488	1792
11:18:27.400	rmnet_data0	2800	4489
11:18:27.400	wlan0	10207603	34316585
11:18:28.448	rmnet_ipa0	19917	23516
11:18:28.448	rmnet_data2	0	0
11:18:28.448	rmnet_data1	1488	1792
11:18:28.448	rmnet_data0	2800	4489
11:18:28.448	wlan0	10207631	34316801
11:18:29.495	rmnet_ipa0	19917	23516
11:18:29.495	rmnet_data2	0	0
11:18:29.495	rmnet_data1	1488	1792
11:18:29.495	rmnet_data0	2800	4489
11:18:29.495	wlan0	10207631	34317099
11:18:30.543	rmnet_ipa0	19917	23516
11:18:30.543	rmnet_data2	0	0
11:18:30.543	rmnet_data1	1488	1792
11:18:30.543	rmnet_data0	2800	4489
11:18:30.543	wlan0	10207631	34317215
11:18:31.590	rmnet_ipa0	19917	23516
11:18:31.590	rmnet_data2	0	0
11:18:31.590	rmnet_data1	1488	1792
11:18:31.590	rmnet_data0	2800	4489
11:18:31.590	wlan0	10207631	34317619
11:18:32.636	rmnet_ipa0	19917	23516
11:18:32.636	rmnet_data2	0	0
11:18:32.636	rmnet_data1	1488	1792
11:18:32.636	rmnet_data0	2800	4489
11:18:32.636	wlan0	10207631	34317841
11:18:33.683	rmnet_ipa0	19917	23516
11:18:33.683	rmnet_data2	0	0
11:18:33.683	rmnet_data1	1488	1792
11:18:33.683	rmnet_data0	2800	4489
11:18:33.683	wlan0	10207631	34318329
11:18:34.728	rmnet_ipa0	19917	23516
11:18:34.728	rmnet_data2	0	0
11:18:34.728	rmnet_data1	1488	1792
11:18:34.728	rmnet_data0	2800	4489
11:18:34.728	wlan0	10207631	34318733
11:18:35.774	rmnet_ipa0	19917	23516
11:18:35.774	rmnet_data2	0	0
11:18:35.774	rmnet_data1	1488	1792
11:18:35.774	rmnet_data0	2800	4489
11:18:35.774	wlan0	10210363	34325308
11:18:36.821	rmnet_ipa0	19917	23516
11:18:36.821	rmnet_data2	0	0
11:18:36.821	rmnet_data1	1488	1792
11:18:36.821	rmnet_data0	2800	4489
11:18:36.821	wlan0	10213396	34326895
11:18:37.865	rmnet_ipa0	19917	23516
11:18:37.865	rmnet_data2	0	0
11:18:37.865	rmnet_data1	1488	1792
11:18:37.865	rmnet_data0	2800	4489
11:18:37.865	wlan0	10213480	34326993
11:18:38.909	rmnet_ipa0	19917	23516
11:18:38.909	rmnet_data2	0	0
11:18:38.909	rmnet_data1	1488	1792
11:18:38.909	rmnet_data0	2800	4489
11:18:38.909	wlan0	10213564	34327091
11:18:39.956	rmnet_ipa0	19917	23516
11:18:39.956	rmnet_data2	0	0
11:18:39.956	rmnet_data1	1488	1792
11:18:39.956	rmnet_data0	2800	4489
11:18:39.956	wlan0	10213564	34327091
11:18:41.001	rmnet_ipa0	19917	23516
11:18:41.001	rmnet_data2	0	0
11:18:41.001	rmnet_data1	1488	1792
11:18:41.001	rmnet_data0	2800	4489
11:18:41.001	wlan0	10213564	34327165
11:18:42.048	rmnet_ipa0	19917	23516
11:18:42.048	rmnet_data2	0	0
11:18:42.048	rmnet_data1	1488	1792
11:18:42.048	rmnet_data0	2800	4489
11:18:42.048	wlan0	10214778	34328909
11:18:43.092	rmnet_ipa0	19917	23516
11:18:43.092	rmnet_data2	0	0
11:18:43.092	rmnet_data1	1488	1792
11:18:43.092	rmnet_data0	2800	4489
11:18:43.092	wlan0	10214778	34328909
11:18:44.139	rmnet_ipa0	19917	23516
11:18:44.139	rmnet_data2	0	0
11:18:44.139	rmnet_data1	1488	1792
11:18:44.139	rmnet_data0	2800	4489
11:18:44.139	wlan0	10214778	34328909
11:18:45.184	rmnet_ipa0	19917	23516
11:18:45.184	rmnet_data2	0	0
11:18:45.184	rmnet_data1	1488	1792
11:18:45.184	rmnet_data0	2800	4489
11:18:45.184	wlan0	10214778	34328909
11:18:46.228	rmnet_ipa0	19917	23516
11:18:46.228	rmnet_data2	0	0
11:18:46.228	rmnet_data1	1488	1792
11:18:46.228	rmnet_data0	2800	4489
11:18:46.228	wlan0	10214778	34328909
11:18:47.270	rmnet_ipa0	19917	23516
11:18:47.270	rmnet_data2	0	0
11:18:47.270	rmnet_data1	1488	1792
11:18:47.270	rmnet_data0	2800	4489
11:18:47.270	wlan0	10214778	34328909
11:18:48.316	rmnet_ipa0	19917	23516
11:18:48.316	rmnet_data2	0	0
11:18:48.316	rmnet_data1	1488	1792
11:18:48.316	rmnet_data0	2800	4489
11:18:48.316	wlan0	10214778	34328909
11:18:49.362	rmnet_ipa0	19917	23516
11:18:49.362	rmnet_data2	0	0
11:18:49.362	rmnet_data1	1488	1792
11:18:49.362	rmnet_data0	2800	4489
11:18:49.362	wlan0	10214778	34328909
11:18:50.412	rmnet_ipa0	19917	23516
11:18:50.412	rmnet_data2	0	0
11:18:50.412	rmnet_data1	1488	1792
11:18:50.412	rmnet_data0	2800	4489
11:18:50.412	wlan0	10214778	34328909
11:18:51.460	rmnet_ipa0	19917	23516
11:18:51.460	rmnet_data2	0	0
11:18:51.460	rmnet_data1	1488	1792
11:18:51.460	rmnet_data0	2800	4489
11:18:51.460	wlan0	10214778	34328909
11:18:52.504	rmnet_ipa0	19917	23516
11:18:52.504	rmnet_data2	0	0
11:18:52.504	rmnet_data1	1488	1792
11:18:52.504	rmnet_data0	2800	4489
11:18:52.504	wlan0	10214778	34328909
11:18:53.549	rmnet_ipa0	19917	23516
11:18:53.549	rmnet_data2	0	0
11:18:53.549	rmnet_data1	1488	1792
11:18:53.549	rmnet_data0	2800	4489
11:18:53.549	wlan0	10214778	34328909
11:18:54.598	rmnet_ipa0	19917	23516
11:18:54.598	rmnet_data2	0	0
11:18:54.598	rmnet_data1	1488	1792
11:18:54.598	rmnet_data0	2800	4489
11:18:54.598	wlan0	10214778	34328909
11:18:55.641	rmnet_ipa0	19917	23516
11:18:55.641	rmnet_data2	0	0
11:18:55.641	rmnet_data1	1488	1792
11:18:55.641	rmnet_data0	2800	4489
11:18:55.641	wlan0	10214778	34328909
11:18:56.685	rmnet_ipa0	19917	23516
11:18:56.685	rmnet_data2	0	0
11:18:56.685	rmnet_data1	1488	1792
11:18:56.685	rmnet_data0	2800	4489
11:18:56.685	wlan0	10214778	34328909
11:18:57.729	rmnet_ipa0	19917	23516
11:18:57.729	rmnet_data2	0	0
11:18:57.729	rmnet_data1	1488	1792
11:18:57.729	rmnet_data0	2800	4489
11:18:57.729	wlan0	10214778	34331575
11:18:58.766	rmnet_ipa0	19917	23516
11:18:58.766	rmnet_data2	0	0
11:18:58.766	rmnet_data1	1488	1792
11:18:58.766	rmnet_data0	2800	4489
11:18:58.766	wlan0	10223801	34335450
11:18:59.805	rmnet_ipa0	19917	23516
11:18:59.805	rmnet_data2	0	0
11:18:59.805	rmnet_data1	1488	1792
11:18:59.805	rmnet_data0	2800	4489
11:18:59.805	wlan0	10223877	34335450
11:19:00.847	rmnet_ipa0	19917	23516
11:19:00.847	rmnet_data2	0	0
11:19:00.847	rmnet_data1	1488	1792
11:19:00.847	rmnet_data0	2800	4489
11:19:00.847	wlan0	10223877	34335450
11:19:01.885	rmnet_ipa0	19917	23516
11:19:01.885	rmnet_data2	0	0
11:19:01.885	rmnet_data1	1488	1792
11:19:01.885	rmnet_data0	2800	4489
11:19:01.885	wlan0	10223877	34335450
11:19:02.922	rmnet_ipa0	19917	23516
11:19:02.922	rmnet_data2	0	0
11:19:02.922	rmnet_data1	1488	1792
11:19:02.922	rmnet_data0	2800	4489
11:19:02.922	wlan0	10223877	34335450
11:19:03.950	rmnet_ipa0	19917	23516
11:19:03.950	rmnet_data2	0	0
11:19:03.950	rmnet_data1	1488	1792
11:19:03.950	rmnet_data0	2800	4489
11:19:03.950	wlan0	10223961	34335576
11:19:04.991	rmnet_ipa0	19917	23516
11:19:04.991	rmnet_data2	0	0
11:19:04.991	rmnet_data1	1488	1792
11:19:04.991	rmnet_data0	2800	4489
11:19:04.991	wlan0	10223961	34335576
11:19:06.039	rmnet_ipa0	19917	23516
11:19:06.039	rmnet_data2	0	0
11:19:06.039	rmnet_data1	1488	1792
11:19:06.039	rmnet_data0	2800	4489
11:19:06.039	wlan0	10223961	34335679
11:19:07.084	rmnet_ipa0	19917	23516
11:19:07.084	rmnet_data2	0	0
11:19:07.084	rmnet_data1	1488	1792
11:19:07.084	rmnet_data0	2800	4489
11:19:07.084	wlan0	10223961	34335782
11:19:08.123	rmnet_ipa0	19917	23516
11:19:08.123	rmnet_data2	0	0
11:19:08.123	rmnet_data1	1488	1792
11:19:08.123	rmnet_data0	2800	4489
11:19:08.123	wlan0	10223961	34335885
11:19:09.164	rmnet_ipa0	19917	23516
11:19:09.164	rmnet_data2	0	0
11:19:09.164	rmnet_data1	1488	1792
11:19:09.164	rmnet_data0	2800	4489
11:19:09.164	wlan0	10223961	34335988
11:19:10.198	rmnet_ipa0	19917	23516
11:19:10.198	rmnet_data2	0	0
11:19:10.198	rmnet_data1	1488	1792
11:19:10.198	rmnet_data0	2800	4489
11:19:10.198	wlan0	10223961	34335988
11:19:11.239	rmnet_ipa0	19917	23516
11:19:11.239	rmnet_data2	0	0
11:19:11.239	rmnet_data1	1488	1792
11:19:11.239	rmnet_data0	2800	4489
11:19:11.239	wlan0	10223961	34335988
11:19:12.285	rmnet_ipa0	19917	23516
11:19:12.285	rmnet_data2	0	0
11:19:12.285	rmnet_data1	1488	1792
11:19:12.285	rmnet_data0	2800	4489
11:19:12.285	wlan0	10223961	34336091
11:19:13.323	rmnet_ipa0	19917	23516
11:19:13.323	rmnet_data2	0	0
11:19:13.323	rmnet_data1	1488	1792
11:19:13.323	rmnet_data0	2800	4489
11:19:13.323	wlan0	10223961	34336221
11:19:14.359	rmnet_ipa0	19917	23516
11:19:14.359	rmnet_data2	0	0
11:19:14.359	rmnet_data1	1488	1792
11:19:14.359	rmnet_data0	2800	4489
11:19:14.359	wlan0	10223961	34336221
11:19:15.394	rmnet_ipa0	19973	23572
11:19:15.394	rmnet_data2	0	0
11:19:15.394	rmnet_data1	1488	1792
11:19:15.394	rmnet_data0	2848	4537
11:19:15.394	wlan0	10223961	34336221
11:19:16.437	rmnet_ipa0	19973	23572
11:19:16.437	rmnet_data2	0	0
11:19:16.437	rmnet_data1	1488	1792
11:19:16.437	rmnet_data0	2848	4537
11:19:16.437	wlan0	10223961	34336390
11:19:17.480	rmnet_ipa0	19973	23572
11:19:17.480	rmnet_data2	0	0
11:19:17.480	rmnet_data1	1488	1792
11:19:17.480	rmnet_data0	2848	4537
11:19:17.480	wlan0	10223961	34336633
11:19:18.529	rmnet_ipa0	19973	23572
11:19:18.529	rmnet_data2	0	0
11:19:18.529	rmnet_data1	1488	1792
11:19:18.529	rmnet_data0	2848	4537
11:19:18.529	wlan0	10223961	34336707
11:19:19.581	rmnet_ipa0	19973	23572
11:19:19.581	rmnet_data2	0	0
11:19:19.581	rmnet_data1	1488	1792
11:19:19.581	rmnet_data0	2848	4537
11:19:19.581	wlan0	10223961	34336884
11:19:20.623	rmnet_ipa0	19973	23572
11:19:20.623	rmnet_data2	0	0
11:19:20.623	rmnet_data1	1488	1792
11:19:20.623	rmnet_data0	2848	4537
11:19:20.623	wlan0	10223961	34336958
11:19:21.665	rmnet_ipa0	19973	23572
11:19:21.665	rmnet_data2	0	0
11:19:21.665	rmnet_data1	1488	1792
11:19:21.665	rmnet_data0	2848	4537
11:19:21.665	wlan0	10223961	34337032
11:19:22.706	rmnet_ipa0	19973	23572
11:19:22.706	rmnet_data2	0	0
11:19:22.706	rmnet_data1	1488	1792
11:19:22.706	rmnet_data0	2848	4537
11:19:22.706	wlan0	10223961	34337106
11:19:23.750	rmnet_ipa0	19973	23572
11:19:23.750	rmnet_data2	0	0
11:19:23.750	rmnet_data1	1488	1792
11:19:23.750	rmnet_data0	2848	4537
11:19:23.750	wlan0	10223961	34337106
11:19:24.797	rmnet_ipa0	19973	23572
11:19:24.797	rmnet_data2	0	0
11:19:24.797	rmnet_data1	1488	1792
11:19:24.797	rmnet_data0	2848	4537
11:19:24.797	wlan0	10223961	34337180
11:19:25.840	rmnet_ipa0	19973	23572
11:19:25.840	rmnet_data2	0	0
11:19:25.840	rmnet_data1	1488	1792
11:19:25.840	rmnet_data0	2848	4537
11:19:25.840	wlan0	10223961	34337180
11:19:26.878	rmnet_ipa0	19973	23572
11:19:26.878	rmnet_data2	0	0
11:19:26.878	rmnet_data1	1488	1792
11:19:26.878	rmnet_data0	2848	4537
11:19:26.878	wlan0	10223961	34337180
11:19:27.923	rmnet_ipa0	19973	23572
11:19:27.923	rmnet_data2	0	0
11:19:27.923	rmnet_data1	1488	1792
11:19:27.923	rmnet_data0	2848	4537
11:19:27.923	wlan0	10223961	34337180
11:19:28.963	rmnet_ipa0	19973	23572
11:19:28.963	rmnet_data2	0	0
11:19:28.963	rmnet_data1	1488	1792
11:19:28.963	rmnet_data0	2848	4537
11:19:28.963	wlan0	10223961	34337254
11:19:30.011	rmnet_ipa0	19973	23572
11:19:30.011	rmnet_data2	0	0
11:19:30.011	rmnet_data1	1488	1792
11:19:30.011	rmnet_data0	2848	4537
11:19:30.011	wlan0	10223961	34337254
11:19:31.061	rmnet_ipa0	19973	23572
11:19:31.061	rmnet_data2	0	0
11:19:31.061	rmnet_data1	1488	1792
11:19:31.061	rmnet_data0	2848	4537
11:19:31.061	wlan0	10223961	34337254
11:19:32.111	rmnet_ipa0	19973	23572
11:19:32.111	rmnet_data2	0	0
11:19:32.111	rmnet_data1	1488	1792
11:19:32.111	rmnet_data0	2848	4537
11:19:32.111	wlan0	10223961	34337254
11:19:33.148	rmnet_ipa0	19973	23572
11:19:33.148	rmnet_data2	0	0
11:19:33.148	rmnet_data1	1488	1792
11:19:33.148	rmnet_data0	2848	4537
11:19:33.148	wlan0	10223961	34337254
11:19:34.199	rmnet_ipa0	19973	23572
11:19:34.199	rmnet_data2	0	0
11:19:34.199	rmnet_data1	1488	1792
11:19:34.199	rmnet_data0	2848	4537
11:19:34.199	wlan0	10223961	34337254
11:19:35.247	rmnet_ipa0	19973	23572
11:19:35.247	rmnet_data2	0	0
11:19:35.247	rmnet_data1	1488	1792
11:19:35.247	rmnet_data0	2848	4537
11:19:35.247	wlan0	10223961	34337254
11:19:36.293	rmnet_ipa0	19973	23572
11:19:36.293	rmnet_data2	0	0
11:19:36.293	rmnet_data1	1488	1792
11:19:36.293	rmnet_data0	2848	4537
11:19:36.293	wlan0	10223961	34337254
11:19:37.342	rmnet_ipa0	19973	23572
11:19:37.342	rmnet_data2	0	0
11:19:37.342	rmnet_data1	1488	1792
11:19:37.342	rmnet_data0	2848	4537
11:19:37.342	wlan0	10223961	34337421
11:19:38.388	rmnet_ipa0	19973	23572
11:19:38.388	rmnet_data2	0	0
11:19:38.388	rmnet_data1	1488	1792
11:19:38.388	rmnet_data0	2848	4537
11:19:38.388	wlan0	10223961	34341514
11:19:39.436	rmnet_ipa0	19973	23572
11:19:39.436	rmnet_data2	0	0
11:19:39.436	rmnet_data1	1488	1792
11:19:39.436	rmnet_data0	2848	4537
11:19:39.436	wlan0	10223961	34341607
11:19:40.481	rmnet_ipa0	19973	23572
11:19:40.481	rmnet_data2	0	0
11:19:40.481	rmnet_data1	1488	1792
11:19:40.481	rmnet_data0	2848	4537
11:19:40.481	wlan0	10223961	34341793
11:19:41.531	rmnet_ipa0	19973	23572
11:19:41.531	rmnet_data2	0	0
11:19:41.531	rmnet_data1	1488	1792
11:19:41.531	rmnet_data0	2848	4537
11:19:41.531	wlan0	10223961	34344455
11:19:42.578	rmnet_ipa0	19973	23572
11:19:42.578	rmnet_data2	0	0
11:19:42.578	rmnet_data1	1488	1792
11:19:42.578	rmnet_data0	2848	4537
11:19:42.578	wlan0	10223961	34345998
11:19:43.625	rmnet_ipa0	19973	23572
11:19:43.625	rmnet_data2	0	0
11:19:43.625	rmnet_data1	1488	1792
11:19:43.625	rmnet_data0	2848	4537
11:19:43.625	wlan0	10223989	34346285
11:19:44.675	rmnet_ipa0	19973	23572
11:19:44.675	rmnet_data2	0	0
11:19:44.675	rmnet_data1	1488	1792
11:19:44.675	rmnet_data0	2848	4537
11:19:44.675	wlan0	10223989	34346521
11:19:45.717	rmnet_ipa0	19973	23572
11:19:45.717	rmnet_data2	0	0
11:19:45.717	rmnet_data1	1488	1792
11:19:45.717	rmnet_data0	2848	4537
11:19:45.717	wlan0	10223989	34346822
11:19:46.766	rmnet_ipa0	19973	23572
11:19:46.766	rmnet_data2	0	0
11:19:46.766	rmnet_data1	1488	1792
11:19:46.766	rmnet_data0	2848	4537
11:19:46.766	wlan0	10223989	34346970
11:19:47.814	rmnet_ipa0	19973	23572
11:19:47.814	rmnet_data2	0	0
11:19:47.814	rmnet_data1	1488	1792
11:19:47.814	rmnet_data0	2848	4537
11:19:47.814	wlan0	10223989	34347295
11:19:48.859	rmnet_ipa0	19973	23572
11:19:48.859	rmnet_data2	0	0
11:19:48.859	rmnet_data1	1488	1792
11:19:48.859	rmnet_data0	2848	4537
11:19:48.859	wlan0	10223989	34347536
11:19:49.906	rmnet_ipa0	19973	23572
11:19:49.906	rmnet_data2	0	0
11:19:49.906	rmnet_data1	1488	1792
11:19:49.906	rmnet_data0	2848	4537
11:19:49.906	wlan0	10223989	34347768
11:19:50.953	rmnet_ipa0	19973	23572
11:19:50.953	rmnet_data2	0	0
11:19:50.953	rmnet_data1	1488	1792
11:19:50.953	rmnet_data0	2848	4537
11:19:50.953	wlan0	10223989	34348019
11:19:52.003	rmnet_ipa0	19973	23572
11:19:52.003	rmnet_data2	0	0
11:19:52.003	rmnet_data1	1488	1792
11:19:52.003	rmnet_data0	2848	4537
11:19:52.003	wlan0	10223989	34348473
11:19:53.050	rmnet_ipa0	19973	23572
11:19:53.050	rmnet_data2	0	0
11:19:53.050	rmnet_data1	1488	1792
11:19:53.050	rmnet_data0	2848	4537
11:19:53.050	wlan0	10223989	34348942
11:19:54.092	rmnet_ipa0	19973	23572
11:19:54.092	rmnet_data2	0	0
11:19:54.092	rmnet_data1	1488	1792
11:19:54.092	rmnet_data0	2848	4537
11:19:54.092	wlan0	10223989	34349420
11:19:55.138	rmnet_ipa0	19973	23572
11:19:55.138	rmnet_data2	0	0
11:19:55.138	rmnet_data1	1488	1792
11:19:55.138	rmnet_data0	2848	4537
11:19:55.138	wlan0	10223989	34350071
11:19:56.188	rmnet_ipa0	19973	23572
11:19:56.188	rmnet_data2	0	0
11:19:56.188	rmnet_data1	1488	1792
11:19:56.188	rmnet_data0	2848	4537
11:19:56.188	wlan0	10223989	34350377
11:19:57.233	rmnet_ipa0	19973	23572
11:19:57.233	rmnet_data2	0	0
11:19:57.233	rmnet_data1	1488	1792
11:19:57.233	rmnet_data0	2848	4537
11:19:57.233	wlan0	10224017	34350641
11:19:58.278	rmnet_ipa0	19973	23572
11:19:58.278	rmnet_data2	0	0
11:19:58.278	rmnet_data1	1488	1792
11:19:58.278	rmnet_data0	2848	4537
11:19:58.278	wlan0	10224017	34350823
11:19:59.323	rmnet_ipa0	19973	23572
11:19:59.323	rmnet_data2	0	0
11:19:59.323	rmnet_data1	1488	1792
11:19:59.323	rmnet_data0	2848	4537
11:19:59.323	wlan0	10224017	34351179
11:20:00.369	rmnet_ipa0	19973	23572
11:20:00.369	rmnet_data2	0	0
11:20:00.369	rmnet_data1	1488	1792
11:20:00.369	rmnet_data0	2848	4537
11:20:00.369	wlan0	10224017	34351509
11:20:01.422	rmnet_ipa0	19973	23572
11:20:01.422	rmnet_data2	0	0
11:20:01.422	rmnet_data1	1488	1792
11:20:01.422	rmnet_data0	2848	4537
11:20:01.422	wlan0	10224017	34351849
11:20:02.473	rmnet_ipa0	19973	23572
11:20:02.473	rmnet_data2	0	0
11:20:02.473	rmnet_data1	1488	1792
11:20:02.473	rmnet_data0	2848	4537
11:20:02.473	wlan0	10224017	34352081
11:20:03.523	rmnet_ipa0	19973	23572
11:20:03.523	rmnet_data2	0	0
11:20:03.523	rmnet_data1	1488	1792
11:20:03.523	rmnet_data0	2848	4537
11:20:03.523	wlan0	10224017	34352197
11:20:04.569	rmnet_ipa0	19973	23572
11:20:04.569	rmnet_data2	0	0
11:20:04.569	rmnet_data1	1488	1792
11:20:04.569	rmnet_data0	2848	4537
11:20:04.569	wlan0	10224017	34352395
11:20:05.620	rmnet_ipa0	19973	23572
11:20:05.620	rmnet_data2	0	0
11:20:05.620	rmnet_data1	1488	1792
11:20:05.620	rmnet_data0	2848	4537
11:20:05.620	wlan0	10224247	34353582
11:20:06.667	rmnet_ipa0	19973	23572
11:20:06.667	rmnet_data2	0	0
11:20:06.667	rmnet_data1	1488	1792
11:20:06.667	rmnet_data0	2848	4537
11:20:06.667	wlan0	10227387	34357686
11:20:07.720	rmnet_ipa0	19973	23572
11:20:07.720	rmnet_data2	0	0
11:20:07.720	rmnet_data1	1488	1792
11:20:07.720	rmnet_data0	2848	4537
11:20:07.720	wlan0	10233527	34364873
11:20:08.767	rmnet_ipa0	19973	23572
11:20:08.767	rmnet_data2	0	0
11:20:08.767	rmnet_data1	1488	1792
11:20:08.767	rmnet_data0	2848	4537
11:20:08.767	wlan0	10236465	34367495
11:20:09.813	rmnet_ipa0	19973	23572
11:20:09.813	rmnet_data2	0	0
11:20:09.813	rmnet_data1	1488	1792
11:20:09.813	rmnet_data0	2848	4537
11:20:09.813	wlan0	10236992	34367603
11:20:10.858	rmnet_ipa0	19973	23572
11:20:10.858	rmnet_data2	0	0
11:20:10.858	rmnet_data1	1488	1792
11:20:10.858	rmnet_data0	2848	4537
11:20:10.858	wlan0	10236992	34367603
11:20:11.905	rmnet_ipa0	19973	23572
11:20:11.905	rmnet_data2	0	0
11:20:11.905	rmnet_data1	1488	1792
11:20:11.905	rmnet_data0	2848	4537
11:20:11.905	wlan0	10236992	34367603
11:20:12.952	rmnet_ipa0	19973	23572
11:20:12.952	rmnet_data2	0	0
11:20:12.952	rmnet_data1	1488	1792
11:20:12.952	rmnet_data0	2848	4537
11:20:12.952	wlan0	10237203	34370216
11:20:13.996	rmnet_ipa0	19973	23572
11:20:13.996	rmnet_data2	0	0
11:20:13.996	rmnet_data1	1488	1792
11:20:13.996	rmnet_data0	2848	4537
11:20:13.996	wlan0	10241233	34373078
11:20:15.040	rmnet_ipa0	19973	23572
11:20:15.040	rmnet_data2	0	0
11:20:15.040	rmnet_data1	1488	1792
11:20:15.040	rmnet_data0	2848	4537
11:20:15.040	wlan0	10242041	34375928
11:20:16.089	rmnet_ipa0	19973	23572
11:20:16.089	rmnet_data2	0	0
11:20:16.089	rmnet_data1	1488	1792
11:20:16.089	rmnet_data0	2848	4537
11:20:16.089	wlan0	10242901	34375994
11:20:17.125	rmnet_ipa0	19973	23572
11:20:17.125	rmnet_data2	0	0
11:20:17.125	rmnet_data1	1488	1792
11:20:17.125	rmnet_data0	2848	4537
11:20:17.125	wlan0	10242901	34375994
11:20:18.170	rmnet_ipa0	19973	23572
11:20:18.170	rmnet_data2	0	0
11:20:18.170	rmnet_data1	1488	1792
11:20:18.170	rmnet_data0	2848	4537
11:20:18.170	wlan0	10242901	34375994
11:20:19.218	rmnet_ipa0	19973	23572
11:20:19.218	rmnet_data2	0	0
11:20:19.218	rmnet_data1	1488	1792
11:20:19.218	rmnet_data0	2848	4537
11:20:19.218	wlan0	10242901	34375994
11:20:20.270	rmnet_ipa0	19973	23572
11:20:20.270	rmnet_data2	0	0
11:20:20.270	rmnet_data1	1488	1792
11:20:20.270	rmnet_data0	2848	4537
11:20:20.270	wlan0	10242901	34375994
11:20:21.318	rmnet_ipa0	19973	23572
11:20:21.318	rmnet_data2	0	0
11:20:21.318	rmnet_data1	1488	1792
11:20:21.318	rmnet_data0	2848	4537
11:20:21.318	wlan0	10242901	34375994
11:20:22.365	rmnet_ipa0	19973	23572
11:20:22.365	rmnet_data2	0	0
11:20:22.365	rmnet_data1	1488	1792
11:20:22.365	rmnet_data0	2848	4537
11:20:22.365	wlan0	10242901	34375994
11:20:23.419	rmnet_ipa0	19973	23572
11:20:23.419	rmnet_data2	0	0
11:20:23.419	rmnet_data1	1488	1792
11:20:23.419	rmnet_data0	2848	4537
11:20:23.419	wlan0	10242901	34375994
11:20:24.467	rmnet_ipa0	19973	23572
11:20:24.467	rmnet_data2	0	0
11:20:24.467	rmnet_data1	1488	1792
11:20:24.467	rmnet_data0	2848	4537
11:20:24.467	wlan0	10242901	34376060
11:20:25.522	rmnet_ipa0	19973	23572
11:20:25.522	rmnet_data2	0	0
11:20:25.522	rmnet_data1	1488	1792
11:20:25.522	rmnet_data0	2848	4537
11:20:25.522	wlan0	10242953	34376060
11:20:26.573	rmnet_ipa0	19973	23572
11:20:26.573	rmnet_data2	0	0
11:20:26.573	rmnet_data1	1488	1792
11:20:26.573	rmnet_data0	2848	4537
11:20:26.573	wlan0	10242953	34376060
11:20:27.618	rmnet_ipa0	19973	23572
11:20:27.618	rmnet_data2	0	0
11:20:27.618	rmnet_data1	1488	1792
11:20:27.618	rmnet_data0	2848	4537
11:20:27.618	wlan0	10242953	34376060
11:20:28.667	rmnet_ipa0	19973	23572
11:20:28.667	rmnet_data2	0	0
11:20:28.667	rmnet_data1	1488	1792
11:20:28.667	rmnet_data0	2848	4537
11:20:28.667	wlan0	10243050	34376114
11:20:29.717	rmnet_ipa0	19973	23572
11:20:29.717	rmnet_data2	0	0
11:20:29.717	rmnet_data1	1488	1792
11:20:29.717	rmnet_data0	2848	4537
11:20:29.717	wlan0	10243078	34376156
11:20:30.770	rmnet_ipa0	19973	23572
11:20:30.770	rmnet_data2	0	0
11:20:30.770	rmnet_data1	1488	1792
11:20:30.770	rmnet_data0	2848	4537
11:20:30.770	wlan0	10243078	34376156
11:20:31.818	rmnet_ipa0	19973	23572
11:20:31.818	rmnet_data2	0	0
11:20:31.818	rmnet_data1	1488	1792
11:20:31.818	rmnet_data0	2848	4537
11:20:31.818	wlan0	10243078	34376156
11:20:32.866	rmnet_ipa0	19973	23572
11:20:32.866	rmnet_data2	0	0
11:20:32.866	rmnet_data1	1488	1792
11:20:32.866	rmnet_data0	2848	4537
11:20:32.866	wlan0	10243078	34376156
11:20:33.914	rmnet_ipa0	19973	23572
11:20:33.914	rmnet_data2	0	0
11:20:33.914	rmnet_data1	1488	1792
11:20:33.914	rmnet_data0	2848	4537
11:20:33.914	wlan0	10243078	34376156
11:20:34.961	rmnet_ipa0	19973	23572
11:20:34.961	rmnet_data2	0	0
11:20:34.961	rmnet_data1	1488	1792
11:20:34.961	rmnet_data0	2848	4537
11:20:34.961	wlan0	10243078	34376222
11:20:36.005	rmnet_ipa0	19973	23572
11:20:36.005	rmnet_data2	0	0
11:20:36.005	rmnet_data1	1488	1792
11:20:36.005	rmnet_data0	2848	4537
11:20:36.005	wlan0	10243130	34376222
11:20:37.057	rmnet_ipa0	19973	23572
11:20:37.057	rmnet_data2	0	0
11:20:37.057	rmnet_data1	1488	1792
11:20:37.057	rmnet_data0	2848	4537
11:20:37.057	wlan0	10243130	34376222
11:20:38.110	rmnet_ipa0	19973	23572
11:20:38.110	rmnet_data2	0	0
11:20:38.110	rmnet_data1	1488	1792
11:20:38.110	rmnet_data0	2848	4537
11:20:38.110	wlan0	10243130	34376428
11:20:39.157	rmnet_ipa0	19973	23572
11:20:39.157	rmnet_data2	0	0
11:20:39.157	rmnet_data1	1488	1792
11:20:39.157	rmnet_data0	2848	4537
11:20:39.157	wlan0	10243130	34376531
11:20:40.210	rmnet_ipa0	19973	23572
11:20:40.210	rmnet_data2	0	0
11:20:40.210	rmnet_data1	1488	1792
11:20:40.210	rmnet_data0	2848	4537
11:20:40.210	wlan0	10243130	34376696
11:20:41.264	rmnet_ipa0	19973	23572
11:20:41.264	rmnet_data2	0	0
11:20:41.264	rmnet_data1	1488	1792
11:20:41.264	rmnet_data0	2848	4537
11:20:41.264	wlan0	10243130	34376895
11:20:42.316	rmnet_ipa0	19973	23572
11:20:42.316	rmnet_data2	0	0
11:20:42.316	rmnet_data1	1488	1792
11:20:42.316	rmnet_data0	2848	4537
11:20:42.316	wlan0	10243130	34376994
11:20:43.381	rmnet_ipa0	19973	23572
11:20:43.381	rmnet_data2	0	0
11:20:43.381	rmnet_data1	1488	1792
11:20:43.381	rmnet_data0	2848	4537
11:20:43.381	wlan0	10243158	34377036
11:20:44.431	rmnet_ipa0	19973	23572
11:20:44.431	rmnet_data2	0	0
11:20:44.431	rmnet_data1	1488	1792
11:20:44.431	rmnet_data0	2848	4537
11:20:44.431	wlan0	10243158	34377238
11:20:45.491	rmnet_ipa0	19973	23572
11:20:45.491	rmnet_data2	0	0
11:20:45.491	rmnet_data1	1488	1792
11:20:45.491	rmnet_data0	2848	4537
11:20:45.491	wlan0	10243158	34377238
11:20:46.546	rmnet_ipa0	19973	23572
11:20:46.546	rmnet_data2	0	0
11:20:46.546	rmnet_data1	1488	1792
11:20:46.546	rmnet_data0	2848	4537
11:20:46.546	wlan0	10243158	34377238
11:20:47.597	rmnet_ipa0	19973	23572
11:20:47.597	rmnet_data2	0	0
11:20:47.597	rmnet_data1	1488	1792
11:20:47.597	rmnet_data0	2848	4537
11:20:47.597	wlan0	10243158	34377576
11:20:48.646	rmnet_ipa0	19973	23572
11:20:48.646	rmnet_data2	0	0
11:20:48.646	rmnet_data1	1488	1792
11:20:48.646	rmnet_data0	2848	4537
11:20:48.646	wlan0	10243158	34377708
11:20:49.691	rmnet_ipa0	19973	23572
11:20:49.691	rmnet_data2	0	0
11:20:49.691	rmnet_data1	1488	1792
11:20:49.691	rmnet_data0	2848	4537
11:20:49.691	wlan0	10243158	34378087
11:20:50.738	rmnet_ipa0	19973	23572
11:20:50.738	rmnet_data2	0	0
11:20:50.738	rmnet_data1	1488	1792
11:20:50.738	rmnet_data0	2848	4537
11:20:50.738	wlan0	10243158	34378367
11:20:51.788	rmnet_ipa0	19973	23572
11:20:51.788	rmnet_data2	0	0
11:20:51.788	rmnet_data1	1488	1792
11:20:51.788	rmnet_data0	2848	4537
11:20:51.788	wlan0	10243158	34378441
11:20:52.839	rmnet_ipa0	19973	23572
11:20:52.839	rmnet_data2	0	0
11:20:52.839	rmnet_data1	1488	1792
11:20:52.839	rmnet_data0	2848	4537
11:20:52.839	wlan0	10243158	34378515
11:20:53.890	rmnet_ipa0	19973	23572
11:20:53.890	rmnet_data2	0	0
11:20:53.890	rmnet_data1	1488	1792
11:20:53.890	rmnet_data0	2848	4537
11:20:53.890	wlan0	10243158	34378589
11:20:54.945	rmnet_ipa0	19973	23572
11:20:54.945	rmnet_data2	0	0
11:20:54.945	rmnet_data1	1488	1792
11:20:54.945	rmnet_data0	2848	4537
11:20:54.945	wlan0	10243158	34378663
11:20:56.011	rmnet_ipa0	19973	23572
11:20:56.011	rmnet_data2	0	0
11:20:56.011	rmnet_data1	1488	1792
11:20:56.011	rmnet_data0	2848	4537
11:20:56.011	wlan0	10243158	34378737
11:20:57.070	rmnet_ipa0	19973	23572
11:20:57.070	rmnet_data2	0	0
11:20:57.070	rmnet_data1	1488	1792
11:20:57.070	rmnet_data0	2848	4537
11:20:57.070	wlan0	10243158	34378737
11:20:58.127	rmnet_ipa0	19973	23572
11:20:58.127	rmnet_data2	0	0
11:20:58.127	rmnet_data1	1488	1792
11:20:58.127	rmnet_data0	2848	4537
11:20:58.127	wlan0	10243158	34378737
11:20:59.185	rmnet_ipa0	19973	23572
11:20:59.185	rmnet_data2	0	0
11:20:59.185	rmnet_data1	1488	1792
11:20:59.185	rmnet_data0	2848	4537
11:20:59.185	wlan0	10243158	34378836
11:21:00.247	rmnet_ipa0	19973	23572
11:21:00.247	rmnet_data2	0	0
11:21:00.247	rmnet_data1	1488	1792
11:21:00.247	rmnet_data0	2848	4537
11:21:00.247	wlan0	10243158	34378910
11:21:01.296	rmnet_ipa0	19973	23572
11:21:01.296	rmnet_data2	0	0
11:21:01.296	rmnet_data1	1488	1792
11:21:01.296	rmnet_data0	2848	4537
11:21:01.296	wlan0	10243186	34378952
11:21:02.342	rmnet_ipa0	19973	23572
11:21:02.342	rmnet_data2	0	0
11:21:02.342	rmnet_data1	1488	1792
11:21:02.342	rmnet_data0	2848	4537
11:21:02.342	wlan0	10243186	34378952
11:21:03.508	rmnet_ipa0	19973	23572
11:21:03.508	rmnet_data2	0	0
11:21:03.508	rmnet_data1	1488	1792
11:21:03.508	rmnet_data0	2848	4537
11:21:03.508	wlan0	10243186	34378994
11:21:04.564	rmnet_ipa0	19973	23572
11:21:04.564	rmnet_data2	0	0
11:21:04.564	rmnet_data1	1488	1792
11:21:04.564	rmnet_data0	2848	4537
11:21:04.564	wlan0	10243186	34379068
11:21:05.623	rmnet_ipa0	19973	23572
11:21:05.623	rmnet_data2	0	0
11:21:05.623	rmnet_data1	1488	1792
11:21:05.623	rmnet_data0	2848	4537
11:21:05.623	wlan0	10243186	34379110
11:21:06.680	rmnet_ipa0	19973	23572
11:21:06.680	rmnet_data2	0	0
11:21:06.680	rmnet_data1	1488	1792
11:21:06.680	rmnet_data0	2848	4537
11:21:06.680	wlan0	10243186	34379184
11:21:07.737	rmnet_ipa0	19973	23572
11:21:07.737	rmnet_data2	0	0
11:21:07.737	rmnet_data1	1488	1792
11:21:07.737	rmnet_data0	2848	4537
11:21:07.737	wlan0	10243186	34379226
11:21:08.796	rmnet_ipa0	19973	23572
11:21:08.796	rmnet_data2	0	0
11:21:08.796	rmnet_data1	1488	1792
11:21:08.796	rmnet_data0	2848	4537
11:21:08.796	wlan0	10243186	34379702
11:21:09.846	rmnet_ipa0	19973	23572
11:21:09.846	rmnet_data2	0	0
11:21:09.846	rmnet_data1	1488	1792
11:21:09.846	rmnet_data0	2848	4537
11:21:09.846	wlan0	10243186	34379702
11:21:10.903	rmnet_ipa0	19973	23572
11:21:10.903	rmnet_data2	0	0
11:21:10.903	rmnet_data1	1488	1792
11:21:10.903	rmnet_data0	2848	4537
11:21:10.903	wlan0	10243186	34380030
11:21:11.963	rmnet_ipa0	19973	23572
11:21:11.963	rmnet_data2	0	0
11:21:11.963	rmnet_data1	1488	1792
11:21:11.963	rmnet_data0	2848	4537
11:21:11.963	wlan0	10243186	34380358
11:21:13.025	rmnet_ipa0	19973	23572
11:21:13.025	rmnet_data2	0	0
11:21:13.025	rmnet_data1	1488	1792
11:21:13.025	rmnet_data0	2848	4537
11:21:13.025	wlan0	10243186	34380358
11:21:14.079	rmnet_ipa0	19973	23572
11:21:14.079	rmnet_data2	0	0
11:21:14.079	rmnet_data1	1488	1792
11:21:14.079	rmnet_data0	2848	4537
11:21:14.079	wlan0	10243186	34380941
11:21:15.140	rmnet_ipa0	19973	23572
11:21:15.140	rmnet_data2	0	0
11:21:15.140	rmnet_data1	1488	1792
11:21:15.140	rmnet_data0	2848	4537
11:21:15.140	wlan0	10243186	34380983
11:21:16.205	rmnet_ipa0	19973	23572
11:21:16.205	rmnet_data2	0	0
11:21:16.205	rmnet_data1	1488	1792
11:21:16.205	rmnet_data0	2848	4537
11:21:16.205	wlan0	10243214	34381238
11:21:17.253	rmnet_ipa0	19973	23572
11:21:17.253	rmnet_data2	0	0
11:21:17.253	rmnet_data1	1488	1792
11:21:17.253	rmnet_data0	2848	4537
11:21:17.253	wlan0	10243214	34381493
11:21:18.305	rmnet_ipa0	19973	23572
11:21:18.305	rmnet_data2	0	0
11:21:18.305	rmnet_data1	1488	1792
11:21:18.305	rmnet_data0	2848	4537
11:21:18.305	wlan0	10243214	34381592
11:21:19.353	rmnet_ipa0	19973	23572
11:21:19.353	rmnet_data2	0	0
11:21:19.353	rmnet_data1	1488	1792
11:21:19.353	rmnet_data0	2848	4537
11:21:19.353	wlan0	10243214	34381592
11:21:20.401	rmnet_ipa0	19973	23572
11:21:20.401	rmnet_data2	0	0
11:21:20.401	rmnet_data1	1488	1792
11:21:20.401	rmnet_data0	2848	4537
11:21:20.401	wlan0	10243214	34381873
11:21:22.090	rmnet_ipa0	19973	23572
11:21:22.090	rmnet_data2	0	0
11:21:22.090	rmnet_data1	1488	1792
11:21:22.090	rmnet_data0	2848	4537
11:21:22.090	wlan0	10243214	34382070
11:21:23.139	rmnet_ipa0	19973	23572
11:21:23.139	rmnet_data2	0	0
11:21:23.139	rmnet_data1	1488	1792
11:21:23.139	rmnet_data0	2848	4537
11:21:23.139	wlan0	10243214	34382301
11:21:24.193	rmnet_ipa0	19973	23572
11:21:24.193	rmnet_data2	0	0
11:21:24.193	rmnet_data1	1488	1792
11:21:24.193	rmnet_data0	2848	4537
11:21:24.193	wlan0	10243214	34382459
11:21:25.254	rmnet_ipa0	19973	23572
11:21:25.254	rmnet_data2	0	0
11:21:25.254	rmnet_data1	1488	1792
11:21:25.254	rmnet_data0	2848	4537
11:21:25.254	wlan0	10243214	34382533
11:21:26.311	rmnet_ipa0	19973	23572
11:21:26.311	rmnet_data2	0	0
11:21:26.311	rmnet_data1	1488	1792
11:21:26.311	rmnet_data0	2848	4537
11:21:26.311	wlan0	10243214	34382657
11:21:27.365	rmnet_ipa0	19973	23572
11:21:27.365	rmnet_data2	0	0
11:21:27.365	rmnet_data1	1488	1792
11:21:27.365	rmnet_data0	2848	4537
11:21:27.365	wlan0	10243214	34382962
11:21:28.432	rmnet_ipa0	19973	23572
11:21:28.432	rmnet_data2	0	0
11:21:28.432	rmnet_data1	1488	1792
11:21:28.432	rmnet_data0	2848	4537
11:21:28.432	wlan0	10243214	34383036
11:21:29.494	rmnet_ipa0	19973	23572
11:21:29.494	rmnet_data2	0	0
11:21:29.494	rmnet_data1	1488	1792
11:21:29.494	rmnet_data0	2848	4537
11:21:29.494	wlan0	10243242	34383333
11:21:30.552	rmnet_ipa0	19973	23572
11:21:30.552	rmnet_data2	0	0
11:21:30.552	rmnet_data1	1488	1792
11:21:30.552	rmnet_data0	2848	4537
11:21:30.552	wlan0	10243270	34383630
11:21:31.602	rmnet_ipa0	19973	23572
11:21:31.602	rmnet_data2	0	0
11:21:31.602	rmnet_data1	1488	1792
11:21:31.602	rmnet_data0	2848	4537
11:21:31.602	wlan0	10243270	34383704
11:21:32.652	rmnet_ipa0	19973	23572
11:21:32.652	rmnet_data2	0	0
11:21:32.652	rmnet_data1	1488	1792
11:21:32.652	rmnet_data0	2848	4537
11:21:32.652	wlan0	10243270	34383959
11:21:33.704	rmnet_ipa0	19973	23572
11:21:33.704	rmnet_data2	0	0
11:21:33.704	rmnet_data1	1488	1792
11:21:33.704	rmnet_data0	2848	4537
11:21:33.704	wlan0	10243270	34384287
11:21:34.754	rmnet_ipa0	19973	23572
11:21:34.754	rmnet_data2	0	0
11:21:34.754	rmnet_data1	1488	1792
11:21:34.754	rmnet_data0	2848	4537
11:21:34.754	wlan0	10243270	34384287
11:21:35.810	rmnet_ipa0	19973	23572
11:21:35.810	rmnet_data2	0	0
11:21:35.810	rmnet_data1	1488	1792
11:21:35.810	rmnet_data0	2848	4537
11:21:35.810	wlan0	10243270	34384763
11:21:36.870	rmnet_ipa0	19973	23572
11:21:36.870	rmnet_data2	0	0
11:21:36.870	rmnet_data1	1488	1792
11:21:36.870	rmnet_data0	2848	4537
11:21:36.870	wlan0	10243270	34385207
11:21:37.924	rmnet_ipa0	19973	23572
11:21:37.924	rmnet_data2	0	0
11:21:37.924	rmnet_data1	1488	1792
11:21:37.924	rmnet_data0	2848	4537
11:21:37.924	wlan0	10243270	34385429
11:21:38.975	rmnet_ipa0	19973	23572
11:21:38.975	rmnet_data2	0	0
11:21:38.975	rmnet_data1	1488	1792
11:21:38.975	rmnet_data0	2848	4537
11:21:38.975	wlan0	10243429	34385755
11:21:40.018	rmnet_ipa0	19973	23572
11:21:40.018	rmnet_data2	0	0
11:21:40.018	rmnet_data1	1488	1792
11:21:40.018	rmnet_data0	2848	4537
11:21:40.018	wlan0	10247736	34393224
11:21:41.067	rmnet_ipa0	19973	23572
11:21:41.067	rmnet_data2	0	0
11:21:41.067	rmnet_data1	1488	1792
11:21:41.067	rmnet_data0	2848	4537
11:21:41.067	wlan0	10253015	34398907
11:21:42.115	rmnet_ipa0	19973	23572
11:21:42.115	rmnet_data2	0	0
11:21:42.115	rmnet_data1	1488	1792
11:21:42.115	rmnet_data0	2848	4537
11:21:42.115	wlan0	10254398	34399336
11:21:43.165	rmnet_ipa0	19973	23572
11:21:43.165	rmnet_data2	0	0
11:21:43.165	rmnet_data1	1488	1792
11:21:43.165	rmnet_data0	2848	4537
11:21:43.165	wlan0	10255252	34401829
11:21:44.211	rmnet_ipa0	19973	23572
11:21:44.211	rmnet_data2	0	0
11:21:44.211	rmnet_data1	1488	1792
11:21:44.211	rmnet_data0	2848	4537
11:21:44.211	wlan0	10257240	34403077
11:21:45.254	rmnet_ipa0	19973	23572
11:21:45.254	rmnet_data2	0	0
11:21:45.254	rmnet_data1	1488	1792
11:21:45.254	rmnet_data0	2848	4537
11:21:45.254	wlan0	10257596	34403311
11:21:46.300	rmnet_ipa0	19973	23572
11:21:46.300	rmnet_data2	0	0
11:21:46.300	rmnet_data1	1488	1792
11:21:46.300	rmnet_data0	2848	4537
11:21:46.300	wlan0	10257656	34404144
11:21:47.350	rmnet_ipa0	19973	23572
11:21:47.350	rmnet_data2	0	0
11:21:47.350	rmnet_data1	1488	1792
11:21:47.350	rmnet_data0	2848	4537
11:21:47.350	wlan0	10258581	34404608
11:21:48.398	rmnet_ipa0	19973	23572
11:21:48.398	rmnet_data2	0	0
11:21:48.398	rmnet_data1	1488	1792
11:21:48.398	rmnet_data0	2848	4537
11:21:48.398	wlan0	10258581	34404608
11:21:49.447	rmnet_ipa0	19973	23572
11:21:49.447	rmnet_data2	0	0
11:21:49.447	rmnet_data1	1488	1792
11:21:49.447	rmnet_data0	2848	4537
11:21:49.447	wlan0	10258581	34404608
11:21:50.500	rmnet_ipa0	19973	23572
11:21:50.500	rmnet_data2	0	0
11:21:50.500	rmnet_data1	1488	1792
11:21:50.500	rmnet_data0	2848	4537
11:21:50.500	wlan0	10258581	34404608
11:21:51.558	rmnet_ipa0	19973	23572
11:21:51.558	rmnet_data2	0	0
11:21:51.558	rmnet_data1	1488	1792
11:21:51.558	rmnet_data0	2848	4537
11:21:51.558	wlan0	10258581	34404608
11:21:52.609	rmnet_ipa0	19973	23572
11:21:52.609	rmnet_data2	0	0
11:21:52.609	rmnet_data1	1488	1792
11:21:52.609	rmnet_data0	2848	4537
11:21:52.609	wlan0	10258788	34404874
11:21:53.664	rmnet_ipa0	19973	23572
11:21:53.664	rmnet_data2	0	0
11:21:53.664	rmnet_data1	1488	1792
11:21:53.664	rmnet_data0	2848	4537
11:21:53.664	wlan0	10258840	34404874
11:21:54.717	rmnet_ipa0	19973	23572
11:21:54.717	rmnet_data2	0	0
11:21:54.717	rmnet_data1	1488	1792
11:21:54.717	rmnet_data0	2848	4537
11:21:54.717	wlan0	10258840	34404874
11:21:55.772	rmnet_ipa0	19973	23572
11:21:55.772	rmnet_data2	0	0
11:21:55.772	rmnet_data1	1488	1792
11:21:55.772	rmnet_data0	2848	4537
11:21:55.772	wlan0	10258840	34404874
11:21:56.817	rmnet_ipa0	19973	23572
11:21:56.817	rmnet_data2	0	0
11:21:56.817	rmnet_data1	1488	1792
11:21:56.817	rmnet_data0	2848	4537
11:21:56.817	wlan0	10258840	34404874
11:21:57.874	rmnet_ipa0	19973	23572
11:21:57.874	rmnet_data2	0	0
11:21:57.874	rmnet_data1	1488	1792
11:21:57.874	rmnet_data0	2848	4537
11:21:57.874	wlan0	10258840	34404874
11:21:58.936	rmnet_ipa0	19973	23572
11:21:58.936	rmnet_data2	0	0
11:21:58.936	rmnet_data1	1488	1792
11:21:58.936	rmnet_data0	2848	4537
11:21:58.936	wlan0	10258840	34404874
11:21:59.991	rmnet_ipa0	19973	23572
11:21:59.991	rmnet_data2	0	0
11:21:59.991	rmnet_data1	1488	1792
11:21:59.991	rmnet_data0	2848	4537
11:21:59.991	wlan0	10258840	34404874
11:22:01.052	rmnet_ipa0	19973	23572
11:22:01.052	rmnet_data2	0	0
11:22:01.052	rmnet_data1	1488	1792
11:22:01.052	rmnet_data0	2848	4537
11:22:01.052	wlan0	10258840	34404874
11:22:02.136	rmnet_ipa0	19973	23572
11:22:02.136	rmnet_data2	0	0
11:22:02.136	rmnet_data1	1488	1792
11:22:02.136	rmnet_data0	2848	4537
11:22:02.136	wlan0	10258840	34404874
11:22:04.689	rmnet_ipa0	19973	23572
11:22:04.689	rmnet_data2	0	0
11:22:04.689	rmnet_data1	1488	1792
11:22:04.689	rmnet_data0	2848	4537
11:22:04.689	wlan0	10258976	34405066
11:22:05.740	rmnet_ipa0	19973	23572
11:22:05.740	rmnet_data2	0	0
11:22:05.740	rmnet_data1	1488	1792
11:22:05.740	rmnet_data0	2848	4537
11:22:05.740	wlan0	10258976	34405066
11:22:07.374	rmnet_ipa0	19973	23572
11:22:07.374	rmnet_data2	0	0
11:22:07.374	rmnet_data1	1488	1792
11:22:07.374	rmnet_data0	2848	4537
11:22:07.374	wlan0	10258976	34405066
11:22:08.443	rmnet_ipa0	19973	23572
11:22:08.443	rmnet_data2	0	0
11:22:08.443	rmnet_data1	1488	1792
11:22:08.443	rmnet_data0	2848	4537
11:22:08.443	wlan0	10259004	34405108
11:22:09.503	rmnet_ipa0	19973	23572
11:22:09.503	rmnet_data2	0	0
11:22:09.503	rmnet_data1	1488	1792
11:22:09.503	rmnet_data0	2848	4537
11:22:09.503	wlan0	10259004	34405108
11:22:10.561	rmnet_ipa0	19973	23572
11:22:10.561	rmnet_data2	0	0
11:22:10.561	rmnet_data1	1488	1792
11:22:10.561	rmnet_data0	2848	4537
11:22:10.561	wlan0	10259004	34405108
11:22:11.609	rmnet_ipa0	19973	23572
11:22:11.609	rmnet_data2	0	0
11:22:11.609	rmnet_data1	1488	1792
11:22:11.609	rmnet_data0	2848	4537
11:22:11.609	wlan0	10259004	34405211
11:22:13.417	rmnet_ipa0	19973	23572
11:22:13.417	rmnet_data2	0	0
11:22:13.417	rmnet_data1	1488	1792
11:22:13.417	rmnet_data0	2848	4537
11:22:13.417	wlan0	10259097	34405343
11:22:14.460	rmnet_ipa0	19973	23572
11:22:14.460	rmnet_data2	0	0
11:22:14.460	rmnet_data1	1488	1792
11:22:14.460	rmnet_data0	2848	4537
11:22:14.460	wlan0	10259201	34405681
11:22:15.513	rmnet_ipa0	19973	23572
11:22:15.513	rmnet_data2	0	0
11:22:15.513	rmnet_data1	1488	1792
11:22:15.513	rmnet_data0	2848	4537
11:22:15.513	wlan0	10259201	34405876
11:22:16.566	rmnet_ipa0	19973	23572
11:22:16.566	rmnet_data2	0	0
11:22:16.566	rmnet_data1	1488	1792
11:22:16.566	rmnet_data0	2848	4537
11:22:16.566	wlan0	10259201	34405975
11:22:17.615	rmnet_ipa0	19973	23572
11:22:17.615	rmnet_data2	0	0
11:22:17.615	rmnet_data1	1488	1792
11:22:17.615	rmnet_data0	2848	4537
11:22:17.615	wlan0	10259201	34405975
11:22:18.660	rmnet_ipa0	19973	23572
11:22:18.660	rmnet_data2	0	0
11:22:18.660	rmnet_data1	1488	1792
11:22:18.660	rmnet_data0	2848	4537
11:22:18.660	wlan0	10259201	34405975
11:22:19.706	rmnet_ipa0	19973	23572
11:22:19.706	rmnet_data2	0	0
11:22:19.706	rmnet_data1	1488	1792
11:22:19.706	rmnet_data0	2848	4537
11:22:19.706	wlan0	10259201	34406074
11:22:20.763	rmnet_ipa0	19973	23572
11:22:20.763	rmnet_data2	0	0
11:22:20.763	rmnet_data1	1488	1792
11:22:20.763	rmnet_data0	2848	4537
11:22:20.763	wlan0	10259201	34406074
11:22:21.807	rmnet_ipa0	19973	23572
11:22:21.807	rmnet_data2	0	0
11:22:21.807	rmnet_data1	1488	1792
11:22:21.807	rmnet_data0	2848	4537
11:22:21.807	wlan0	10259201	34406074
11:22:22.852	rmnet_ipa0	19973	23572
11:22:22.852	rmnet_data2	0	0
11:22:22.852	rmnet_data1	1488	1792
11:22:22.852	rmnet_data0	2848	4537
11:22:22.852	wlan0	10259201	34406074
11:22:23.897	rmnet_ipa0	19973	23572
11:22:23.897	rmnet_data2	0	0
11:22:23.897	rmnet_data1	1488	1792
11:22:23.897	rmnet_data0	2848	4537
11:22:23.897	wlan0	10259201	34406074
11:22:24.945	rmnet_ipa0	19973	23572
11:22:24.945	rmnet_data2	0	0
11:22:24.945	rmnet_data1	1488	1792
11:22:24.945	rmnet_data0	2848	4537
11:22:24.945	wlan0	10259201	34406173
11:22:25.995	rmnet_ipa0	19973	23572
11:22:25.995	rmnet_data2	0	0
11:22:25.995	rmnet_data1	1488	1792
11:22:25.995	rmnet_data0	2848	4537
11:22:25.995	wlan0	10259201	34406173
11:22:27.038	rmnet_ipa0	19973	23572
11:22:27.038	rmnet_data2	0	0
11:22:27.038	rmnet_data1	1488	1792
11:22:27.038	rmnet_data0	2848	4537
11:22:27.038	wlan0	10259201	34406173
11:22:28.092	rmnet_ipa0	19973	23572
11:22:28.092	rmnet_data2	0	0
11:22:28.092	rmnet_data1	1488	1792
11:22:28.092	rmnet_data0	2848	4537
11:22:28.092	wlan0	10259201	34406173
11:22:29.137	rmnet_ipa0	19973	23572
11:22:29.137	rmnet_data2	0	0
11:22:29.137	rmnet_data1	1488	1792
11:22:29.137	rmnet_data0	2848	4537
11:22:29.137	wlan0	10259201	34406173
11:22:30.183	rmnet_ipa0	19973	23572
11:22:30.183	rmnet_data2	0	0
11:22:30.183	rmnet_data1	1488	1792
11:22:30.183	rmnet_data0	2848	4537
11:22:30.183	wlan0	10259229	34406215
11:22:31.229	rmnet_ipa0	19973	23572
11:22:31.229	rmnet_data2	0	0
11:22:31.229	rmnet_data1	1488	1792
11:22:31.229	rmnet_data0	2848	4537
11:22:31.229	wlan0	10259229	34406215
11:22:32.272	rmnet_ipa0	19973	23572
11:22:32.272	rmnet_data2	0	0
11:22:32.272	rmnet_data1	1488	1792
11:22:32.272	rmnet_data0	2848	4537
11:22:32.272	wlan0	10259229	34406215
11:22:33.318	rmnet_ipa0	19973	23572
11:22:33.318	rmnet_data2	0	0
11:22:33.318	rmnet_data1	1488	1792
11:22:33.318	rmnet_data0	2848	4537
11:22:33.318	wlan0	10259229	34406215
11:22:34.368	rmnet_ipa0	19973	23572
11:22:34.368	rmnet_data2	0	0
11:22:34.368	rmnet_data1	1488	1792
11:22:34.368	rmnet_data0	2848	4537
11:22:34.368	wlan0	10259229	34406215
11:22:35.419	rmnet_ipa0	19973	23572
11:22:35.419	rmnet_data2	0	0
11:22:35.419	rmnet_data1	1488	1792
11:22:35.419	rmnet_data0	2848	4537
11:22:35.419	wlan0	10259229	34406314
11:22:36.459	rmnet_ipa0	19973	23572
11:22:36.459	rmnet_data2	0	0
11:22:36.459	rmnet_data1	1488	1792
11:22:36.459	rmnet_data0	2848	4537
11:22:36.459	wlan0	10259229	34406314
11:22:37.507	rmnet_ipa0	19973	23572
11:22:37.507	rmnet_data2	0	0
11:22:37.507	rmnet_data1	1488	1792
11:22:37.507	rmnet_data0	2848	4537
11:22:37.507	wlan0	10259229	34406314
11:22:38.557	rmnet_ipa0	19973	23572
11:22:38.557	rmnet_data2	0	0
11:22:38.557	rmnet_data1	1488	1792
11:22:38.557	rmnet_data0	2848	4537
11:22:38.557	wlan0	10259229	34406314
11:22:39.601	rmnet_ipa0	19973	23572
11:22:39.601	rmnet_data2	0	0
11:22:39.601	rmnet_data1	1488	1792
11:22:39.601	rmnet_data0	2848	4537
11:22:39.601	wlan0	10259229	34406314
11:22:40.644	rmnet_ipa0	19973	23572
11:22:40.644	rmnet_data2	0	0
11:22:40.644	rmnet_data1	1488	1792
11:22:40.644	rmnet_data0	2848	4537
11:22:40.644	wlan0	10259229	34406314
11:22:41.688	rmnet_ipa0	19973	23572
11:22:41.688	rmnet_data2	0	0
11:22:41.688	rmnet_data1	1488	1792
11:22:41.688	rmnet_data0	2848	4537
11:22:41.688	wlan0	10259229	34406314
11:22:42.735	rmnet_ipa0	19973	23572
11:22:42.735	rmnet_data2	0	0
11:22:42.735	rmnet_data1	1488	1792
11:22:42.735	rmnet_data0	2848	4537
11:22:42.735	wlan0	10259229	34406520
11:22:43.773	rmnet_ipa0	19973	23572
11:22:43.773	rmnet_data2	0	0
11:22:43.773	rmnet_data1	1488	1792
11:22:43.773	rmnet_data0	2848	4537
11:22:43.773	wlan0	10259229	34406623
11:22:44.813	rmnet_ipa0	19973	23572
11:22:44.813	rmnet_data2	0	0
11:22:44.813	rmnet_data1	1488	1792
11:22:44.813	rmnet_data0	2848	4537
11:22:44.813	wlan0	10259229	34406726
11:22:45.853	rmnet_ipa0	19973	23572
11:22:45.853	rmnet_data2	0	0
11:22:45.853	rmnet_data1	1488	1792
11:22:45.853	rmnet_data0	2848	4537
11:22:45.853	wlan0	10259229	34406726
11:22:46.892	rmnet_ipa0	19973	23572
11:22:46.892	rmnet_data2	0	0
11:22:46.892	rmnet_data1	1488	1792
11:22:46.892	rmnet_data0	2848	4537
11:22:46.892	wlan0	10259229	34406726
11:22:47.932	rmnet_ipa0	19973	23572
11:22:47.932	rmnet_data2	0	0
11:22:47.932	rmnet_data1	1488	1792
11:22:47.932	rmnet_data0	2848	4537
11:22:47.932	wlan0	10259257	34406871
11:22:48.968	rmnet_ipa0	19973	23572
11:22:48.968	rmnet_data2	0	0
11:22:48.968	rmnet_data1	1488	1792
11:22:48.968	rmnet_data0	2848	4537
11:22:48.968	wlan0	10259257	34406871
11:22:50.003	rmnet_ipa0	19973	23572
11:22:50.003	rmnet_data2	0	0
11:22:50.003	rmnet_data1	1488	1792
11:22:50.003	rmnet_data0	2848	4537
11:22:50.003	wlan0	10259257	34406871
11:22:51.041	rmnet_ipa0	19973	23572
11:22:51.041	rmnet_data2	0	0
11:22:51.041	rmnet_data1	1488	1792
11:22:51.041	rmnet_data0	2848	4537
11:22:51.041	wlan0	10259257	34406871
11:22:52.082	rmnet_ipa0	19973	23572
11:22:52.082	rmnet_data2	0	0
11:22:52.082	rmnet_data1	1488	1792
11:22:52.082	rmnet_data0	2848	4537
11:22:52.082	wlan0	10259257	34406871
11:22:53.119	rmnet_ipa0	19973	23572
11:22:53.119	rmnet_data2	0	0
11:22:53.119	rmnet_data1	1488	1792
11:22:53.119	rmnet_data0	2848	4537
11:22:53.119	wlan0	10259257	34406871
11:22:54.156	rmnet_ipa0	19973	23572
11:22:54.156	rmnet_data2	0	0
11:22:54.156	rmnet_data1	1488	1792
11:22:54.156	rmnet_data0	2848	4537
11:22:54.156	wlan0	10259257	34407107
11:22:55.199	rmnet_ipa0	19973	23572
11:22:55.199	rmnet_data2	0	0
11:22:55.199	rmnet_data1	1488	1792
11:22:55.199	rmnet_data0	2848	4537
11:22:55.199	wlan0	10259257	34407181
11:22:56.241	rmnet_ipa0	19973	23572
11:22:56.241	rmnet_data2	0	0
11:22:56.241	rmnet_data1	1488	1792
11:22:56.241	rmnet_data0	2848	4537
11:22:56.241	wlan0	10259257	34407417
11:22:57.281	rmnet_ipa0	19973	23572
11:22:57.281	rmnet_data2	0	0
11:22:57.281	rmnet_data1	1488	1792
11:22:57.281	rmnet_data0	2848	4537
11:22:57.281	wlan0	10259257	34407752
11:22:58.324	rmnet_ipa0	19973	23572
11:22:58.324	rmnet_data2	0	0
11:22:58.324	rmnet_data1	1488	1792
11:22:58.324	rmnet_data0	2848	4537
11:22:58.324	wlan0	10259257	34407826
11:22:59.358	rmnet_ipa0	19973	23572
11:22:59.358	rmnet_data2	0	0
11:22:59.358	rmnet_data1	1488	1792
11:22:59.358	rmnet_data0	2848	4537
11:22:59.358	wlan0	10259257	34407950
11:23:00.399	rmnet_ipa0	19973	23572
11:23:00.399	rmnet_data2	0	0
11:23:00.399	rmnet_data1	1488	1792
11:23:00.399	rmnet_data0	2848	4537
11:23:00.399	wlan0	10259257	34408039
11:23:01.440	rmnet_ipa0	19973	23572
11:23:01.440	rmnet_data2	0	0
11:23:01.440	rmnet_data1	1488	1792
11:23:01.440	rmnet_data0	2848	4537
11:23:01.440	wlan0	10259285	34408155
11:23:02.478	rmnet_ipa0	19973	23572
11:23:02.478	rmnet_data2	0	0
11:23:02.478	rmnet_data1	1488	1792
11:23:02.478	rmnet_data0	2848	4537
11:23:02.478	wlan0	10259285	34408392
11:23:03.522	rmnet_ipa0	19973	23572
11:23:03.522	rmnet_data2	0	0
11:23:03.522	rmnet_data1	1488	1792
11:23:03.522	rmnet_data0	2848	4537
11:23:03.522	wlan0	10259285	34408508
11:23:04.563	rmnet_ipa0	19973	23572
11:23:04.563	rmnet_data2	0	0
11:23:04.563	rmnet_data1	1488	1792
11:23:04.563	rmnet_data0	2848	4537
11:23:04.563	wlan0	10259285	34408804
11:23:05.605	rmnet_ipa0	19973	23572
11:23:05.605	rmnet_data2	0	0
11:23:05.605	rmnet_data1	1488	1792
11:23:05.605	rmnet_data0	2848	4537
11:23:05.605	wlan0	10259285	34408994
11:23:06.646	rmnet_ipa0	19973	23572
11:23:06.646	rmnet_data2	0	0
11:23:06.646	rmnet_data1	1488	1792
11:23:06.646	rmnet_data0	2848	4537
11:23:06.646	wlan0	10259285	34409068
11:23:07.687	rmnet_ipa0	19973	23572
11:23:07.687	rmnet_data2	0	0
11:23:07.687	rmnet_data1	1488	1792
11:23:07.687	rmnet_data0	2848	4537
11:23:07.687	wlan0	10259285	34409234
11:23:08.725	rmnet_ipa0	19973	23572
11:23:08.725	rmnet_data2	0	0
11:23:08.725	rmnet_data1	1488	1792
11:23:08.725	rmnet_data0	2848	4537
11:23:08.725	wlan0	10259285	34409397
11:23:09.768	rmnet_ipa0	19973	23572
11:23:09.768	rmnet_data2	0	0
11:23:09.768	rmnet_data1	1488	1792
11:23:09.768	rmnet_data0	2848	4537
11:23:09.768	wlan0	10259285	34409397
11:23:10.815	rmnet_ipa0	19973	23572
11:23:10.815	rmnet_data2	0	0
11:23:10.815	rmnet_data1	1488	1792
11:23:10.815	rmnet_data0	2848	4537
11:23:10.815	wlan0	10259285	34409486
11:23:11.860	rmnet_ipa0	19973	23572
11:23:11.860	rmnet_data2	0	0
11:23:11.860	rmnet_data1	1488	1792
11:23:11.860	rmnet_data0	2848	4537
11:23:11.860	wlan0	10259285	34409560
11:23:12.909	rmnet_ipa0	19973	23572
11:23:12.909	rmnet_data2	0	0
11:23:12.909	rmnet_data1	1488	1792
11:23:12.909	rmnet_data0	2848	4537
11:23:12.909	wlan0	10259285	34409634
11:23:13.955	rmnet_ipa0	19973	23572
11:23:13.955	rmnet_data2	0	0
11:23:13.955	rmnet_data1	1488	1792
11:23:13.955	rmnet_data0	2848	4537
11:23:13.955	wlan0	10259285	34409634
11:23:15.003	rmnet_ipa0	19973	23572
11:23:15.003	rmnet_data2	0	0
11:23:15.003	rmnet_data1	1488	1792
11:23:15.003	rmnet_data0	2848	4537
11:23:15.003	wlan0	10259285	34409634
11:23:16.048	rmnet_ipa0	19973	23572
11:23:16.048	rmnet_data2	0	0
11:23:16.048	rmnet_data1	1488	1792
11:23:16.048	rmnet_data0	2848	4537
11:23:16.048	wlan0	10259313	34409676
11:23:17.093	rmnet_ipa0	19973	23572
11:23:17.093	rmnet_data2	0	0
11:23:17.093	rmnet_data1	1488	1792
11:23:17.093	rmnet_data0	2848	4537
11:23:17.093	wlan0	10259313	34409676
11:23:18.143	rmnet_ipa0	19973	23572
11:23:18.143	rmnet_data2	0	0
11:23:18.143	rmnet_data1	1488	1792
11:23:18.143	rmnet_data0	2848	4537
11:23:18.143	wlan0	10259389	34409742
11:23:19.192	rmnet_ipa0	19973	23572
11:23:19.192	rmnet_data2	0	0
11:23:19.192	rmnet_data1	1488	1792
11:23:19.192	rmnet_data0	2848	4537
11:23:19.192	wlan0	10259389	34409742
11:23:20.231	rmnet_ipa0	19973	23572
11:23:20.231	rmnet_data2	0	0
11:23:20.231	rmnet_data1	1488	1792
11:23:20.231	rmnet_data0	2848	4537
11:23:20.231	wlan0	10259449	34409952
11:23:21.275	rmnet_ipa0	19973	23572
11:23:21.275	rmnet_data2	0	0
11:23:21.275	rmnet_data1	1488	1792
11:23:21.275	rmnet_data0	2848	4537
11:23:21.275	wlan0	10262774	34413931
11:23:22.326	rmnet_ipa0	19973	23572
11:23:22.326	rmnet_data2	0	0
11:23:22.326	rmnet_data1	1488	1792
11:23:22.326	rmnet_data0	2848	4537
11:23:22.326	wlan0	10265255	34420633
11:23:23.376	rmnet_ipa0	19973	23572
11:23:23.376	rmnet_data2	0	0
11:23:23.376	rmnet_data1	1488	1792
11:23:23.376	rmnet_data0	2848	4537
11:23:23.376	wlan0	10267237	34420831
11:23:24.425	rmnet_ipa0	19973	23572
11:23:24.425	rmnet_data2	0	0
11:23:24.425	rmnet_data1	1488	1792
11:23:24.425	rmnet_data0	2848	4537
11:23:24.425	wlan0	10267237	34420831
11:23:25.472	rmnet_ipa0	19973	23572
11:23:25.472	rmnet_data2	0	0
11:23:25.472	rmnet_data1	1488	1792
11:23:25.472	rmnet_data0	2848	4537
11:23:25.472	wlan0	10267727	34421788
11:23:26.523	rmnet_ipa0	19973	23572
11:23:26.523	rmnet_data2	0	0
11:23:26.523	rmnet_data1	1488	1792
11:23:26.523	rmnet_data0	2848	4537
11:23:26.523	wlan0	10268833	34424871
11:23:27.569	rmnet_ipa0	19973	23572
11:23:27.569	rmnet_data2	0	0
11:23:27.569	rmnet_data1	1488	1792
11:23:27.569	rmnet_data0	2848	4537
11:23:27.569	wlan0	10268885	34424871
11:23:28.610	rmnet_ipa0	19973	23572
11:23:28.610	rmnet_data2	0	0
11:23:28.610	rmnet_data1	1488	1792
11:23:28.610	rmnet_data0	2848	4537
11:23:28.610	wlan0	10268885	34424871
11:23:29.651	rmnet_ipa0	19973	23572
11:23:29.651	rmnet_data2	0	0
11:23:29.651	rmnet_data1	1488	1792
11:23:29.651	rmnet_data0	2848	4537
11:23:29.651	wlan0	10268937	34425044
11:23:30.695	rmnet_ipa0	19973	23572
11:23:30.695	rmnet_data2	0	0
11:23:30.695	rmnet_data1	1488	1792
11:23:30.695	rmnet_data0	2848	4537
11:23:30.695	wlan0	10268937	34425044
11:23:31.743	rmnet_ipa0	19973	23572
11:23:31.743	rmnet_data2	0	0
11:23:31.743	rmnet_data1	1488	1792
11:23:31.743	rmnet_data0	2848	4537
11:23:31.743	wlan0	10268937	34425044
11:23:32.789	rmnet_ipa0	19973	23572
11:23:32.789	rmnet_data2	0	0
11:23:32.789	rmnet_data1	1488	1792
11:23:32.789	rmnet_data0	2848	4537
11:23:32.789	wlan0	10269112	34425604
11:23:33.830	rmnet_ipa0	19973	23572
11:23:33.830	rmnet_data2	0	0
11:23:33.830	rmnet_data1	1488	1792
11:23:33.830	rmnet_data0	2848	4537
11:23:33.830	wlan0	10269450	34426125
11:23:34.877	rmnet_ipa0	19973	23572
11:23:34.877	rmnet_data2	0	0
11:23:34.877	rmnet_data1	1488	1792
11:23:34.877	rmnet_data0	2848	4537
11:23:34.877	wlan0	10269450	34426125
11:23:35.921	rmnet_ipa0	19973	23572
11:23:35.921	rmnet_data2	0	0
11:23:35.921	rmnet_data1	1488	1792
11:23:35.921	rmnet_data0	2848	4537
11:23:35.921	wlan0	10269450	34426125
11:23:36.969	rmnet_ipa0	19973	23572
11:23:36.969	rmnet_data2	0	0
11:23:36.969	rmnet_data1	1488	1792
11:23:36.969	rmnet_data0	2848	4537
11:23:36.969	wlan0	10269450	34426125
11:23:38.019	rmnet_ipa0	19973	23572
11:23:38.019	rmnet_data2	0	0
11:23:38.019	rmnet_data1	1488	1792
11:23:38.019	rmnet_data0	2848	4537
11:23:38.019	wlan0	10269450	34426125
11:23:39.067	rmnet_ipa0	19973	23572
11:23:39.067	rmnet_data2	0	0
11:23:39.067	rmnet_data1	1488	1792
11:23:39.067	rmnet_data0	2848	4537
11:23:39.067	wlan0	10269450	34426125
11:23:40.115	rmnet_ipa0	19973	23572
11:23:40.115	rmnet_data2	0	0
11:23:40.115	rmnet_data1	1488	1792
11:23:40.115	rmnet_data0	2848	4537
11:23:40.115	wlan0	10269450	34426125
11:23:41.164	rmnet_ipa0	19973	23572
11:23:41.164	rmnet_data2	0	0
11:23:41.164	rmnet_data1	1488	1792
11:23:41.164	rmnet_data0	2848	4537
11:23:41.164	wlan0	10269450	34426125
11:23:42.214	rmnet_ipa0	19973	23572
11:23:42.214	rmnet_data2	0	0
11:23:42.214	rmnet_data1	1488	1792
11:23:42.214	rmnet_data0	2848	4537
11:23:42.214	wlan0	10269450	34426125
11:23:43.258	rmnet_ipa0	19973	23572
11:23:43.258	rmnet_data2	0	0
11:23:43.258	rmnet_data1	1488	1792
11:23:43.258	rmnet_data0	2848	4537
11:23:43.258	wlan0	10269450	34426125
11:23:44.306	rmnet_ipa0	19973	23572
11:23:44.306	rmnet_data2	0	0
11:23:44.306	rmnet_data1	1488	1792
11:23:44.306	rmnet_data0	2848	4537
11:23:44.306	wlan0	10269502	34426191
11:23:45.350	rmnet_ipa0	19973	23572
11:23:45.350	rmnet_data2	0	0
11:23:45.350	rmnet_data1	1488	1792
11:23:45.350	rmnet_data0	2848	4537
11:23:45.350	wlan0	10269595	34426245
11:23:46.396	rmnet_ipa0	19973	23572
11:23:46.396	rmnet_data2	0	0
11:23:46.396	rmnet_data1	1488	1792
11:23:46.396	rmnet_data0	2848	4537
11:23:46.396	wlan0	10269595	34426245
11:23:47.445	rmnet_ipa0	19973	23572
11:23:47.445	rmnet_data2	0	0
11:23:47.445	rmnet_data1	1488	1792
11:23:47.445	rmnet_data0	2848	4537
11:23:47.445	wlan0	10269595	34426584
11:23:48.485	rmnet_ipa0	19973	23572
11:23:48.485	rmnet_data2	0	0
11:23:48.485	rmnet_data1	1488	1792
11:23:48.485	rmnet_data0	2848	4537
11:23:48.485	wlan0	10269595	34426829
11:23:49.532	rmnet_ipa0	19973	23572
11:23:49.532	rmnet_data2	0	0
11:23:49.532	rmnet_data1	1488	1792
11:23:49.532	rmnet_data0	2848	4537
11:23:49.532	wlan0	10269623	34426871
11:23:50.579	rmnet_ipa0	19973	23572
11:23:50.579	rmnet_data2	0	0
11:23:50.579	rmnet_data1	1488	1792
11:23:50.579	rmnet_data0	2848	4537
11:23:50.579	wlan0	10269623	34427012
11:23:51.614	rmnet_ipa0	19973	23572
11:23:51.614	rmnet_data2	0	0
11:23:51.614	rmnet_data1	1488	1792
11:23:51.614	rmnet_data0	2848	4537
11:23:51.614	wlan0	10269623	34427012
11:23:52.669	rmnet_ipa0	19973	23572
11:23:52.669	rmnet_data2	0	0
11:23:52.669	rmnet_data1	1488	1792
11:23:52.669	rmnet_data0	2848	4537
11:23:52.669	wlan0	10269623	34427153
11:23:53.713	rmnet_ipa0	19973	23572
11:23:53.713	rmnet_data2	0	0
11:23:53.713	rmnet_data1	1488	1792
11:23:53.713	rmnet_data0	2848	4537
11:23:53.713	wlan0	10269623	34427153
11:23:54.753	rmnet_ipa0	19973	23572
11:23:54.753	rmnet_data2	0	0
11:23:54.753	rmnet_data1	1488	1792
11:23:54.753	rmnet_data0	2848	4537
11:23:54.753	wlan0	10269623	34427153
11:23:55.803	rmnet_ipa0	19973	23572
11:23:55.803	rmnet_data2	0	0
11:23:55.803	rmnet_data1	1488	1792
11:23:55.803	rmnet_data0	2848	4537
11:23:55.803	wlan0	10269623	34427153
11:23:56.854	rmnet_ipa0	19973	23572
11:23:56.854	rmnet_data2	0	0
11:23:56.854	rmnet_data1	1488	1792
11:23:56.854	rmnet_data0	2848	4537
11:23:56.854	wlan0	10269623	34427256
11:23:57.905	rmnet_ipa0	19973	23572
11:23:57.905	rmnet_data2	0	0
11:23:57.905	rmnet_data1	1488	1792
11:23:57.905	rmnet_data0	2848	4537
11:23:57.905	wlan0	10269623	34427500
11:23:58.956	rmnet_ipa0	19973	23572
11:23:58.956	rmnet_data2	0	0
11:23:58.956	rmnet_data1	1488	1792
11:23:58.956	rmnet_data0	2848	4537
11:23:58.956	wlan0	10269623	34427500
11:24:00.004	rmnet_ipa0	19973	23572
11:24:00.004	rmnet_data2	0	0
11:24:00.004	rmnet_data1	1488	1792
11:24:00.004	rmnet_data0	2848	4537
11:24:00.004	wlan0	10269623	34427500
11:24:01.050	rmnet_ipa0	19973	23572
11:24:01.050	rmnet_data2	0	0
11:24:01.050	rmnet_data1	1488	1792
11:24:01.050	rmnet_data0	2848	4537
11:24:01.050	wlan0	10269623	34427603
11:24:02.096	rmnet_ipa0	19973	23572
11:24:02.096	rmnet_data2	0	0
11:24:02.096	rmnet_data1	1488	1792
11:24:02.096	rmnet_data0	2848	4537
11:24:02.096	wlan0	10269623	34427603
11:24:03.136	rmnet_ipa0	19973	23572
11:24:03.136	rmnet_data2	0	0
11:24:03.136	rmnet_data1	1488	1792
11:24:03.136	rmnet_data0	2848	4537
11:24:03.136	wlan0	10269651	34427687
11:24:04.178	rmnet_ipa0	19973	23572
11:24:04.178	rmnet_data2	0	0
11:24:04.178	rmnet_data1	1488	1792
11:24:04.178	rmnet_data0	2848	4537
11:24:04.178	wlan0	10269651	34427761
11:24:05.221	rmnet_ipa0	19973	23572
11:24:05.221	rmnet_data2	0	0
11:24:05.221	rmnet_data1	1488	1792
11:24:05.221	rmnet_data0	2848	4537
11:24:05.221	wlan0	10269651	34427803
11:24:06.269	rmnet_ipa0	19973	23572
11:24:06.269	rmnet_data2	0	0
11:24:06.269	rmnet_data1	1488	1792
11:24:06.269	rmnet_data0	2848	4537
11:24:06.269	wlan0	10269651	34427980
11:24:07.317	rmnet_ipa0	19973	23572
11:24:07.317	rmnet_data2	0	0
11:24:07.317	rmnet_data1	1488	1792
11:24:07.317	rmnet_data0	2848	4537
11:24:07.317	wlan0	10269651	34428022
11:24:08.366	rmnet_ipa0	19973	23572
11:24:08.366	rmnet_data2	0	0
11:24:08.366	rmnet_data1	1488	1792
11:24:08.366	rmnet_data0	2848	4537
11:24:08.366	wlan0	10269651	34428170
11:24:09.411	rmnet_ipa0	19973	23572
11:24:09.411	rmnet_data2	0	0
11:24:09.411	rmnet_data1	1488	1792
11:24:09.411	rmnet_data0	2848	4537
11:24:09.411	wlan0	10269651	34428385
11:24:10.449	rmnet_ipa0	19973	23572
11:24:10.449	rmnet_data2	0	0
11:24:10.449	rmnet_data1	1488	1792
11:24:10.449	rmnet_data0	2848	4537
11:24:10.449	wlan0	10269651	34428459
11:24:11.491	rmnet_ipa0	19973	23572
11:24:11.491	rmnet_data2	0	0
11:24:11.491	rmnet_data1	1488	1792
11:24:11.491	rmnet_data0	2848	4537
11:24:11.491	wlan0	10269651	34428533
11:24:12.538	rmnet_ipa0	19973	23572
11:24:12.538	rmnet_data2	0	0
11:24:12.538	rmnet_data1	1488	1792
11:24:12.538	rmnet_data0	2848	4537
11:24:12.538	wlan0	10269651	34428607
11:24:13.582	rmnet_ipa0	19973	23572
11:24:13.582	rmnet_data2	0	0
11:24:13.582	rmnet_data1	1488	1792
11:24:13.582	rmnet_data0	2848	4537
11:24:13.582	wlan0	10269651	34428681
11:24:14.622	rmnet_ipa0	19973	23572
11:24:14.622	rmnet_data2	0	0
11:24:14.622	rmnet_data1	1488	1792
11:24:14.622	rmnet_data0	2848	4537
11:24:14.622	wlan0	10269651	34428681
11:24:15.666	rmnet_ipa0	19973	23572
11:24:15.666	rmnet_data2	0	0
11:24:15.666	rmnet_data1	1488	1792
11:24:15.666	rmnet_data0	2848	4537
11:24:15.666	wlan0	10269651	34428755
11:24:16.707	rmnet_ipa0	19973	23572
11:24:16.707	rmnet_data2	0	0
11:24:16.707	rmnet_data1	1488	1792
11:24:16.707	rmnet_data0	2848	4537
11:24:16.707	wlan0	10269679	34428797
11:24:17.757	rmnet_ipa0	19973	23572
11:24:17.757	rmnet_data2	0	0
11:24:17.757	rmnet_data1	1488	1792
11:24:17.757	rmnet_data0	2848	4537
11:24:17.757	wlan0	10269679	34428797
11:24:18.801	rmnet_ipa0	19973	23572
11:24:18.801	rmnet_data2	0	0
11:24:18.801	rmnet_data1	1488	1792
11:24:18.801	rmnet_data0	2848	4537
11:24:18.801	wlan0	10269679	34428797
11:24:19.850	rmnet_ipa0	19973	23572
11:24:19.850	rmnet_data2	0	0
11:24:19.850	rmnet_data1	1488	1792
11:24:19.850	rmnet_data0	2848	4537
11:24:19.850	wlan0	10269679	34428871
11:24:20.895	rmnet_ipa0	19973	23572
11:24:20.895	rmnet_data2	0	0
11:24:20.895	rmnet_data1	1488	1792
11:24:20.895	rmnet_data0	2848	4537
11:24:20.895	wlan0	10269679	34428871
11:24:21.944	rmnet_ipa0	19973	23572
11:24:21.944	rmnet_data2	0	0
11:24:21.944	rmnet_data1	1488	1792
11:24:21.944	rmnet_data0	2848	4537
11:24:21.944	wlan0	10269679	34428871
11:24:23.014	rmnet_ipa0	19973	23572
11:24:23.014	rmnet_data2	0	0
11:24:23.014	rmnet_data1	1488	1792
11:24:23.014	rmnet_data0	2848	4537
11:24:23.014	wlan0	10269679	34428871
11:24:24.061	rmnet_ipa0	19973	23572
11:24:24.061	rmnet_data2	0	0
11:24:24.061	rmnet_data1	1488	1792
11:24:24.061	rmnet_data0	2848	4537
11:24:24.061	wlan0	10269679	34428871
11:24:25.106	rmnet_ipa0	19973	23572
11:24:25.106	rmnet_data2	0	0
11:24:25.106	rmnet_data1	1488	1792
11:24:25.106	rmnet_data0	2848	4537
11:24:25.106	wlan0	10269679	34428871
11:24:26.155	rmnet_ipa0	19973	23572
11:24:26.155	rmnet_data2	0	0
11:24:26.155	rmnet_data1	1488	1792
11:24:26.155	rmnet_data0	2848	4537
11:24:26.155	wlan0	10269679	34428871
11:24:27.204	rmnet_ipa0	19973	23572
11:24:27.204	rmnet_data2	0	0
11:24:27.204	rmnet_data1	1488	1792
11:24:27.204	rmnet_data0	2848	4537
11:24:27.204	wlan0	10269679	34428871
11:24:28.254	rmnet_ipa0	19973	23572
11:24:28.254	rmnet_data2	0	0
11:24:28.254	rmnet_data1	1488	1792
11:24:28.254	rmnet_data0	2848	4537
11:24:28.254	wlan0	10269679	34428945
11:24:29.305	rmnet_ipa0	19973	23572
11:24:29.305	rmnet_data2	0	0
11:24:29.305	rmnet_data1	1488	1792
11:24:29.305	rmnet_data0	2848	4537
11:24:29.305	wlan0	10269679	34428945
11:24:30.357	rmnet_ipa0	19973	23572
11:24:30.357	rmnet_data2	0	0
11:24:30.357	rmnet_data1	1488	1792
11:24:30.357	rmnet_data0	2848	4537
11:24:30.357	wlan0	10269679	34428945
11:24:31.405	rmnet_ipa0	19973	23572
11:24:31.405	rmnet_data2	0	0
11:24:31.405	rmnet_data1	1488	1792
11:24:31.405	rmnet_data0	2848	4537
11:24:31.405	wlan0	10269679	34429086
11:24:32.459	rmnet_ipa0	19973	23572
11:24:32.459	rmnet_data2	0	0
11:24:32.459	rmnet_data1	1488	1792
11:24:32.459	rmnet_data0	2848	4537
11:24:32.459	wlan0	10269679	34429086
11:24:33.505	rmnet_ipa0	19973	23572
11:24:33.505	rmnet_data2	0	0
11:24:33.505	rmnet_data1	1488	1792
11:24:33.505	rmnet_data0	2848	4537
11:24:33.505	wlan0	10269707	34429128
11:24:34.556	rmnet_ipa0	19973	23572
11:24:34.556	rmnet_data2	0	0
11:24:34.556	rmnet_data1	1488	1792
11:24:34.556	rmnet_data0	2848	4537
11:24:34.556	wlan0	10269707	34429128
11:24:35.608	rmnet_ipa0	19973	23572
11:24:35.608	rmnet_data2	0	0
11:24:35.608	rmnet_data1	1488	1792
11:24:35.608	rmnet_data0	2848	4537
11:24:35.608	wlan0	10269707	34429276
11:24:36.655	rmnet_ipa0	19973	23572
11:24:36.655	rmnet_data2	0	0
11:24:36.655	rmnet_data1	1488	1792
11:24:36.655	rmnet_data0	2848	4537
11:24:36.655	wlan0	10269707	34429350
11:24:37.703	rmnet_ipa0	19973	23572
11:24:37.703	rmnet_data2	0	0
11:24:37.703	rmnet_data1	1488	1792
11:24:37.703	rmnet_data0	2848	4537
11:24:37.703	wlan0	10269707	34429498
11:24:38.753	rmnet_ipa0	19973	23572
11:24:38.753	rmnet_data2	0	0
11:24:38.753	rmnet_data1	1488	1792
11:24:38.753	rmnet_data0	2848	4537
11:24:38.753	wlan0	10269707	34429646
11:24:39.804	rmnet_ipa0	19973	23572
11:24:39.804	rmnet_data2	0	0
11:24:39.804	rmnet_data1	1488	1792
11:24:39.804	rmnet_data0	2848	4537
11:24:39.804	wlan0	10269707	34429804
11:24:40.853	rmnet_ipa0	19973	23572
11:24:40.853	rmnet_data2	0	0
11:24:40.853	rmnet_data1	1488	1792
11:24:40.853	rmnet_data0	2848	4537
11:24:40.853	wlan0	10269707	34430002
11:24:41.912	rmnet_ipa0	19973	23572
11:24:41.912	rmnet_data2	0	0
11:24:41.912	rmnet_data1	1488	1792
11:24:41.912	rmnet_data0	2848	4537
11:24:41.912	wlan0	10269707	34430249
11:24:42.963	rmnet_ipa0	19973	23572
11:24:42.963	rmnet_data2	0	0
11:24:42.963	rmnet_data1	1488	1792
11:24:42.963	rmnet_data0	2848	4537
11:24:42.963	wlan0	10269707	34430407
11:24:44.017	rmnet_ipa0	19973	23572
11:24:44.017	rmnet_data2	0	0
11:24:44.017	rmnet_data1	1488	1792
11:24:44.017	rmnet_data0	2848	4537
11:24:44.017	wlan0	10269707	34430570
11:24:45.073	rmnet_ipa0	19973	23572
11:24:45.073	rmnet_data2	0	0
11:24:45.073	rmnet_data1	1488	1792
11:24:45.073	rmnet_data0	2848	4537
11:24:45.073	wlan0	10269707	34431196
11:24:46.125	rmnet_ipa0	19973	23572
11:24:46.125	rmnet_data2	0	0
11:24:46.125	rmnet_data1	1488	1792
11:24:46.125	rmnet_data0	2848	4537
11:24:46.125	wlan0	10269707	34431568
11:24:47.177	rmnet_ipa0	19973	23572
11:24:47.177	rmnet_data2	0	0
11:24:47.177	rmnet_data1	1488	1792
11:24:47.177	rmnet_data0	2848	4537
11:24:47.177	wlan0	10269735	34432088
11:24:48.237	rmnet_ipa0	19973	23572
11:24:48.237	rmnet_data2	0	0
11:24:48.237	rmnet_data1	1488	1792
11:24:48.237	rmnet_data0	2848	4537
11:24:48.237	wlan0	10269735	34432278
11:24:49.911	rmnet_ipa0	19973	23572
11:24:49.911	rmnet_data2	0	0
11:24:49.911	rmnet_data1	1488	1792
11:24:49.911	rmnet_data0	2848	4537
11:24:49.911	wlan0	10269735	34432542
11:24:50.961	rmnet_ipa0	19973	23572
11:24:50.961	rmnet_data2	0	0
11:24:50.961	rmnet_data1	1488	1792
11:24:50.961	rmnet_data0	2848	4537
11:24:50.961	wlan0	10269735	34432872
11:24:52.014	rmnet_ipa0	19973	23572
11:24:52.014	rmnet_data2	0	0
11:24:52.014	rmnet_data1	1488	1792
11:24:52.014	rmnet_data0	2848	4537
11:24:52.014	wlan0	10270599	34434517
11:24:53.064	rmnet_ipa0	19973	23572
11:24:53.064	rmnet_data2	0	0
11:24:53.064	rmnet_data1	1488	1792
11:24:53.064	rmnet_data0	2848	4537
11:24:53.064	wlan0	10273906	34436355
11:24:54.115	rmnet_ipa0	19973	23572
11:24:54.115	rmnet_data2	0	0
11:24:54.115	rmnet_data1	1488	1792
11:24:54.115	rmnet_data0	2848	4537
11:24:54.115	wlan0	10278404	34439646
11:24:55.162	rmnet_ipa0	19973	23572
11:24:55.162	rmnet_data2	0	0
11:24:55.162	rmnet_data1	1488	1792
11:24:55.162	rmnet_data0	2848	4537
11:24:55.162	wlan0	10281511	34444622
11:24:56.204	rmnet_ipa0	19973	23572
11:24:56.204	rmnet_data2	0	0
11:24:56.204	rmnet_data1	1488	1792
11:24:56.204	rmnet_data0	2848	4537
11:24:56.204	wlan0	10282037	34446987
11:24:57.257	rmnet_ipa0	19973	23572
11:24:57.257	rmnet_data2	0	0
11:24:57.257	rmnet_data1	1488	1792
11:24:57.257	rmnet_data0	2848	4537
11:24:57.257	wlan0	10282037	34447296
11:24:58.308	rmnet_ipa0	19973	23572
11:24:58.308	rmnet_data2	0	0
11:24:58.308	rmnet_data1	1488	1792
11:24:58.308	rmnet_data0	2848	4537
11:24:58.308	wlan0	10283298	34448229
11:24:59.367	rmnet_ipa0	19973	23572
11:24:59.367	rmnet_data2	0	0
11:24:59.367	rmnet_data1	1488	1792
11:24:59.367	rmnet_data0	2848	4537
11:24:59.367	wlan0	10284955	34450378
11:25:00.419	rmnet_ipa0	19973	23572
11:25:00.419	rmnet_data2	0	0
11:25:00.419	rmnet_data1	1488	1792
11:25:00.419	rmnet_data0	2848	4537
11:25:00.419	wlan0	10286087	34453523
11:25:01.477	rmnet_ipa0	19973	23572
11:25:01.477	rmnet_data2	0	0
11:25:01.477	rmnet_data1	1488	1792
11:25:01.477	rmnet_data0	2848	4537
11:25:01.477	wlan0	10286325	34453655
11:25:02.546	rmnet_ipa0	19973	23572
11:25:02.546	rmnet_data2	0	0
11:25:02.546	rmnet_data1	1488	1792
11:25:02.546	rmnet_data0	2848	4537
11:25:02.546	wlan0	10286325	34453828
11:25:03.609	rmnet_ipa0	19973	23572
11:25:03.609	rmnet_data2	0	0
11:25:03.609	rmnet_data1	1488	1792
11:25:03.609	rmnet_data0	2848	4537
11:25:03.609	wlan0	10286485	34453954
11:25:04.654	rmnet_ipa0	19973	23572
11:25:04.654	rmnet_data2	0	0
11:25:04.654	rmnet_data1	1488	1792
11:25:04.654	rmnet_data0	2848	4537
11:25:04.654	wlan0	10286513	34453954
11:25:05.705	rmnet_ipa0	19973	23572
11:25:05.705	rmnet_data2	0	0
11:25:05.705	rmnet_data1	1488	1792
11:25:05.705	rmnet_data0	2848	4537
11:25:05.705	wlan0	10286713	34453954
11:25:06.754	rmnet_ipa0	19973	23572
11:25:06.754	rmnet_data2	0	0
11:25:06.754	rmnet_data1	1488	1792
11:25:06.754	rmnet_data0	2848	4537
11:25:06.754	wlan0	10287140	34454514
11:25:07.826	rmnet_ipa0	19973	23572
11:25:07.826	rmnet_data2	0	0
11:25:07.826	rmnet_data1	1488	1792
11:25:07.826	rmnet_data0	2848	4537
11:25:07.826	wlan0	10287626	34455035
11:25:08.902	rmnet_ipa0	19973	23572
11:25:08.902	rmnet_data2	0	0
11:25:08.902	rmnet_data1	1488	1792
11:25:08.902	rmnet_data0	2848	4537
11:25:08.902	wlan0	10287826	34455035
11:25:09.976	rmnet_ipa0	19973	23572
11:25:09.976	rmnet_data2	0	0
11:25:09.976	rmnet_data1	1488	1792
11:25:09.976	rmnet_data0	2848	4537
11:25:09.976	wlan0	10287826	34455035
11:25:11.055	rmnet_ipa0	19973	23572
11:25:11.055	rmnet_data2	0	0
11:25:11.055	rmnet_data1	1488	1792
11:25:11.055	rmnet_data0	2848	4537
11:25:11.055	wlan0	10287826	34455035
11:25:12.115	rmnet_ipa0	19973	23572
11:25:12.115	rmnet_data2	0	0
11:25:12.115	rmnet_data1	1488	1792
11:25:12.115	rmnet_data0	2848	4537
11:25:12.115	wlan0	10287826	34455035
11:25:13.174	rmnet_ipa0	19973	23572
11:25:13.174	rmnet_data2	0	0
11:25:13.174	rmnet_data1	1488	1792
11:25:13.174	rmnet_data0	2848	4537
11:25:13.174	wlan0	10287826	34455035
11:25:14.230	rmnet_ipa0	19973	23572
11:25:14.230	rmnet_data2	0	0
11:25:14.230	rmnet_data1	1488	1792
11:25:14.230	rmnet_data0	2848	4537
11:25:14.230	wlan0	10287826	34455035
11:25:15.285	rmnet_ipa0	19973	23572
11:25:15.285	rmnet_data2	0	0
11:25:15.285	rmnet_data1	1488	1792
11:25:15.285	rmnet_data0	2848	4537
11:25:15.285	wlan0	10287826	34455035
11:25:16.337	rmnet_ipa0	19973	23572
11:25:16.337	rmnet_data2	0	0
11:25:16.337	rmnet_data1	1488	1792
11:25:16.337	rmnet_data0	2848	4537
11:25:16.337	wlan0	10287826	34455035
11:25:17.388	rmnet_ipa0	19973	23572
11:25:17.388	rmnet_data2	0	0
11:25:17.388	rmnet_data1	1488	1792
11:25:17.388	rmnet_data0	2848	4537
11:25:17.388	wlan0	10287826	34455035
11:25:20.330	rmnet_ipa0	19973	23572
11:25:20.330	rmnet_data2	0	0
11:25:20.330	rmnet_data1	1488	1792
11:25:20.330	rmnet_data0	2848	4537
11:25:20.330	wlan0	10287878	34455267
11:25:21.384	rmnet_ipa0	19973	23572
11:25:21.384	rmnet_data2	0	0
11:25:21.384	rmnet_data1	1488	1792
11:25:21.384	rmnet_data0	2848	4537
11:25:21.384	wlan0	10288076	34455506
11:25:22.430	rmnet_ipa0	19973	23572
11:25:22.430	rmnet_data2	0	0
11:25:22.430	rmnet_data1	1488	1792
11:25:22.430	rmnet_data0	2848	4537
11:25:22.430	wlan0	10288128	34455610
11:25:25.980	rmnet_ipa0	19973	23572
11:25:25.980	rmnet_data2	0	0
11:25:25.980	rmnet_data1	1488	1792
11:25:25.980	rmnet_data0	2848	4537
11:25:25.980	wlan0	10288641	34456691
11:25:27.237	rmnet_ipa0	19973	23572
11:25:27.237	rmnet_data2	0	0
11:25:27.237	rmnet_data1	1488	1792
11:25:27.237	rmnet_data0	2848	4537
11:25:27.237	wlan0	10288641	34456691
11:25:28.443	rmnet_ipa0	19973	23572
11:25:28.443	rmnet_data2	0	0
11:25:28.443	rmnet_data1	1488	1792
11:25:28.443	rmnet_data0	2848	4537
11:25:28.443	wlan0	10288641	34456691
11:25:29.494	rmnet_ipa0	19973	23572
11:25:29.494	rmnet_data2	0	0
11:25:29.494	rmnet_data1	1488	1792
11:25:29.494	rmnet_data0	2848	4537
11:25:29.494	wlan0	10288641	34456691
11:25:30.545	rmnet_ipa0	19973	23572
11:25:30.545	rmnet_data2	0	0
11:25:30.545	rmnet_data1	1488	1792
11:25:30.545	rmnet_data0	2848	4537
11:25:30.545	wlan0	10288641	34456691
11:25:31.595	rmnet_ipa0	19973	23572
11:25:31.595	rmnet_data2	0	0
11:25:31.595	rmnet_data1	1488	1792
11:25:31.595	rmnet_data0	2848	4537
11:25:31.595	wlan0	10288641	34456794
11:25:32.643	rmnet_ipa0	19973	23572
11:25:32.643	rmnet_data2	0	0
11:25:32.643	rmnet_data1	1488	1792
11:25:32.643	rmnet_data0	2848	4537
11:25:32.643	wlan0	10288641	34457000
11:25:33.688	rmnet_ipa0	19973	23572
11:25:33.688	rmnet_data2	0	0
11:25:33.688	rmnet_data1	1488	1792
11:25:33.688	rmnet_data0	2848	4537
11:25:33.688	wlan0	10288641	34457000
11:25:34.739	rmnet_ipa0	19973	23572
11:25:34.739	rmnet_data2	0	0
11:25:34.739	rmnet_data1	1488	1792
11:25:34.739	rmnet_data0	2848	4537
11:25:34.739	wlan0	10288641	34457103
11:25:35.789	rmnet_ipa0	19973	23572
11:25:35.789	rmnet_data2	0	0
11:25:35.789	rmnet_data1	1488	1792
11:25:35.789	rmnet_data0	2848	4537
11:25:35.789	wlan0	10288641	34457329
11:25:36.838	rmnet_ipa0	19973	23572
11:25:36.838	rmnet_data2	0	0
11:25:36.838	rmnet_data1	1488	1792
11:25:36.838	rmnet_data0	2848	4537
11:25:36.838	wlan0	10288641	34457432
11:25:37.887	rmnet_ipa0	19973	23572
11:25:37.887	rmnet_data2	0	0
11:25:37.887	rmnet_data1	1488	1792
11:25:37.887	rmnet_data0	2848	4537
11:25:37.887	wlan0	10288641	34457432
11:25:38.937	rmnet_ipa0	19973	23572
11:25:38.937	rmnet_data2	0	0
11:25:38.937	rmnet_data1	1488	1792
11:25:38.937	rmnet_data0	2848	4537
11:25:38.937	wlan0	10288641	34457432
11:25:39.986	rmnet_ipa0	19973	23572
11:25:39.986	rmnet_data2	0	0
11:25:39.986	rmnet_data1	1488	1792
11:25:39.986	rmnet_data0	2848	4537
11:25:39.986	wlan0	10288641	34457709
11:25:41.033	rmnet_ipa0	19973	23572
11:25:41.033	rmnet_data2	0	0
11:25:41.033	rmnet_data1	1488	1792
11:25:41.033	rmnet_data0	2848	4537
11:25:41.033	wlan0	10288641	34457816
11:25:42.082	rmnet_ipa0	19973	23572
11:25:42.082	rmnet_data2	0	0
11:25:42.082	rmnet_data1	1488	1792
11:25:42.082	rmnet_data0	2848	4537
11:25:42.082	wlan0	10288641	34457923
11:25:43.132	rmnet_ipa0	19973	23572
11:25:43.132	rmnet_data2	0	0
11:25:43.132	rmnet_data1	1488	1792
11:25:43.132	rmnet_data0	2848	4537
11:25:43.132	wlan0	10288641	34458081
11:25:44.170	rmnet_ipa0	19973	23572
11:25:44.170	rmnet_data2	0	0
11:25:44.170	rmnet_data1	1488	1792
11:25:44.170	rmnet_data0	2848	4537
11:25:44.170	wlan0	10288641	34458155
11:25:45.221	rmnet_ipa0	19973	23572
11:25:45.221	rmnet_data2	0	0
11:25:45.221	rmnet_data1	1488	1792
11:25:45.221	rmnet_data0	2848	4537
11:25:45.221	wlan0	10288641	34458420
11:25:46.275	rmnet_ipa0	19973	23572
11:25:46.275	rmnet_data2	0	0
11:25:46.275	rmnet_data1	1488	1792
11:25:46.275	rmnet_data0	2848	4537
11:25:46.275	wlan0	10288641	34458578
11:25:47.329	rmnet_ipa0	19973	23572
11:25:47.329	rmnet_data2	0	0
11:25:47.329	rmnet_data1	1488	1792
11:25:47.329	rmnet_data0	2848	4537
11:25:47.329	wlan0	10288641	34458652
11:25:48.375	rmnet_ipa0	19973	23572
11:25:48.375	rmnet_data2	0	0
11:25:48.375	rmnet_data1	1488	1792
11:25:48.375	rmnet_data0	2848	4537
11:25:48.375	wlan0	10288641	34458810
11:25:49.433	rmnet_ipa0	19973	23572
11:25:49.433	rmnet_data2	0	0
11:25:49.433	rmnet_data1	1488	1792
11:25:49.433	rmnet_data0	2848	4537
11:25:49.433	wlan0	10288641	34458939
11:25:50.485	rmnet_ipa0	19973	23572
11:25:50.485	rmnet_data2	0	0
11:25:50.485	rmnet_data1	1488	1792
11:25:50.485	rmnet_data0	2848	4537
11:25:50.485	wlan0	10288641	34459120
11:25:51.535	rmnet_ipa0	19973	23572
11:25:51.535	rmnet_data2	0	0
11:25:51.535	rmnet_data1	1488	1792
11:25:51.535	rmnet_data0	2848	4537
11:25:51.535	wlan0	10288641	34459199
11:25:52.579	rmnet_ipa0	19973	23572
11:25:52.579	rmnet_data2	0	0
11:25:52.579	rmnet_data1	1488	1792
11:25:52.579	rmnet_data0	2848	4537
11:25:52.579	wlan0	10288641	34459199
11:25:53.632	rmnet_ipa0	19973	23572
11:25:53.632	rmnet_data2	0	0
11:25:53.632	rmnet_data1	1488	1792
11:25:53.632	rmnet_data0	2848	4537
11:25:53.632	wlan0	10288641	34459199
11:25:54.685	rmnet_ipa0	19973	23572
11:25:54.685	rmnet_data2	0	0
11:25:54.685	rmnet_data1	1488	1792
11:25:54.685	rmnet_data0	2848	4537
11:25:54.685	wlan0	10288641	34459273
11:25:55.738	rmnet_ipa0	19973	23572
11:25:55.738	rmnet_data2	0	0
11:25:55.738	rmnet_data1	1488	1792
11:25:55.738	rmnet_data0	2848	4537
11:25:55.738	wlan0	10288669	34459315
11:25:56.792	rmnet_ipa0	19973	23572
11:25:56.792	rmnet_data2	0	0
11:25:56.792	rmnet_data1	1488	1792
11:25:56.792	rmnet_data0	2848	4537
11:25:56.792	wlan0	10288669	34459315
11:25:57.842	rmnet_ipa0	19973	23572
11:25:57.842	rmnet_data2	0	0
11:25:57.842	rmnet_data1	1488	1792
11:25:57.842	rmnet_data0	2848	4537
11:25:57.842	wlan0	10288669	34459315
11:25:58.890	rmnet_ipa0	19973	23572
11:25:58.890	rmnet_data2	0	0
11:25:58.890	rmnet_data1	1488	1792
11:25:58.890	rmnet_data0	2848	4537
11:25:58.890	wlan0	10288669	34459315
11:25:59.938	rmnet_ipa0	19973	23572
11:25:59.938	rmnet_data2	0	0
11:25:59.938	rmnet_data1	1488	1792
11:25:59.938	rmnet_data0	2848	4537
11:25:59.938	wlan0	10288669	34459422
11:26:00.988	rmnet_ipa0	19973	23572
11:26:00.988	rmnet_data2	0	0
11:26:00.988	rmnet_data1	1488	1792
11:26:00.988	rmnet_data0	2848	4537
11:26:00.988	wlan0	10288669	34459422
11:26:02.042	rmnet_ipa0	19973	23572
11:26:02.042	rmnet_data2	0	0
11:26:02.042	rmnet_data1	1488	1792
11:26:02.042	rmnet_data0	2848	4537
11:26:02.042	wlan0	10288669	34459496
11:26:03.092	rmnet_ipa0	19973	23572
11:26:03.092	rmnet_data2	0	0
11:26:03.092	rmnet_data1	1488	1792
11:26:03.092	rmnet_data0	2848	4537
11:26:03.092	wlan0	10288669	34459538
11:26:04.142	rmnet_ipa0	19973	23572
11:26:04.142	rmnet_data2	0	0
11:26:04.142	rmnet_data1	1488	1792
11:26:04.142	rmnet_data0	2848	4537
11:26:04.142	wlan0	10288669	34459612
11:26:05.190	rmnet_ipa0	19973	23572
11:26:05.190	rmnet_data2	0	0
11:26:05.190	rmnet_data1	1488	1792
11:26:05.190	rmnet_data0	2848	4537
11:26:05.190	wlan0	10288669	34459654
11:26:06.248	rmnet_ipa0	19973	23572
11:26:06.248	rmnet_data2	0	0
11:26:06.248	rmnet_data1	1488	1792
11:26:06.248	rmnet_data0	2848	4537
11:26:06.248	wlan0	10288669	34459728
11:26:07.323	rmnet_ipa0	19973	23572
11:26:07.323	rmnet_data2	0	0
11:26:07.323	rmnet_data1	1488	1792
11:26:07.323	rmnet_data0	2848	4537
11:26:07.323	wlan0	10288669	34459928
11:26:08.372	rmnet_ipa0	19973	23572
11:26:08.372	rmnet_data2	0	0
11:26:08.372	rmnet_data1	1488	1792
11:26:08.372	rmnet_data0	2848	4537
11:26:08.372	wlan0	10288669	34460076
11:26:09.422	rmnet_ipa0	19973	23572
11:26:09.422	rmnet_data2	0	0
11:26:09.422	rmnet_data1	1488	1792
11:26:09.422	rmnet_data0	2848	4537
11:26:09.422	wlan0	10288669	34460234
11:26:12.784	rmnet_ipa0	19973	23572
11:26:12.784	rmnet_data2	0	0
11:26:12.784	rmnet_data1	1488	1792
11:26:12.784	rmnet_data0	2848	4537
11:26:12.784	wlan0	10288669	34460748
11:26:13.829	rmnet_ipa0	19973	23572
11:26:13.829	rmnet_data2	0	0
11:26:13.829	rmnet_data1	1488	1792
11:26:13.829	rmnet_data0	2848	4537
11:26:13.829	wlan0	10288669	34460975
11:26:14.873	rmnet_ipa0	19973	23572
11:26:14.873	rmnet_data2	0	0
11:26:14.873	rmnet_data1	1488	1792
11:26:14.873	rmnet_data0	2848	4537
11:26:14.873	wlan0	10288669	34461133
11:26:15.921	rmnet_ipa0	19973	23572
11:26:15.921	rmnet_data2	0	0
11:26:15.921	rmnet_data1	1488	1792
11:26:15.921	rmnet_data0	2848	4537
11:26:15.921	wlan0	10288697	34461412
11:26:16.971	rmnet_ipa0	19973	23572
11:26:16.971	rmnet_data2	0	0
11:26:16.971	rmnet_data1	1488	1792
11:26:16.971	rmnet_data0	2848	4537
11:26:16.971	wlan0	10288697	34461486
11:26:18.020	rmnet_ipa0	19973	23572
11:26:18.020	rmnet_data2	0	0
11:26:18.020	rmnet_data1	1488	1792
11:26:18.020	rmnet_data0	2848	4537
11:26:18.020	wlan0	10288697	34461876
11:26:19.066	rmnet_ipa0	19973	23572
11:26:19.066	rmnet_data2	0	0
11:26:19.066	rmnet_data1	1488	1792
11:26:19.066	rmnet_data0	2848	4537
11:26:19.066	wlan0	10288697	34462354
11:26:20.116	rmnet_ipa0	19973	23572
11:26:20.116	rmnet_data2	0	0
11:26:20.116	rmnet_data1	1488	1792
11:26:20.116	rmnet_data0	2848	4537
11:26:20.116	wlan0	10288697	34462660
11:26:21.166	rmnet_ipa0	19973	23572
11:26:21.166	rmnet_data2	0	0
11:26:21.166	rmnet_data1	1488	1792
11:26:21.166	rmnet_data0	2848	4537
11:26:21.166	wlan0	10288697	34463148
11:26:22.216	rmnet_ipa0	19973	23572
11:26:22.216	rmnet_data2	0	0
11:26:22.216	rmnet_data1	1488	1792
11:26:22.216	rmnet_data0	2848	4537
11:26:22.216	wlan0	10288697	34463659
11:26:23.265	rmnet_ipa0	19973	23572
11:26:23.265	rmnet_data2	0	0
11:26:23.265	rmnet_data1	1488	1792
11:26:23.265	rmnet_data0	2848	4537
11:26:23.265	wlan0	10288697	34463931
11:26:24.305	rmnet_ipa0	19973	23572
11:26:24.305	rmnet_data2	0	0
11:26:24.305	rmnet_data1	1488	1792
11:26:24.305	rmnet_data0	2848	4537
11:26:24.305	wlan0	10288697	34464311
11:26:25.352	rmnet_ipa0	19973	23572
11:26:25.352	rmnet_data2	0	0
11:26:25.352	rmnet_data1	1488	1792
11:26:25.352	rmnet_data0	2848	4537
11:26:25.352	wlan0	10288697	34464567
11:26:26.397	rmnet_ipa0	19973	23572
11:26:26.397	rmnet_data2	0	0
11:26:26.397	rmnet_data1	1488	1792
11:26:26.397	rmnet_data0	2848	4537
11:26:26.397	wlan0	10288697	34465031
11:26:27.440	rmnet_ipa0	19973	23572
11:26:27.440	rmnet_data2	0	0
11:26:27.440	rmnet_data1	1488	1792
11:26:27.440	rmnet_data0	2848	4537
11:26:27.440	wlan0	10288697	34465287
11:26:28.486	rmnet_ipa0	19973	23572
11:26:28.486	rmnet_data2	0	0
11:26:28.486	rmnet_data1	1488	1792
11:26:28.486	rmnet_data0	2848	4537
11:26:28.486	wlan0	10288697	34465891
11:26:29.534	rmnet_ipa0	19973	23572
11:26:29.534	rmnet_data2	0	0
11:26:29.534	rmnet_data1	1488	1792
11:26:29.534	rmnet_data0	2848	4537
11:26:29.534	wlan0	10288697	34466089
11:26:30.582	rmnet_ipa0	19973	23572
11:26:30.582	rmnet_data2	0	0
11:26:30.582	rmnet_data1	1488	1792
11:26:30.582	rmnet_data0	2848	4537
11:26:30.582	wlan0	10288697	34466782
11:26:31.628	rmnet_ipa0	19973	23572
11:26:31.628	rmnet_data2	0	0
11:26:31.628	rmnet_data1	1488	1792
11:26:31.628	rmnet_data0	2848	4537
11:26:31.628	wlan0	10288697	34467078
11:26:34.839	rmnet_ipa0	19973	23572
11:26:34.839	rmnet_data2	0	0
11:26:34.839	rmnet_data1	1488	1792
11:26:34.839	rmnet_data0	2848	4537
11:26:34.839	wlan0	10288725	34469001
11:26:35.884	rmnet_ipa0	19973	23572
11:26:35.884	rmnet_data2	0	0
11:26:35.884	rmnet_data1	1488	1792
11:26:35.884	rmnet_data0	2848	4537
11:26:35.884	wlan0	10288725	34469273
11:26:36.931	rmnet_ipa0	19973	23572
11:26:36.931	rmnet_data2	0	0
11:26:36.931	rmnet_data1	1488	1792
11:26:36.931	rmnet_data0	2848	4537
11:26:36.931	wlan0	10289322	34470675
11:26:37.977	rmnet_ipa0	19973	23572
11:26:37.977	rmnet_data2	0	0
11:26:37.977	rmnet_data1	1488	1792
11:26:37.977	rmnet_data0	2848	4537
11:26:37.977	wlan0	10293103	34476343
11:26:39.022	rmnet_ipa0	19973	23572
11:26:39.022	rmnet_data2	0	0
11:26:39.022	rmnet_data1	1488	1792
11:26:39.022	rmnet_data0	2848	4537
11:26:39.022	wlan0	10308036	34489728
11:26:40.071	rmnet_ipa0	19973	23572
11:26:40.071	rmnet_data2	0	0
11:26:40.071	rmnet_data1	1488	1792
11:26:40.071	rmnet_data0	2848	4537
11:26:40.071	wlan0	10313717	34494946
11:26:41.122	rmnet_ipa0	19973	23572
11:26:41.122	rmnet_data2	0	0
11:26:41.122	rmnet_data1	1488	1792
11:26:41.122	rmnet_data0	2848	4537
11:26:41.122	wlan0	10313717	34494946
11:26:42.165	rmnet_ipa0	19973	23572
11:26:42.165	rmnet_data2	0	0
11:26:42.165	rmnet_data1	1488	1792
11:26:42.165	rmnet_data0	2848	4537
11:26:42.165	wlan0	10313717	34495102
11:26:43.211	rmnet_ipa0	19973	23572
11:26:43.211	rmnet_data2	0	0
11:26:43.211	rmnet_data1	1488	1792
11:26:43.211	rmnet_data0	2848	4537
11:26:43.211	wlan0	10313777	34495702
11:26:44.258	rmnet_ipa0	19973	23572
11:26:44.258	rmnet_data2	0	0
11:26:44.258	rmnet_data1	1488	1792
11:26:44.258	rmnet_data0	2848	4537
11:26:44.258	wlan0	10314508	34496353
11:26:45.303	rmnet_ipa0	19973	23572
11:26:45.303	rmnet_data2	0	0
11:26:45.303	rmnet_data1	1488	1792
11:26:45.303	rmnet_data0	2848	4537
11:26:45.303	wlan0	10314643	34496419
11:26:46.349	rmnet_ipa0	19973	23572
11:26:46.349	rmnet_data2	0	0
11:26:46.349	rmnet_data1	1488	1792
11:26:46.349	rmnet_data0	2848	4537
11:26:46.349	wlan0	10314643	34496592
11:26:47.395	rmnet_ipa0	19973	23572
11:26:47.395	rmnet_data2	0	0
11:26:47.395	rmnet_data1	1488	1792
11:26:47.395	rmnet_data0	2848	4537
11:26:47.395	wlan0	10314695	34496592
11:26:48.441	rmnet_ipa0	19973	23572
11:26:48.441	rmnet_data2	0	0
11:26:48.441	rmnet_data1	1488	1792
11:26:48.441	rmnet_data0	2848	4537
11:26:48.441	wlan0	10314695	34496674
11:26:49.486	rmnet_ipa0	19973	23572
11:26:49.486	rmnet_data2	0	0
11:26:49.486	rmnet_data1	1488	1792
11:26:49.486	rmnet_data0	2848	4537
11:26:49.486	wlan0	10315103	34503347
11:26:50.528	rmnet_ipa0	19973	23572
11:26:50.528	rmnet_data2	0	0
11:26:50.528	rmnet_data1	1488	1792
11:26:50.528	rmnet_data0	2848	4537
11:26:50.528	wlan0	10322605	34507830
11:26:51.575	rmnet_ipa0	19973	23572
11:26:51.575	rmnet_data2	0	0
11:26:51.575	rmnet_data1	1488	1792
11:26:51.575	rmnet_data0	2848	4537
11:26:51.575	wlan0	10323428	34508460
11:26:52.620	rmnet_ipa0	19973	23572
11:26:52.620	rmnet_data2	0	0
11:26:52.620	rmnet_data1	1488	1792
11:26:52.620	rmnet_data0	2848	4537
11:26:52.620	wlan0	10323791	34513824
11:26:53.665	rmnet_ipa0	19973	23572
11:26:53.665	rmnet_data2	0	0
11:26:53.665	rmnet_data1	1488	1792
11:26:53.665	rmnet_data0	2848	4537
11:26:53.665	wlan0	10329826	34520619
11:26:54.715	rmnet_ipa0	19973	23572
11:26:54.715	rmnet_data2	0	0
11:26:54.715	rmnet_data1	1488	1792
11:26:54.715	rmnet_data0	2848	4537
11:26:54.715	wlan0	10336451	34534692
11:26:55.761	rmnet_ipa0	19973	23572
11:26:55.761	rmnet_data2	0	0
11:26:55.761	rmnet_data1	1488	1792
11:26:55.761	rmnet_data0	2848	4537
11:26:55.761	wlan0	10337542	34540136
11:26:56.808	rmnet_ipa0	19973	23572
11:26:56.808	rmnet_data2	0	0
11:26:56.808	rmnet_data1	1488	1792
11:26:56.808	rmnet_data0	2848	4537
11:26:56.808	wlan0	10343669	34543203
11:26:57.853	rmnet_ipa0	19973	23572
11:26:57.853	rmnet_data2	0	0
11:26:57.853	rmnet_data1	1488	1792
11:26:57.853	rmnet_data0	2848	4537
11:26:57.853	wlan0	10344282	34553322
11:26:58.898	rmnet_ipa0	19973	23572
11:26:58.898	rmnet_data2	0	0
11:26:58.898	rmnet_data1	1488	1792
11:26:58.898	rmnet_data0	2848	4537
11:26:58.898	wlan0	10344988	34557472
11:26:59.930	rmnet_ipa0	19973	23572
11:26:59.930	rmnet_data2	0	0
11:26:59.930	rmnet_data1	1488	1792
11:26:59.930	rmnet_data0	2848	4537
11:26:59.930	wlan0	10345126	34561348
11:27:00.975	rmnet_ipa0	19973	23572
11:27:00.975	rmnet_data2	0	0
11:27:00.975	rmnet_data1	1488	1792
11:27:00.975	rmnet_data0	2848	4537
11:27:00.975	wlan0	10345126	34562640
11:27:02.019	rmnet_ipa0	19973	23572
11:27:02.019	rmnet_data2	0	0
11:27:02.019	rmnet_data1	1488	1792
11:27:02.019	rmnet_data0	2848	4537
11:27:02.019	wlan0	10345126	34562640
11:27:03.055	rmnet_ipa0	19973	23572
11:27:03.055	rmnet_data2	0	0
11:27:03.055	rmnet_data1	1488	1792
11:27:03.055	rmnet_data0	2848	4537
11:27:03.055	wlan0	10345126	34563974
11:27:04.096	rmnet_ipa0	19973	23572
11:27:04.096	rmnet_data2	0	0
11:27:04.096	rmnet_data1	1488	1792
11:27:04.096	rmnet_data0	2848	4537
11:27:04.096	wlan0	10345338	34573308
11:27:05.146	rmnet_ipa0	19973	23572
11:27:05.146	rmnet_data2	0	0
11:27:05.146	rmnet_data1	1488	1792
11:27:05.146	rmnet_data0	2848	4537
11:27:05.146	wlan0	10359002	34587559
11:27:06.181	rmnet_ipa0	19973	23572
11:27:06.181	rmnet_data2	0	0
11:27:06.181	rmnet_data1	1488	1792
11:27:06.181	rmnet_data0	2848	4537
11:27:06.181	wlan0	10359595	34587711
11:27:07.219	rmnet_ipa0	19973	23572
11:27:07.219	rmnet_data2	0	0
11:27:07.219	rmnet_data1	1488	1792
11:27:07.219	rmnet_data0	2848	4537
11:27:07.219	wlan0	10359595	34590590
11:27:08.257	rmnet_ipa0	19973	23572
11:27:08.257	rmnet_data2	0	0
11:27:08.257	rmnet_data1	1488	1792
11:27:08.257	rmnet_data0	2848	4537
11:27:08.257	wlan0	10359595	34592468
11:27:09.292	rmnet_ipa0	19973	23572
11:27:09.292	rmnet_data2	0	0
11:27:09.292	rmnet_data1	1488	1792
11:27:09.292	rmnet_data0	2848	4537
11:27:09.292	wlan0	10359595	34596805
11:27:10.328	rmnet_ipa0	19973	23572
11:27:10.328	rmnet_data2	0	0
11:27:10.328	rmnet_data1	1488	1792
11:27:10.328	rmnet_data0	2848	4537
11:27:10.328	wlan0	10359595	34597543
11:27:11.366	rmnet_ipa0	19973	23572
11:27:11.366	rmnet_data2	0	0
11:27:11.366	rmnet_data1	1488	1792
11:27:11.366	rmnet_data0	2848	4537
11:27:11.366	wlan0	10359595	34598846
11:27:12.413	rmnet_ipa0	19973	23572
11:27:12.413	rmnet_data2	0	0
11:27:12.413	rmnet_data1	1488	1792
11:27:12.413	rmnet_data0	2848	4537
11:27:12.413	wlan0	10359595	34599410
11:27:13.455	rmnet_ipa0	19973	23572
11:27:13.455	rmnet_data2	0	0
11:27:13.455	rmnet_data1	1488	1792
11:27:13.455	rmnet_data0	2848	4537
11:27:13.455	wlan0	10359595	34599410
11:27:14.492	rmnet_ipa0	19973	23572
11:27:14.492	rmnet_data2	0	0
11:27:14.492	rmnet_data1	1488	1792
11:27:14.492	rmnet_data0	2848	4537
11:27:14.492	wlan0	10359595	34599410
11:27:15.530	rmnet_ipa0	19973	23572
11:27:15.530	rmnet_data2	0	0
11:27:15.530	rmnet_data1	1488	1792
11:27:15.530	rmnet_data0	2848	4537
11:27:15.530	wlan0	10359595	34599626
11:27:16.570	rmnet_ipa0	19973	23572
11:27:16.570	rmnet_data2	0	0
11:27:16.570	rmnet_data1	1488	1792
11:27:16.570	rmnet_data0	2848	4537
11:27:16.570	wlan0	10359595	34599626
11:27:17.609	rmnet_ipa0	19973	23572
11:27:17.609	rmnet_data2	0	0
11:27:17.609	rmnet_data1	1488	1792
11:27:17.609	rmnet_data0	2848	4537
11:27:17.609	wlan0	10359595	34600087
11:27:18.651	rmnet_ipa0	19973	23572
11:27:18.651	rmnet_data2	0	0
11:27:18.651	rmnet_data1	1488	1792
11:27:18.651	rmnet_data0	2848	4537
11:27:18.651	wlan0	10359595	34600087
11:27:19.694	rmnet_ipa0	19973	23572
11:27:19.694	rmnet_data2	0	0
11:27:19.694	rmnet_data1	1488	1792
11:27:19.694	rmnet_data0	2848	4537
11:27:19.694	wlan0	10359595	34600594
11:27:20.735	rmnet_ipa0	19973	23572
11:27:20.735	rmnet_data2	0	0
11:27:20.735	rmnet_data1	1488	1792
11:27:20.735	rmnet_data0	2848	4537
11:27:20.735	wlan0	10359595	34600895
11:27:21.777	rmnet_ipa0	19973	23572
11:27:21.777	rmnet_data2	0	0
11:27:21.777	rmnet_data1	1488	1792
11:27:21.777	rmnet_data0	2848	4537
11:27:21.777	wlan0	10359595	34601175
11:27:22.821	rmnet_ipa0	19973	23572
11:27:22.821	rmnet_data2	0	0
11:27:22.821	rmnet_data1	1488	1792
11:27:22.821	rmnet_data0	2848	4537
11:27:22.821	wlan0	10359595	34601352
11:27:23.869	rmnet_ipa0	19973	23572
11:27:23.869	rmnet_data2	0	0
11:27:23.869	rmnet_data1	1488	1792
11:27:23.869	rmnet_data0	2848	4537
11:27:23.869	wlan0	10359595	34602920
11:27:24.915	rmnet_ipa0	19973	23572
11:27:24.915	rmnet_data2	0	0
11:27:24.915	rmnet_data1	1488	1792
11:27:24.915	rmnet_data0	2848	4537
11:27:24.915	wlan0	10359623	34603110
11:27:25.960	rmnet_ipa0	19973	23572
11:27:25.960	rmnet_data2	0	0
11:27:25.960	rmnet_data1	1488	1792
11:27:25.960	rmnet_data0	2848	4537
11:27:25.960	wlan0	10359623	34603184
11:27:27.007	rmnet_ipa0	19973	23572
11:27:27.007	rmnet_data2	0	0
11:27:27.007	rmnet_data1	1488	1792
11:27:27.007	rmnet_data0	2848	4537
11:27:27.007	wlan0	10359623	34608051
11:27:28.054	rmnet_ipa0	19973	23572
11:27:28.054	rmnet_data2	0	0
11:27:28.054	rmnet_data1	1488	1792
11:27:28.054	rmnet_data0	2848	4537
11:27:28.054	wlan0	10359623	34608885
11:27:29.100	rmnet_ipa0	19973	23572
11:27:29.100	rmnet_data2	0	0
11:27:29.100	rmnet_data1	1488	1792
11:27:29.100	rmnet_data0	2848	4537
11:27:29.100	wlan0	10359623	34608885
11:27:30.146	rmnet_ipa0	19973	23572
11:27:30.146	rmnet_data2	0	0
11:27:30.146	rmnet_data1	1488	1792
11:27:30.146	rmnet_data0	2848	4537
11:27:30.146	wlan0	10359623	34608951
11:27:31.193	rmnet_ipa0	19973	23572
11:27:31.193	rmnet_data2	0	0
11:27:31.193	rmnet_data1	1488	1792
11:27:31.193	rmnet_data0	2848	4537
11:27:31.193	wlan0	10359623	34609645
11:27:32.242	rmnet_ipa0	19973	23572
11:27:32.242	rmnet_data2	0	0
11:27:32.242	rmnet_data1	1488	1792
11:27:32.242	rmnet_data0	2848	4537
11:27:32.242	wlan0	10359623	34609719
11:27:33.293	rmnet_ipa0	19973	23572
11:27:33.293	rmnet_data2	0	0
11:27:33.293	rmnet_data1	1488	1792
11:27:33.293	rmnet_data0	2848	4537
11:27:33.293	wlan0	10359623	34609719
11:27:34.327	rmnet_ipa0	19973	23572
11:27:34.327	rmnet_data2	0	0
11:27:34.327	rmnet_data1	1488	1792
11:27:34.327	rmnet_data0	2848	4537
11:27:34.327	wlan0	10359623	34609719
11:27:35.368	rmnet_ipa0	19973	23572
11:27:35.368	rmnet_data2	0	0
11:27:35.368	rmnet_data1	1488	1792
11:27:35.368	rmnet_data0	2848	4537
11:27:35.368	wlan0	10359623	34610413
11:27:36.423	rmnet_ipa0	19973	23572
11:27:36.423	rmnet_data2	0	0
11:27:36.423	rmnet_data1	1488	1792
11:27:36.423	rmnet_data0	2848	4537
11:27:36.423	wlan0	10359623	34610413
11:27:37.472	rmnet_ipa0	19973	23572
11:27:37.472	rmnet_data2	0	0
11:27:37.472	rmnet_data1	1488	1792
11:27:37.472	rmnet_data0	2848	4537
11:27:37.472	wlan0	10359623	34610413
11:27:38.524	rmnet_ipa0	19973	23572
11:27:38.524	rmnet_data2	0	0
11:27:38.524	rmnet_data1	1488	1792
11:27:38.524	rmnet_data0	2848	4537
11:27:38.524	wlan0	10359623	34610413
11:27:39.569	rmnet_ipa0	19973	23572
11:27:39.569	rmnet_data2	0	0
11:27:39.569	rmnet_data1	1488	1792
11:27:39.569	rmnet_data0	2848	4537
11:27:39.569	wlan0	10359623	34610413
11:27:40.616	rmnet_ipa0	19973	23572
11:27:40.616	rmnet_data2	0	0
11:27:40.616	rmnet_data1	1488	1792
11:27:40.616	rmnet_data0	2848	4537
11:27:40.616	wlan0	10359623	34610487
11:27:41.660	rmnet_ipa0	19973	23572
11:27:41.660	rmnet_data2	0	0
11:27:41.660	rmnet_data1	1488	1792
11:27:41.660	rmnet_data0	2848	4537
11:27:41.660	wlan0	10359623	34610487
11:27:42.703	rmnet_ipa0	19973	23572
11:27:42.703	rmnet_data2	0	0
11:27:42.703	rmnet_data1	1488	1792
11:27:42.703	rmnet_data0	2848	4537
11:27:42.703	wlan0	10359623	34610487
11:27:43.751	rmnet_ipa0	19973	23572
11:27:43.751	rmnet_data2	0	0
11:27:43.751	rmnet_data1	1488	1792
11:27:43.751	rmnet_data0	2848	4537
11:27:43.751	wlan0	10359623	34610487
11:27:44.797	rmnet_ipa0	19973	23572
11:27:44.797	rmnet_data2	0	0
11:27:44.797	rmnet_data1	1488	1792
11:27:44.797	rmnet_data0	2848	4537
11:27:44.797	wlan0	10359623	34611065
11:27:45.842	rmnet_ipa0	19973	23572
11:27:45.842	rmnet_data2	0	0
11:27:45.842	rmnet_data1	1488	1792
11:27:45.842	rmnet_data0	2848	4537
11:27:45.842	wlan0	10359651	34611107
11:27:46.891	rmnet_ipa0	19973	23572
11:27:46.891	rmnet_data2	0	0
11:27:46.891	rmnet_data1	1488	1792
11:27:46.891	rmnet_data0	2848	4537
11:27:46.891	wlan0	10359651	34611107
11:27:47.940	rmnet_ipa0	19973	23572
11:27:47.940	rmnet_data2	0	0
11:27:47.940	rmnet_data1	1488	1792
11:27:47.940	rmnet_data0	2848	4537
11:27:47.940	wlan0	10359651	34611301
11:27:48.986	rmnet_ipa0	19973	23572
11:27:48.986	rmnet_data2	0	0
11:27:48.986	rmnet_data1	1488	1792
11:27:48.986	rmnet_data0	2848	4537
11:27:48.986	wlan0	10359651	34611301
11:27:50.031	rmnet_ipa0	19973	23572
11:27:50.031	rmnet_data2	0	0
11:27:50.031	rmnet_data1	1488	1792
11:27:50.031	rmnet_data0	2848	4537
11:27:50.031	wlan0	10359651	34611301
11:27:51.084	rmnet_ipa0	19973	23572
11:27:51.084	rmnet_data2	0	0
11:27:51.084	rmnet_data1	1488	1792
11:27:51.084	rmnet_data0	2848	4537
11:27:51.084	wlan0	10359651	34611301
11:27:52.131	rmnet_ipa0	19973	23572
11:27:52.131	rmnet_data2	0	0
11:27:52.131	rmnet_data1	1488	1792
11:27:52.131	rmnet_data0	2848	4537
11:27:52.131	wlan0	10359651	34611301
11:27:53.180	rmnet_ipa0	19973	23572
11:27:53.180	rmnet_data2	0	0
11:27:53.180	rmnet_data1	1488	1792
11:27:53.180	rmnet_data0	2848	4537
11:27:53.180	wlan0	10359651	34611685
11:27:54.223	rmnet_ipa0	19973	23572
11:27:54.223	rmnet_data2	0	0
11:27:54.223	rmnet_data1	1488	1792
11:27:54.223	rmnet_data0	2848	4537
11:27:54.223	wlan0	10359651	34611833
11:27:55.267	rmnet_ipa0	19973	23572
11:27:55.267	rmnet_data2	0	0
11:27:55.267	rmnet_data1	1488	1792
11:27:55.267	rmnet_data0	2848	4537
11:27:55.267	wlan0	10359651	34612217
11:27:56.313	rmnet_ipa0	19973	23572
11:27:56.313	rmnet_data2	0	0
11:27:56.313	rmnet_data1	1488	1792
11:27:56.313	rmnet_data0	2848	4537
11:27:56.313	wlan0	10359651	34612601
11:27:57.366	rmnet_ipa0	19973	23572
11:27:57.366	rmnet_data2	0	0
11:27:57.366	rmnet_data1	1488	1792
11:27:57.366	rmnet_data0	2848	4537
11:27:57.366	wlan0	10359651	34612675
11:27:58.419	rmnet_ipa0	19973	23572
11:27:58.419	rmnet_data2	0	0
11:27:58.419	rmnet_data1	1488	1792
11:27:58.419	rmnet_data0	2848	4537
11:27:58.419	wlan0	10359651	34612873
11:27:59.471	rmnet_ipa0	19973	23572
11:27:59.471	rmnet_data2	0	0
11:27:59.471	rmnet_data1	1488	1792
11:27:59.471	rmnet_data0	2848	4537
11:27:59.471	wlan0	10359651	34613356
11:28:00.519	rmnet_ipa0	19973	23572
11:28:00.519	rmnet_data2	0	0
11:28:00.519	rmnet_data1	1488	1792
11:28:00.519	rmnet_data0	2848	4537
11:28:00.519	wlan0	10359651	34613356
11:28:01.564	rmnet_ipa0	19973	23572
11:28:01.564	rmnet_data2	0	0
11:28:01.564	rmnet_data1	1488	1792
11:28:01.564	rmnet_data0	2848	4537
11:28:01.564	wlan0	10359651	34613765
11:28:02.612	rmnet_ipa0	19973	23572
11:28:02.612	rmnet_data2	0	0
11:28:02.612	rmnet_data1	1488	1792
11:28:02.612	rmnet_data0	2848	4537
11:28:02.612	wlan0	10359651	34614489
11:28:03.669	rmnet_ipa0	19973	23572
11:28:03.669	rmnet_data2	0	0
11:28:03.669	rmnet_data1	1488	1792
11:28:03.669	rmnet_data0	2848	4537
11:28:03.669	wlan0	10359651	34614605
11:28:04.721	rmnet_ipa0	19973	23572
11:28:04.721	rmnet_data2	0	0
11:28:04.721	rmnet_data1	1488	1792
11:28:04.721	rmnet_data0	2848	4537
11:28:04.721	wlan0	10359679	34614721
11:28:05.773	rmnet_ipa0	19973	23572
11:28:05.773	rmnet_data2	0	0
11:28:05.773	rmnet_data1	1488	1792
11:28:05.773	rmnet_data0	2848	4537
11:28:05.773	wlan0	10359679	34615018
11:28:06.824	rmnet_ipa0	19973	23572
11:28:06.824	rmnet_data2	0	0
11:28:06.824	rmnet_data1	1488	1792
11:28:06.824	rmnet_data0	2848	4537
11:28:06.824	wlan0	10359679	34615174
11:28:08.049	rmnet_ipa0	19973	23572
11:28:08.049	rmnet_data2	0	0
11:28:08.049	rmnet_data1	1488	1792
11:28:08.049	rmnet_data0	2848	4537
11:28:08.049	wlan0	10359679	34615898
11:28:09.096	rmnet_ipa0	19973	23572
11:28:09.096	rmnet_data2	0	0
11:28:09.096	rmnet_data1	1488	1792
11:28:09.096	rmnet_data0	2848	4537
11:28:09.096	wlan0	10361827	34621907
11:28:10.148	rmnet_ipa0	19973	23572
11:28:10.148	rmnet_data2	0	0
11:28:10.148	rmnet_data1	1488	1792
11:28:10.148	rmnet_data0	2848	4537
11:28:10.148	wlan0	10370041	34634995
11:28:11.195	rmnet_ipa0	19973	23572
11:28:11.195	rmnet_data2	0	0
11:28:11.195	rmnet_data1	1488	1792
11:28:11.195	rmnet_data0	2848	4537
11:28:11.195	wlan0	10379177	34641081
11:28:12.243	rmnet_ipa0	19973	23572
11:28:12.243	rmnet_data2	0	0
11:28:12.243	rmnet_data1	1488	1792
11:28:12.243	rmnet_data0	2848	4537
11:28:12.243	wlan0	10384400	34646590
11:28:13.294	rmnet_ipa0	19973	23572
11:28:13.294	rmnet_data2	0	0
11:28:13.294	rmnet_data1	1488	1792
11:28:13.294	rmnet_data0	2848	4537
11:28:13.294	wlan0	10387425	34653051
11:28:14.348	rmnet_ipa0	19973	23572
11:28:14.348	rmnet_data2	0	0
11:28:14.348	rmnet_data1	1488	1792
11:28:14.348	rmnet_data0	2848	4537
11:28:14.348	wlan0	10387630	34653906
11:28:15.401	rmnet_ipa0	19973	23572
11:28:15.401	rmnet_data2	0	0
11:28:15.401	rmnet_data1	1488	1792
11:28:15.401	rmnet_data0	2848	4537
11:28:15.401	wlan0	10388241	34655857
11:28:16.449	rmnet_ipa0	19973	23572
11:28:16.449	rmnet_data2	0	0
11:28:16.449	rmnet_data1	1488	1792
11:28:16.449	rmnet_data0	2848	4537
11:28:16.449	wlan0	10389101	34655923
11:28:17.502	rmnet_ipa0	19973	23572
11:28:17.502	rmnet_data2	0	0
11:28:17.502	rmnet_data1	1488	1792
11:28:17.502	rmnet_data0	2848	4537
11:28:17.502	wlan0	10389101	34655923
11:28:18.563	rmnet_ipa0	19973	23572
11:28:18.563	rmnet_data2	0	0
11:28:18.563	rmnet_data1	1488	1792
11:28:18.563	rmnet_data0	2848	4537
11:28:18.563	wlan0	10389101	34655923
11:28:19.622	rmnet_ipa0	19973	23572
11:28:19.622	rmnet_data2	0	0
11:28:19.622	rmnet_data1	1488	1792
11:28:19.622	rmnet_data0	2848	4537
11:28:19.622	wlan0	10389101	34655923
11:28:20.670	rmnet_ipa0	19973	23572
11:28:20.670	rmnet_data2	0	0
11:28:20.670	rmnet_data1	1488	1792
11:28:20.670	rmnet_data0	2848	4537
11:28:20.670	wlan0	10389101	34655923
11:28:21.717	rmnet_ipa0	19973	23572
11:28:21.717	rmnet_data2	0	0
11:28:21.717	rmnet_data1	1488	1792
11:28:21.717	rmnet_data0	2848	4537
11:28:21.717	wlan0	10389153	34656096
11:28:22.757	rmnet_ipa0	19973	23572
11:28:22.757	rmnet_data2	0	0
11:28:22.757	rmnet_data1	1488	1792
11:28:22.757	rmnet_data0	2848	4537
11:28:22.757	wlan0	10389153	34656096
11:28:23.811	rmnet_ipa0	19973	23572
11:28:23.811	rmnet_data2	0	0
11:28:23.811	rmnet_data1	1488	1792
11:28:23.811	rmnet_data0	2848	4537
11:28:23.811	wlan0	10389153	34656096
11:28:24.866	rmnet_ipa0	19973	23572
11:28:24.866	rmnet_data2	0	0
11:28:24.866	rmnet_data1	1488	1792
11:28:24.866	rmnet_data0	2848	4537
11:28:24.866	wlan0	10389328	34656656
11:28:25.918	rmnet_ipa0	19973	23572
11:28:25.918	rmnet_data2	0	0
11:28:25.918	rmnet_data1	1488	1792
11:28:25.918	rmnet_data0	2848	4537
11:28:25.918	wlan0	10389496	34656911
11:28:26.973	rmnet_ipa0	19973	23572
11:28:26.973	rmnet_data2	0	0
11:28:26.973	rmnet_data1	1488	1792
11:28:26.973	rmnet_data0	2848	4537
11:28:26.973	wlan0	10389496	34656911
11:28:28.028	rmnet_ipa0	19973	23572
11:28:28.028	rmnet_data2	0	0
11:28:28.028	rmnet_data1	1488	1792
11:28:28.028	rmnet_data0	2848	4537
11:28:28.028	wlan0	10389496	34656911
11:28:29.088	rmnet_ipa0	19973	23572
11:28:29.088	rmnet_data2	0	0
11:28:29.088	rmnet_data1	1488	1792
11:28:29.088	rmnet_data0	2848	4537
11:28:29.088	wlan0	10389496	34656911
11:28:30.157	rmnet_ipa0	19973	23572
11:28:30.157	rmnet_data2	0	0
11:28:30.157	rmnet_data1	1488	1792
11:28:30.157	rmnet_data0	2848	4537
11:28:30.157	wlan0	10389496	34656911
11:28:31.230	rmnet_ipa0	19973	23572
11:28:31.230	rmnet_data2	0	0
11:28:31.230	rmnet_data1	1488	1792
11:28:31.230	rmnet_data0	2848	4537
11:28:31.230	wlan0	10389496	34656911
11:28:32.283	rmnet_ipa0	19973	23572
11:28:32.283	rmnet_data2	0	0
11:28:32.283	rmnet_data1	1488	1792
11:28:32.283	rmnet_data0	2848	4537
11:28:32.283	wlan0	10389496	34656911
11:28:33.335	rmnet_ipa0	19973	23572
11:28:33.335	rmnet_data2	0	0
11:28:33.335	rmnet_data1	1488	1792
11:28:33.335	rmnet_data0	2848	4537
11:28:33.335	wlan0	10389496	34656911
11:28:34.386	rmnet_ipa0	19973	23572
11:28:34.386	rmnet_data2	0	0
11:28:34.386	rmnet_data1	1488	1792
11:28:34.386	rmnet_data0	2848	4537
11:28:34.386	wlan0	10389496	34656911
11:28:35.455	rmnet_ipa0	19973	23572
11:28:35.455	rmnet_data2	0	0
11:28:35.455	rmnet_data1	1488	1792
11:28:35.455	rmnet_data0	2848	4537
11:28:35.455	wlan0	10389496	34656911
11:28:36.511	rmnet_ipa0	19973	23572
11:28:36.511	rmnet_data2	0	0
11:28:36.511	rmnet_data1	1488	1792
11:28:36.511	rmnet_data0	2848	4537
11:28:36.511	wlan0	10389548	34656977
11:28:37.565	rmnet_ipa0	19973	23572
11:28:37.565	rmnet_data2	0	0
11:28:37.565	rmnet_data1	1488	1792
11:28:37.565	rmnet_data0	2848	4537
11:28:37.565	wlan0	10389548	34656977
11:28:39.475	rmnet_ipa0	19973	23572
11:28:39.475	rmnet_data2	0	0
11:28:39.475	rmnet_data1	1488	1792
11:28:39.475	rmnet_data0	2848	4537
11:28:39.475	wlan0	10389968	34658829
11:28:40.520	rmnet_ipa0	19973	23572
11:28:40.520	rmnet_data2	0	0
11:28:40.520	rmnet_data1	1488	1792
11:28:40.520	rmnet_data0	2848	4537
11:28:40.520	wlan0	10390788	34661533
11:28:43.357	rmnet_ipa0	19973	23572
11:28:43.357	rmnet_data2	0	0
11:28:43.357	rmnet_data1	1488	1792
11:28:43.357	rmnet_data0	2848	4537
11:28:43.357	wlan0	10391527	34662533
11:28:44.584	rmnet_ipa0	19973	23572
11:28:44.584	rmnet_data2	0	0
11:28:44.584	rmnet_data1	1488	1792
11:28:44.584	rmnet_data0	2848	4537
11:28:44.584	wlan0	10391788	34662854
11:28:45.644	rmnet_ipa0	19973	23572
11:28:45.644	rmnet_data2	0	0
11:28:45.644	rmnet_data1	1488	1792
11:28:45.644	rmnet_data0	2848	4537
11:28:45.644	wlan0	10391788	34662854
11:28:46.694	rmnet_ipa0	19973	23572
11:28:46.694	rmnet_data2	0	0
11:28:46.694	rmnet_data1	1488	1792
11:28:46.694	rmnet_data0	2848	4537
11:28:46.694	wlan0	10391788	34662854
11:28:47.746	rmnet_ipa0	19973	23572
11:28:47.746	rmnet_data2	0	0
11:28:47.746	rmnet_data1	1488	1792
11:28:47.746	rmnet_data0	2848	4537
11:28:47.746	wlan0	10391788	34662854
11:28:48.808	rmnet_ipa0	19973	23572
11:28:48.808	rmnet_data2	0	0
11:28:48.808	rmnet_data1	1488	1792
11:28:48.808	rmnet_data0	2848	4537
11:28:48.808	wlan0	10391788	34662854
11:28:49.861	rmnet_ipa0	19973	23572
11:28:49.861	rmnet_data2	0	0
11:28:49.861	rmnet_data1	1488	1792
11:28:49.861	rmnet_data0	2848	4537
11:28:49.861	wlan0	10391788	34662854
11:28:50.913	rmnet_ipa0	19973	23572
11:28:50.913	rmnet_data2	0	0
11:28:50.913	rmnet_data1	1488	1792
11:28:50.913	rmnet_data0	2848	4537
11:28:50.913	wlan0	10391788	34662854
11:28:51.964	rmnet_ipa0	19973	23572
11:28:51.964	rmnet_data2	0	0
11:28:51.964	rmnet_data1	1488	1792
11:28:51.964	rmnet_data0	2848	4537
11:28:51.964	wlan0	10391788	34662854
11:28:53.030	rmnet_ipa0	19973	23572
11:28:53.030	rmnet_data2	0	0
11:28:53.030	rmnet_data1	1488	1792
11:28:53.030	rmnet_data0	2848	4537
11:28:53.030	wlan0	10391788	34662854
11:28:54.082	rmnet_ipa0	19973	23572
11:28:54.082	rmnet_data2	0	0
11:28:54.082	rmnet_data1	1488	1792
11:28:54.082	rmnet_data0	2848	4537
11:28:54.082	wlan0	10391788	34662854
11:28:55.137	rmnet_ipa0	19973	23572
11:28:55.137	rmnet_data2	0	0
11:28:55.137	rmnet_data1	1488	1792
11:28:55.137	rmnet_data0	2848	4537
11:28:55.137	wlan0	10391788	34662920
11:28:56.190	rmnet_ipa0	19973	23572
11:28:56.190	rmnet_data2	0	0
11:28:56.190	rmnet_data1	1488	1792
11:28:56.190	rmnet_data0	2848	4537
11:28:56.190	wlan0	10391788	34662920
11:28:57.240	rmnet_ipa0	19973	23572
11:28:57.240	rmnet_data2	0	0
11:28:57.240	rmnet_data1	1488	1792
11:28:57.240	rmnet_data0	2848	4537
11:28:57.240	wlan0	10391788	34662920
11:28:58.293	rmnet_ipa0	19973	23572
11:28:58.293	rmnet_data2	0	0
11:28:58.293	rmnet_data1	1488	1792
11:28:58.293	rmnet_data0	2848	4537
11:28:58.293	wlan0	10391788	34663197
11:28:59.336	rmnet_ipa0	19973	23572
11:28:59.336	rmnet_data2	0	0
11:28:59.336	rmnet_data1	1488	1792
11:28:59.336	rmnet_data0	2848	4537
11:28:59.336	wlan0	10391788	34663304
11:29:00.386	rmnet_ipa0	19973	23572
11:29:00.386	rmnet_data2	0	0
11:29:00.386	rmnet_data1	1488	1792
11:29:00.386	rmnet_data0	2848	4537
11:29:00.386	wlan0	10391788	34663411
11:29:01.437	rmnet_ipa0	19973	23572
11:29:01.437	rmnet_data2	0	0
11:29:01.437	rmnet_data1	1488	1792
11:29:01.437	rmnet_data0	2848	4537
11:29:01.437	wlan0	10391788	34663411
11:29:02.481	rmnet_ipa0	19973	23572
11:29:02.481	rmnet_data2	0	0
11:29:02.481	rmnet_data1	1488	1792
11:29:02.481	rmnet_data0	2848	4537
11:29:02.481	wlan0	10391788	34663411
11:29:03.531	rmnet_ipa0	19973	23572
11:29:03.531	rmnet_data2	0	0
11:29:03.531	rmnet_data1	1488	1792
11:29:03.531	rmnet_data0	2848	4537
11:29:03.531	wlan0	10391788	34663560
11:29:04.582	rmnet_ipa0	19973	23572
11:29:04.582	rmnet_data2	0	0
11:29:04.582	rmnet_data1	1488	1792
11:29:04.582	rmnet_data0	2848	4537
11:29:04.582	wlan0	10391788	34663634
11:29:05.628	rmnet_ipa0	19973	23572
11:29:05.628	rmnet_data2	0	0
11:29:05.628	rmnet_data1	1488	1792
11:29:05.628	rmnet_data0	2848	4537
11:29:05.628	wlan0	10391788	34663676
11:29:06.679	rmnet_ipa0	19973	23572
11:29:06.679	rmnet_data2	0	0
11:29:06.679	rmnet_data1	1488	1792
11:29:06.679	rmnet_data0	2848	4537
11:29:06.679	wlan0	10391788	34663750
11:29:07.724	rmnet_ipa0	19973	23572
11:29:07.724	rmnet_data2	0	0
11:29:07.724	rmnet_data1	1488	1792
11:29:07.724	rmnet_data0	2848	4537
11:29:07.724	wlan0	10391788	34663899
11:29:08.772	rmnet_ipa0	19973	23572
11:29:08.772	rmnet_data2	0	0
11:29:08.772	rmnet_data1	1488	1792
11:29:08.772	rmnet_data0	2848	4537
11:29:08.772	wlan0	10391788	34663973
11:29:09.826	rmnet_ipa0	19973	23572
11:29:09.826	rmnet_data2	0	0
11:29:09.826	rmnet_data1	1488	1792
11:29:09.826	rmnet_data0	2848	4537
11:29:09.826	wlan0	10391788	34663973
11:29:10.874	rmnet_ipa0	19973	23572
11:29:10.874	rmnet_data2	0	0
11:29:10.874	rmnet_data1	1488	1792
11:29:10.874	rmnet_data0	2848	4537
11:29:10.874	wlan0	10391788	34663973
11:29:11.913	rmnet_ipa0	19973	23572
11:29:11.913	rmnet_data2	0	0
11:29:11.913	rmnet_data1	1488	1792
11:29:11.913	rmnet_data0	2848	4537
11:29:11.913	wlan0	10391788	34663973
11:29:12.962	rmnet_ipa0	19973	23572
11:29:12.962	rmnet_data2	0	0
11:29:12.962	rmnet_data1	1488	1792
11:29:12.962	rmnet_data0	2848	4537
11:29:12.962	wlan0	10391788	34663973
11:29:14.008	rmnet_ipa0	19973	23572
11:29:14.008	rmnet_data2	0	0
11:29:14.008	rmnet_data1	1488	1792
11:29:14.008	rmnet_data0	2848	4537
11:29:14.008	wlan0	10391788	34664076
11:29:15.058	rmnet_ipa0	19973	23572
11:29:15.058	rmnet_data2	0	0
11:29:15.058	rmnet_data1	1488	1792
11:29:15.058	rmnet_data0	2848	4537
11:29:15.058	wlan0	10391788	34664179
11:29:18.365	rmnet_ipa0	19973	23572
11:29:18.365	rmnet_data2	0	0
11:29:18.365	rmnet_data1	1488	1792
11:29:18.365	rmnet_data0	2848	4537
11:29:18.365	wlan0	10391788	34664492
11:29:19.411	rmnet_ipa0	19973	23572
11:29:19.411	rmnet_data2	0	0
11:29:19.411	rmnet_data1	1488	1792
11:29:19.411	rmnet_data0	2848	4537
11:29:19.411	wlan0	10391816	34664534
11:29:20.461	rmnet_ipa0	19973	23572
11:29:20.461	rmnet_data2	0	0
11:29:20.461	rmnet_data1	1488	1792
11:29:20.461	rmnet_data0	2848	4537
11:29:20.461	wlan0	10391816	34664637
11:29:21.511	rmnet_ipa0	19973	23572
11:29:21.511	rmnet_data2	0	0
11:29:21.511	rmnet_data1	1488	1792
11:29:21.511	rmnet_data0	2848	4537
11:29:21.511	wlan0	10391816	34664637
11:29:22.555	rmnet_ipa0	19973	23572
11:29:22.555	rmnet_data2	0	0
11:29:22.555	rmnet_data1	1488	1792
11:29:22.555	rmnet_data0	2848	4537
11:29:22.555	wlan0	10391816	34664637
11:29:23.601	rmnet_ipa0	19973	23572
11:29:23.601	rmnet_data2	0	0
11:29:23.601	rmnet_data1	1488	1792
11:29:23.601	rmnet_data0	2848	4537
11:29:23.601	wlan0	10391816	34664637
11:29:24.650	rmnet_ipa0	19973	23572
11:29:24.650	rmnet_data2	0	0
11:29:24.650	rmnet_data1	1488	1792
11:29:24.650	rmnet_data0	2848	4537
11:29:24.650	wlan0	10391816	34664637
11:29:25.707	rmnet_ipa0	19973	23572
11:29:25.707	rmnet_data2	0	0
11:29:25.707	rmnet_data1	1488	1792
11:29:25.707	rmnet_data0	2848	4537
11:29:25.707	wlan0	10391816	34664795
11:29:26.761	rmnet_ipa0	19973	23572
11:29:26.761	rmnet_data2	0	0
11:29:26.761	rmnet_data1	1488	1792
11:29:26.761	rmnet_data0	2848	4537
11:29:26.761	wlan0	10391816	34664869
11:29:27.810	rmnet_ipa0	19973	23572
11:29:27.810	rmnet_data2	0	0
11:29:27.810	rmnet_data1	1488	1792
11:29:27.810	rmnet_data0	2848	4537
11:29:27.810	wlan0	10391816	34665027
11:29:28.862	rmnet_ipa0	19973	23572
11:29:28.862	rmnet_data2	0	0
11:29:28.862	rmnet_data1	1488	1792
11:29:28.862	rmnet_data0	2848	4537
11:29:28.862	wlan0	10391816	34665185
11:29:29.923	rmnet_ipa0	19973	23572
11:29:29.923	rmnet_data2	0	0
11:29:29.923	rmnet_data1	1488	1792
11:29:29.923	rmnet_data0	2848	4537
11:29:29.923	wlan0	10391816	34665589
11:29:30.982	rmnet_ipa0	19973	23572
11:29:30.982	rmnet_data2	0	0
11:29:30.982	rmnet_data1	1488	1792
11:29:30.982	rmnet_data0	2848	4537
11:29:30.982	wlan0	10391816	34665811
11:29:32.034	rmnet_ipa0	19973	23572
11:29:32.034	rmnet_data2	0	0
11:29:32.034	rmnet_data1	1488	1792
11:29:32.034	rmnet_data0	2848	4537
11:29:32.034	wlan0	10391816	34666191
11:29:33.274	rmnet_ipa0	19973	23572
11:29:33.274	rmnet_data2	0	0
11:29:33.274	rmnet_data1	1488	1792
11:29:33.274	rmnet_data0	2848	4537
11:29:33.274	wlan0	10391816	34666645
11:29:34.326	rmnet_ipa0	19973	23572
11:29:34.326	rmnet_data2	0	0
11:29:34.326	rmnet_data1	1488	1792
11:29:34.326	rmnet_data0	2848	4537
11:29:34.326	wlan0	10391816	34666793
11:29:35.374	rmnet_ipa0	19973	23572
11:29:35.374	rmnet_data2	0	0
11:29:35.374	rmnet_data1	1488	1792
11:29:35.374	rmnet_data0	2848	4537
11:29:35.374	wlan0	10391816	34667123
11:29:36.433	rmnet_ipa0	19973	23572
11:29:36.433	rmnet_data2	0	0
11:29:36.433	rmnet_data1	1488	1792
11:29:36.433	rmnet_data0	2848	4537
11:29:36.433	wlan0	10391816	34667379
11:29:37.482	rmnet_ipa0	19973	23572
11:29:37.482	rmnet_data2	0	0
11:29:37.482	rmnet_data1	1488	1792
11:29:37.482	rmnet_data0	2848	4537
11:29:37.482	wlan0	10391816	34667527
11:29:38.527	rmnet_ipa0	19973	23572
11:29:38.527	rmnet_data2	0	0
11:29:38.527	rmnet_data1	1488	1792
11:29:38.527	rmnet_data0	2848	4537
11:29:38.527	wlan0	10391816	34667858
11:29:39.579	rmnet_ipa0	19973	23572
11:29:39.579	rmnet_data2	0	0
11:29:39.579	rmnet_data1	1488	1792
11:29:39.579	rmnet_data0	2848	4537
11:29:39.579	wlan0	10391844	34668156
11:29:40.638	rmnet_ipa0	19973	23572
11:29:40.638	rmnet_data2	0	0
11:29:40.638	rmnet_data1	1488	1792
11:29:40.638	rmnet_data0	2848	4537
11:29:40.638	wlan0	10391844	34668198
11:29:41.686	rmnet_ipa0	19973	23572
11:29:41.686	rmnet_data2	0	0
11:29:41.686	rmnet_data1	1488	1792
11:29:41.686	rmnet_data0	2848	4537
11:29:41.686	wlan0	10391844	34668272
11:29:42.736	rmnet_ipa0	19973	23572
11:29:42.736	rmnet_data2	0	0
11:29:42.736	rmnet_data1	1488	1792
11:29:42.736	rmnet_data0	2848	4537
11:29:42.736	wlan0	10391844	34668455
11:29:43.787	rmnet_ipa0	19973	23572
11:29:43.787	rmnet_data2	0	0
11:29:43.787	rmnet_data1	1488	1792
11:29:43.787	rmnet_data0	2848	4537
11:29:43.787	wlan0	10391844	34669005
11:29:44.840	rmnet_ipa0	19973	23572
11:29:44.840	rmnet_data2	0	0
11:29:44.840	rmnet_data1	1488	1792
11:29:44.840	rmnet_data0	2848	4537
11:29:44.840	wlan0	10391844	34669498
11:29:45.895	rmnet_ipa0	19973	23572
11:29:45.895	rmnet_data2	0	0
11:29:45.895	rmnet_data1	1488	1792
11:29:45.895	rmnet_data0	2848	4537
11:29:45.895	wlan0	10391844	34669828
11:29:46.944	rmnet_ipa0	19973	23572
11:29:46.944	rmnet_data2	0	0
11:29:46.944	rmnet_data1	1488	1792
11:29:46.944	rmnet_data0	2848	4537
11:29:46.944	wlan0	10391844	34670124
11:29:47.990	rmnet_ipa0	19973	23572
11:29:47.990	rmnet_data2	0	0
11:29:47.990	rmnet_data1	1488	1792
11:29:47.990	rmnet_data0	2848	4537
11:29:47.990	wlan0	10391844	34670346
11:29:49.792	rmnet_ipa0	19973	23572
11:29:49.792	rmnet_data2	0	0
11:29:49.792	rmnet_data1	1488	1792
11:29:49.792	rmnet_data0	2848	4537
11:29:49.792	wlan0	10391844	34670824
11:29:50.840	rmnet_ipa0	19973	23572
11:29:50.840	rmnet_data2	0	0
11:29:50.840	rmnet_data1	1488	1792
11:29:50.840	rmnet_data0	2848	4537
11:29:50.840	wlan0	10392708	34672651
11:29:51.884	rmnet_ipa0	19973	23572
11:29:51.884	rmnet_data2	0	0
11:29:51.884	rmnet_data1	1488	1792
11:29:51.884	rmnet_data0	2848	4537
11:29:51.884	wlan0	10395113	34677046
11:29:52.918	rmnet_ipa0	19973	23572
11:29:52.918	rmnet_data2	0	0
11:29:52.918	rmnet_data1	1488	1792
11:29:52.918	rmnet_data0	2848	4537
11:29:52.918	wlan0	10399988	34680557
11:29:53.956	rmnet_ipa0	19973	23572
11:29:53.956	rmnet_data2	0	0
11:29:53.956	rmnet_data1	1488	1792
11:29:53.956	rmnet_data0	2848	4537
11:29:53.956	wlan0	10400739	34683312
11:29:55.000	rmnet_ipa0	19973	23572
11:29:55.000	rmnet_data2	0	0
11:29:55.000	rmnet_data1	1488	1792
11:29:55.000	rmnet_data0	2848	4537
11:29:55.000	wlan0	10401940	34683699
11:29:56.051	rmnet_ipa0	19973	23572
11:29:56.051	rmnet_data2	0	0
11:29:56.051	rmnet_data1	1488	1792
11:29:56.051	rmnet_data0	2848	4537
11:29:56.051	wlan0	10401940	34683699
11:29:57.097	rmnet_ipa0	19973	23572
11:29:57.097	rmnet_data2	0	0
11:29:57.097	rmnet_data1	1488	1792
11:29:57.097	rmnet_data0	2848	4537
11:29:57.097	wlan0	10402190	34684449
11:29:58.145	rmnet_ipa0	19973	23572
11:29:58.145	rmnet_data2	0	0
11:29:58.145	rmnet_data1	1488	1792
11:29:58.145	rmnet_data0	2848	4537
11:29:58.145	wlan0	10403612	34687858
11:29:59.189	rmnet_ipa0	19973	23572
11:29:59.189	rmnet_data2	0	0
11:29:59.189	rmnet_data1	1488	1792
11:29:59.189	rmnet_data0	2848	4537
11:29:59.189	wlan0	10403612	34687858
11:30:00.238	rmnet_ipa0	19973	23572
11:30:00.238	rmnet_data2	0	0
11:30:00.238	rmnet_data1	1488	1792
11:30:00.238	rmnet_data0	2848	4537
11:30:00.238	wlan0	10403612	34687858
11:30:01.280	rmnet_ipa0	19973	23572
11:30:01.280	rmnet_data2	0	0
11:30:01.280	rmnet_data1	1488	1792
11:30:01.280	rmnet_data0	2848	4537
11:30:01.280	wlan0	10403612	34688031
11:30:02.311	rmnet_ipa0	19973	23572
11:30:02.311	rmnet_data2	0	0
11:30:02.311	rmnet_data1	1488	1792
11:30:02.311	rmnet_data0	2848	4537
11:30:02.311	wlan0	10403664	34688031
11:30:03.357	rmnet_ipa0	19973	23572
11:30:03.357	rmnet_data2	0	0
11:30:03.357	rmnet_data1	1488	1792
11:30:03.357	rmnet_data0	2848	4537
11:30:03.357	wlan0	10403692	34688115
11:30:04.404	rmnet_ipa0	19973	23572
11:30:04.404	rmnet_data2	0	0
11:30:04.404	rmnet_data1	1488	1792
11:30:04.404	rmnet_data0	2848	4537
11:30:04.404	wlan0	10403748	34688157
11:30:05.445	rmnet_ipa0	19973	23572
11:30:05.445	rmnet_data2	0	0
11:30:05.445	rmnet_data1	1488	1792
11:30:05.445	rmnet_data0	2848	4537
11:30:05.445	wlan0	10403800	34688651
11:30:06.499	rmnet_ipa0	19973	23572
11:30:06.499	rmnet_data2	0	0
11:30:06.499	rmnet_data1	1488	1792
11:30:06.499	rmnet_data0	2848	4537
11:30:06.499	wlan0	10403975	34689501
11:30:07.549	rmnet_ipa0	19973	23572
11:30:07.549	rmnet_data2	0	0
11:30:07.549	rmnet_data1	1488	1792
11:30:07.549	rmnet_data0	2848	4537
11:30:07.549	wlan0	10404247	34689822
11:30:08.597	rmnet_ipa0	19973	23572
11:30:08.597	rmnet_data2	0	0
11:30:08.597	rmnet_data1	1488	1792
11:30:08.597	rmnet_data0	2848	4537
11:30:08.597	wlan0	10404247	34689822
11:30:09.641	rmnet_ipa0	19973	23572
11:30:09.641	rmnet_data2	0	0
11:30:09.641	rmnet_data1	1488	1792
11:30:09.641	rmnet_data0	2848	4537
11:30:09.641	wlan0	10404247	34689822
11:30:10.689	rmnet_ipa0	19973	23572
11:30:10.689	rmnet_data2	0	0
11:30:10.689	rmnet_data1	1488	1792
11:30:10.689	rmnet_data0	2848	4537
11:30:10.689	wlan0	10404247	34689822
11:30:11.732	rmnet_ipa0	19973	23572
11:30:11.732	rmnet_data2	0	0
11:30:11.732	rmnet_data1	1488	1792
11:30:11.732	rmnet_data0	2848	4537
11:30:11.732	wlan0	10404247	34689822
11:30:12.782	rmnet_ipa0	19973	23572
11:30:12.782	rmnet_data2	0	0
11:30:12.782	rmnet_data1	1488	1792
11:30:12.782	rmnet_data0	2848	4537
11:30:12.782	wlan0	10404247	34689822
11:30:13.825	rmnet_ipa0	19973	23572
11:30:13.825	rmnet_data2	0	0
11:30:13.825	rmnet_data1	1488	1792
11:30:13.825	rmnet_data0	2848	4537
11:30:13.825	wlan0	10404247	34689822
11:30:14.869	rmnet_ipa0	19973	23572
11:30:14.869	rmnet_data2	0	0
11:30:14.869	rmnet_data1	1488	1792
11:30:14.869	rmnet_data0	2848	4537
11:30:14.869	wlan0	10404247	34689822
11:30:15.918	rmnet_ipa0	19973	23572
11:30:15.918	rmnet_data2	0	0
11:30:15.918	rmnet_data1	1488	1792
11:30:15.918	rmnet_data0	2848	4537
11:30:15.918	wlan0	10404247	34689822
11:30:16.966	rmnet_ipa0	19973	23572
11:30:16.966	rmnet_data2	0	0
11:30:16.966	rmnet_data1	1488	1792
11:30:16.966	rmnet_data0	2848	4537
11:30:16.966	wlan0	10404247	34689822
11:30:18.010	rmnet_ipa0	19973	23572
11:30:18.010	rmnet_data2	0	0
11:30:18.010	rmnet_data1	1488	1792
11:30:18.010	rmnet_data0	2848	4537
11:30:18.010	wlan0	10404299	34689888
11:30:19.060	rmnet_ipa0	19973	23572
11:30:19.060	rmnet_data2	0	0
11:30:19.060	rmnet_data1	1488	1792
11:30:19.060	rmnet_data0	2848	4537
11:30:19.060	wlan0	10404496	34690119
11:30:20.103	rmnet_ipa0	19973	23572
11:30:20.103	rmnet_data2	0	0
11:30:20.103	rmnet_data1	1488	1792
11:30:20.103	rmnet_data0	2848	4537
11:30:20.103	wlan0	10404548	34690292
11:30:21.142	rmnet_ipa0	19973	23572
11:30:21.142	rmnet_data2	0	0
11:30:21.142	rmnet_data1	1488	1792
11:30:21.142	rmnet_data0	2848	4537
11:30:21.142	wlan0	10404548	34690292
11:30:22.185	rmnet_ipa0	19973	23572
11:30:22.185	rmnet_data2	0	0
11:30:22.185	rmnet_data1	1488	1792
11:30:22.185	rmnet_data0	2848	4537
11:30:22.185	wlan0	10404548	34690553
11:30:23.228	rmnet_ipa0	19973	23572
11:30:23.228	rmnet_data2	0	0
11:30:23.228	rmnet_data1	1488	1792
11:30:23.228	rmnet_data0	2848	4537
11:30:23.228	wlan0	10404548	34691047
11:30:24.273	rmnet_ipa0	19973	23572
11:30:24.273	rmnet_data2	0	0
11:30:24.273	rmnet_data1	1488	1792
11:30:24.273	rmnet_data0	2848	4537
11:30:24.273	wlan0	10404548	34691508
11:30:25.320	rmnet_ipa0	19973	23572
11:30:25.320	rmnet_data2	0	0
11:30:25.320	rmnet_data1	1488	1792
11:30:25.320	rmnet_data0	2848	4537
11:30:25.320	wlan0	10404548	34691508
11:30:26.368	rmnet_ipa0	19973	23572
11:30:26.368	rmnet_data2	0	0
11:30:26.368	rmnet_data1	1488	1792
11:30:26.368	rmnet_data0	2848	4537
11:30:26.368	wlan0	10404548	34691969
11:30:27.413	rmnet_ipa0	19973	23572
11:30:27.413	rmnet_data2	0	0
11:30:27.413	rmnet_data1	1488	1792
11:30:27.413	rmnet_data0	2848	4537
11:30:27.413	wlan0	10404548	34691969
11:30:28.456	rmnet_ipa0	19973	23572
11:30:28.456	rmnet_data2	0	0
11:30:28.456	rmnet_data1	1488	1792
11:30:28.456	rmnet_data0	2848	4537
11:30:28.456	wlan0	10404548	34692072
11:30:29.496	rmnet_ipa0	19973	23572
11:30:29.496	rmnet_data2	0	0
11:30:29.496	rmnet_data1	1488	1792
11:30:29.496	rmnet_data0	2848	4537
11:30:29.496	wlan0	10404548	34692636
11:30:30.545	rmnet_ipa0	19973	23572
11:30:30.545	rmnet_data2	0	0
11:30:30.545	rmnet_data1	1488	1792
11:30:30.545	rmnet_data0	2848	4537
11:30:30.545	wlan0	10404548	34692739
11:30:31.593	rmnet_ipa0	19973	23572
11:30:31.593	rmnet_data2	0	0
11:30:31.593	rmnet_data1	1488	1792
11:30:31.593	rmnet_data0	2848	4537
11:30:31.593	wlan0	10404548	34692842
11:30:32.637	rmnet_ipa0	19973	23572
11:30:32.637	rmnet_data2	0	0
11:30:32.637	rmnet_data1	1488	1792
11:30:32.637	rmnet_data0	2848	4537
11:30:32.637	wlan0	10404548	34692842
11:30:33.684	rmnet_ipa0	19973	23572
11:30:33.684	rmnet_data2	0	0
11:30:33.684	rmnet_data1	1488	1792
11:30:33.684	rmnet_data0	2848	4537
11:30:33.684	wlan0	10404548	34692842
11:30:34.727	rmnet_ipa0	19973	23572
11:30:34.727	rmnet_data2	0	0
11:30:34.727	rmnet_data1	1488	1792
11:30:34.727	rmnet_data0	2848	4537
11:30:34.727	wlan0	10404548	34692842
11:30:35.757	rmnet_ipa0	19973	23572
11:30:35.757	rmnet_data2	0	0
11:30:35.757	rmnet_data1	1488	1792
11:30:35.757	rmnet_data0	2848	4537
11:30:35.757	wlan0	10404548	34692945
11:30:36.794	rmnet_ipa0	19973	23572
11:30:36.794	rmnet_data2	0	0
11:30:36.794	rmnet_data1	1488	1792
11:30:36.794	rmnet_data0	2848	4537
11:30:36.794	wlan0	10404548	34693406
11:30:37.842	rmnet_ipa0	19973	23572
11:30:37.842	rmnet_data2	0	0
11:30:37.842	rmnet_data1	1488	1792
11:30:37.842	rmnet_data0	2848	4537
11:30:37.842	wlan0	10404548	34693406
11:30:38.881	rmnet_ipa0	19973	23572
11:30:38.881	rmnet_data2	0	0
11:30:38.881	rmnet_data1	1488	1792
11:30:38.881	rmnet_data0	2848	4537
11:30:38.881	wlan0	10404548	34693406
11:30:39.920	rmnet_ipa0	19973	23572
11:30:39.920	rmnet_data2	0	0
11:30:39.920	rmnet_data1	1488	1792
11:30:39.920	rmnet_data0	2848	4537
11:30:39.920	wlan0	10404548	34693480
11:30:40.952	rmnet_ipa0	19973	23572
11:30:40.952	rmnet_data2	0	0
11:30:40.952	rmnet_data1	1488	1792
11:30:40.952	rmnet_data0	2848	4537
11:30:40.952	wlan0	10404548	34693554
11:30:41.991	rmnet_ipa0	19973	23572
11:30:41.991	rmnet_data2	0	0
11:30:41.991	rmnet_data1	1488	1792
11:30:41.991	rmnet_data0	2848	4537
11:30:41.991	wlan0	10404548	34693706
11:30:43.032	rmnet_ipa0	19973	23572
11:30:43.032	rmnet_data2	0	0
11:30:43.032	rmnet_data1	1488	1792
11:30:43.032	rmnet_data0	2848	4537
11:30:43.032	wlan0	10404548	34693858
11:30:44.072	rmnet_ipa0	19973	23572
11:30:44.072	rmnet_data2	0	0
11:30:44.072	rmnet_data1	1488	1792
11:30:44.072	rmnet_data0	2848	4537
11:30:44.072	wlan0	10404548	34694010
11:30:45.117	rmnet_ipa0	19973	23572
11:30:45.117	rmnet_data2	0	0
11:30:45.117	rmnet_data1	1488	1792
11:30:45.117	rmnet_data0	2848	4537
11:30:45.117	wlan0	10404548	34694084
11:30:46.160	rmnet_ipa0	19973	23572
11:30:46.160	rmnet_data2	0	0
11:30:46.160	rmnet_data1	1488	1792
11:30:46.160	rmnet_data0	2848	4537
11:30:46.160	wlan0	10404548	34694162
11:30:47.202	rmnet_ipa0	19973	23572
11:30:47.202	rmnet_data2	0	0
11:30:47.202	rmnet_data1	1488	1792
11:30:47.202	rmnet_data0	2848	4537
11:30:47.202	wlan0	10404548	34694286
11:30:48.246	rmnet_ipa0	19973	23572
11:30:48.246	rmnet_data2	0	0
11:30:48.246	rmnet_data1	1488	1792
11:30:48.246	rmnet_data0	2848	4537
11:30:48.246	wlan0	10404576	34694417
11:30:49.284	rmnet_ipa0	19973	23572
11:30:49.284	rmnet_data2	0	0
11:30:49.284	rmnet_data1	1488	1792
11:30:49.284	rmnet_data0	2848	4537
11:30:49.284	wlan0	10404576	34694417
11:30:50.321	rmnet_ipa0	19973	23572
11:30:50.321	rmnet_data2	0	0
11:30:50.321	rmnet_data1	1488	1792
11:30:50.321	rmnet_data0	2848	4537
11:30:50.321	wlan0	10404576	34694506
11:30:51.361	rmnet_ipa0	19973	23572
11:30:51.361	rmnet_data2	0	0
11:30:51.361	rmnet_data1	1488	1792
11:30:51.361	rmnet_data0	2848	4537
11:30:51.361	wlan0	10404576	34695232
11:30:52.401	rmnet_ipa0	19973	23572
11:30:52.401	rmnet_data2	0	0
11:30:52.401	rmnet_data1	1488	1792
11:30:52.401	rmnet_data0	2848	4537
11:30:52.401	wlan0	10404576	34695422
11:30:53.440	rmnet_ipa0	19973	23572
11:30:53.440	rmnet_data2	0	0
11:30:53.440	rmnet_data1	1488	1792
11:30:53.440	rmnet_data0	2848	4537
11:30:53.440	wlan0	10404576	34695826
11:30:54.480	rmnet_ipa0	19973	23572
11:30:54.480	rmnet_data2	0	0
11:30:54.480	rmnet_data1	1488	1792
11:30:54.480	rmnet_data0	2848	4537
11:30:54.480	wlan0	10404576	34696198
11:30:55.519	rmnet_ipa0	19973	23572
11:30:55.519	rmnet_data2	0	0
11:30:55.519	rmnet_data1	1488	1792
11:30:55.519	rmnet_data0	2848	4537
11:30:55.519	wlan0	10404576	34696420
11:30:56.559	rmnet_ipa0	19973	23572
11:30:56.559	rmnet_data2	0	0
11:30:56.559	rmnet_data1	1488	1792
11:30:56.559	rmnet_data0	2848	4537
11:30:56.559	wlan0	10404576	34696792
11:30:57.595	rmnet_ipa0	19973	23572
11:30:57.595	rmnet_data2	0	0
11:30:57.595	rmnet_data1	1488	1792
11:30:57.595	rmnet_data0	2848	4537
11:30:57.595	wlan0	10404576	34697048
11:30:58.634	rmnet_ipa0	19973	23572
11:30:58.634	rmnet_data2	0	0
11:30:58.634	rmnet_data1	1488	1792
11:30:58.634	rmnet_data0	2848	4537
11:30:58.634	wlan0	10404576	34697196
11:30:59.675	rmnet_ipa0	19973	23572
11:30:59.675	rmnet_data2	0	0
11:30:59.675	rmnet_data1	1488	1792
11:30:59.675	rmnet_data0	2848	4537
11:30:59.675	wlan0	10404576	34697452
11:31:00.715	rmnet_ipa0	19973	23572
11:31:00.715	rmnet_data2	0	0
11:31:00.715	rmnet_data1	1488	1792
11:31:00.715	rmnet_data0	2848	4537
11:31:00.715	wlan0	10404576	34697634
11:31:01.765	rmnet_ipa0	19973	23572
11:31:01.765	rmnet_data2	0	0
11:31:01.765	rmnet_data1	1488	1792
11:31:01.765	rmnet_data0	2848	4537
11:31:01.765	wlan0	10404576	34697634
11:31:02.803	rmnet_ipa0	19973	23572
11:31:02.803	rmnet_data2	0	0
11:31:02.803	rmnet_data1	1488	1792
11:31:02.803	rmnet_data0	2848	4537
11:31:02.803	wlan0	10404576	34697634
11:31:03.851	rmnet_ipa0	19973	23572
11:31:03.851	rmnet_data2	0	0
11:31:03.851	rmnet_data1	1488	1792
11:31:03.851	rmnet_data0	2848	4537
11:31:03.851	wlan0	10404576	34697726
11:31:04.900	rmnet_ipa0	19973	23572
11:31:04.900	rmnet_data2	0	0
11:31:04.900	rmnet_data1	1488	1792
11:31:04.900	rmnet_data0	2848	4537
11:31:04.900	wlan0	10404576	34698219
11:31:05.946	rmnet_ipa0	19973	23572
11:31:05.946	rmnet_data2	0	0
11:31:05.946	rmnet_data1	1488	1792
11:31:05.946	rmnet_data0	2848	4537
11:31:05.946	wlan0	10404576	34698409
11:31:07.000	rmnet_ipa0	19973	23572
11:31:07.000	rmnet_data2	0	0
11:31:07.000	rmnet_data1	1488	1792
11:31:07.000	rmnet_data0	2848	4537
11:31:07.000	wlan0	10404932	34699328
11:31:08.046	rmnet_ipa0	19973	23572
11:31:08.046	rmnet_data2	0	0
11:31:08.046	rmnet_data1	1488	1792
11:31:08.046	rmnet_data0	2848	4537
11:31:08.046	wlan0	10404932	34699880
11:31:09.090	rmnet_ipa0	19973	23572
11:31:09.090	rmnet_data2	0	0
11:31:09.090	rmnet_data1	1488	1792
11:31:09.090	rmnet_data0	2848	4537
11:31:09.090	wlan0	10404932	34700281
11:31:10.135	rmnet_ipa0	19973	23572
11:31:10.135	rmnet_data2	0	0
11:31:10.135	rmnet_data1	1488	1792
11:31:10.135	rmnet_data0	2848	4537
11:31:10.135	wlan0	10404932	34700655
11:31:11.182	rmnet_ipa0	19973	23572
11:31:11.182	rmnet_data2	0	0
11:31:11.182	rmnet_data1	1488	1792
11:31:11.182	rmnet_data0	2848	4537
11:31:11.182	wlan0	10404932	34701143
11:31:12.232	rmnet_ipa0	19973	23572
11:31:12.232	rmnet_data2	0	0
11:31:12.232	rmnet_data1	1488	1792
11:31:12.232	rmnet_data0	2848	4537
11:31:12.232	wlan0	10404932	34701443
11:31:13.278	rmnet_ipa0	19973	23572
11:31:13.278	rmnet_data2	0	0
11:31:13.278	rmnet_data1	1488	1792
11:31:13.278	rmnet_data0	2848	4537
11:31:13.278	wlan0	10404932	34701985
11:31:14.315	rmnet_ipa0	19973	23572
11:31:14.315	rmnet_data2	0	0
11:31:14.315	rmnet_data1	1488	1792
11:31:14.315	rmnet_data0	2848	4537
11:31:14.315	wlan0	10404932	34702522
11:31:15.361	rmnet_ipa0	19973	23572
11:31:15.361	rmnet_data2	0	0
11:31:15.361	rmnet_data1	1488	1792
11:31:15.361	rmnet_data0	2848	4537
11:31:15.361	wlan0	10404932	34703046
11:31:16.409	rmnet_ipa0	19973	23572
11:31:16.409	rmnet_data2	0	0
11:31:16.409	rmnet_data1	1488	1792
11:31:16.409	rmnet_data0	2848	4537
11:31:16.409	wlan0	10404932	34703433
11:31:17.454	rmnet_ipa0	19973	23572
11:31:17.454	rmnet_data2	0	0
11:31:17.454	rmnet_data1	1488	1792
11:31:17.454	rmnet_data0	2848	4537
11:31:17.454	wlan0	10404932	34703697
11:31:18.505	rmnet_ipa0	19973	23572
11:31:18.505	rmnet_data2	0	0
11:31:18.505	rmnet_data1	1488	1792
11:31:18.505	rmnet_data0	2848	4537
11:31:18.505	wlan0	10404932	34704249
11:31:19.556	rmnet_ipa0	19973	23572
11:31:19.556	rmnet_data2	0	0
11:31:19.556	rmnet_data1	1488	1792
11:31:19.556	rmnet_data0	2848	4537
11:31:19.556	wlan0	10404932	34704397
11:31:20.610	rmnet_ipa0	19973	23572
11:31:20.610	rmnet_data2	0	0
11:31:20.610	rmnet_data1	1488	1792
11:31:20.610	rmnet_data0	2848	4537
11:31:20.610	wlan0	10404932	34704801
11:31:21.661	rmnet_ipa0	19973	23572
11:31:21.661	rmnet_data2	0	0
11:31:21.661	rmnet_data1	1488	1792
11:31:21.661	rmnet_data0	2848	4537
11:31:21.661	wlan0	10404932	34705131
11:31:22.707	rmnet_ipa0	20069	23572
11:31:22.707	rmnet_data2	0	0
11:31:22.707	rmnet_data1	1488	1792
11:31:22.707	rmnet_data0	2848	4537
11:31:22.707	wlan0	10407780	34709328
11:31:23.771	rmnet_ipa0	20069	23711
11:31:23.771	rmnet_data2	0	0
11:31:23.771	rmnet_data1	1488	1792
11:31:23.771	rmnet_data0	2848	4537
11:31:23.771	wlan0	10409715	34711601
11:31:24.816	rmnet_ipa0	20069	23711
11:31:24.816	rmnet_data2	0	0
11:31:24.816	rmnet_data1	1488	1792
11:31:24.816	rmnet_data0	2848	4537
11:31:24.816	wlan0	10410342	34713207
11:31:25.864	rmnet_ipa0	20069	23711
11:31:25.864	rmnet_data2	0	0
11:31:25.864	rmnet_data1	1488	1792
11:31:25.864	rmnet_data0	2848	4537
11:31:25.864	wlan0	10410454	34715488
11:31:26.915	rmnet_ipa0	20069	23711
11:31:26.915	rmnet_data2	0	0
11:31:26.915	rmnet_data1	1488	1792
11:31:26.915	rmnet_data0	2848	4537
11:31:26.915	wlan0	10414490	34718912
11:31:27.957	rmnet_ipa0	20069	23711
11:31:27.957	rmnet_data2	0	0
11:31:27.957	rmnet_data1	1488	1792
11:31:27.957	rmnet_data0	2848	4537
11:31:27.957	wlan0	10415578	34722482
11:31:29.006	rmnet_ipa0	20069	23711
11:31:29.006	rmnet_data2	0	0
11:31:29.006	rmnet_data1	1488	1792
11:31:29.006	rmnet_data0	2848	4537
11:31:29.006	wlan0	10417017	34724620
11:31:30.050	rmnet_ipa0	20069	23711
11:31:30.050	rmnet_data2	0	0
11:31:30.050	rmnet_data1	1488	1792
11:31:30.050	rmnet_data0	2848	4537
11:31:30.050	wlan0	10418125	34724686
11:31:31.097	rmnet_ipa0	20069	23711
11:31:31.097	rmnet_data2	0	0
11:31:31.097	rmnet_data1	1488	1792
11:31:31.097	rmnet_data0	2848	4537
11:31:31.097	wlan0	10418201	34724752
11:31:32.144	rmnet_ipa0	20069	23711
11:31:32.144	rmnet_data2	0	0
11:31:32.144	rmnet_data1	1488	1792
11:31:32.144	rmnet_data0	2848	4537
11:31:32.144	wlan0	10418326	34724806
11:31:33.185	rmnet_ipa0	20069	23711
11:31:33.185	rmnet_data2	0	0
11:31:33.185	rmnet_data1	1488	1792
11:31:33.185	rmnet_data0	2848	4537
11:31:33.185	wlan0	10418326	34724806
11:31:34.228	rmnet_ipa0	20069	23711
11:31:34.228	rmnet_data2	0	0
11:31:34.228	rmnet_data1	1488	1792
11:31:34.228	rmnet_data0	2848	4537
11:31:34.228	wlan0	10418326	34724806
11:31:35.274	rmnet_ipa0	20069	23711
11:31:35.274	rmnet_data2	0	0
11:31:35.274	rmnet_data1	1488	1792
11:31:35.274	rmnet_data0	2848	4537
11:31:35.274	wlan0	10418378	34724979
11:31:36.316	rmnet_ipa0	20069	23711
11:31:36.316	rmnet_data2	0	0
11:31:36.316	rmnet_data1	1488	1792
11:31:36.316	rmnet_data0	2848	4537
11:31:36.316	wlan0	10418378	34724979
11:31:37.373	rmnet_ipa0	20069	23711
11:31:37.373	rmnet_data2	0	0
11:31:37.373	rmnet_data1	1488	1792
11:31:37.373	rmnet_data0	2848	4537
11:31:37.373	wlan0	10418378	34724979
11:31:38.420	rmnet_ipa0	20069	23711
11:31:38.420	rmnet_data2	0	0
11:31:38.420	rmnet_data1	1488	1792
11:31:38.420	rmnet_data0	2848	4537
11:31:38.420	wlan0	10418553	34725539
11:31:39.461	rmnet_ipa0	20069	23711
11:31:39.461	rmnet_data2	0	0
11:31:39.461	rmnet_data1	1488	1792
11:31:39.461	rmnet_data0	2848	4537
11:31:39.461	wlan0	10418721	34725794
11:31:40.512	rmnet_ipa0	20069	23711
11:31:40.512	rmnet_data2	0	0
11:31:40.512	rmnet_data1	1488	1792
11:31:40.512	rmnet_data0	2848	4537
11:31:40.512	wlan0	10418721	34725794
11:31:41.560	rmnet_ipa0	20069	23711
11:31:41.560	rmnet_data2	0	0
11:31:41.560	rmnet_data1	1488	1792
11:31:41.560	rmnet_data0	2848	4537
11:31:41.560	wlan0	10418721	34725794
11:31:42.608	rmnet_ipa0	20069	23711
11:31:42.608	rmnet_data2	0	0
11:31:42.608	rmnet_data1	1488	1792
11:31:42.608	rmnet_data0	2848	4537
11:31:42.608	wlan0	10418721	34725794
11:31:43.652	rmnet_ipa0	20069	23711
11:31:43.652	rmnet_data2	0	0
11:31:43.652	rmnet_data1	1488	1792
11:31:43.652	rmnet_data0	2848	4537
11:31:43.652	wlan0	10418721	34725794
11:31:44.704	rmnet_ipa0	20069	23711
11:31:44.704	rmnet_data2	0	0
11:31:44.704	rmnet_data1	1488	1792
11:31:44.704	rmnet_data0	2848	4537
11:31:44.704	wlan0	10418721	34725794
11:31:45.751	rmnet_ipa0	20069	23711
11:31:45.751	rmnet_data2	0	0
11:31:45.751	rmnet_data1	1488	1792
11:31:45.751	rmnet_data0	2848	4537
11:31:45.751	wlan0	10418721	34725794
11:31:46.794	rmnet_ipa0	20069	23711
11:31:46.794	rmnet_data2	0	0
11:31:46.794	rmnet_data1	1488	1792
11:31:46.794	rmnet_data0	2848	4537
11:31:46.794	wlan0	10418721	34725794
11:31:47.844	rmnet_ipa0	20069	23711
11:31:47.844	rmnet_data2	0	0
11:31:47.844	rmnet_data1	1488	1792
11:31:47.844	rmnet_data0	2848	4537
11:31:47.844	wlan0	10418721	34725794
11:31:48.894	rmnet_ipa0	20069	23711
11:31:48.894	rmnet_data2	0	0
11:31:48.894	rmnet_data1	1488	1792
11:31:48.894	rmnet_data0	2848	4537
11:31:48.894	wlan0	10418721	34725794
11:31:49.939	rmnet_ipa0	20069	23711
11:31:49.939	rmnet_data2	0	0
11:31:49.939	rmnet_data1	1488	1792
11:31:49.939	rmnet_data0	2848	4537
11:31:49.939	wlan0	10418773	34725860
11:31:50.984	rmnet_ipa0	20069	23711
11:31:50.984	rmnet_data2	0	0
11:31:50.984	rmnet_data1	1488	1792
11:31:50.984	rmnet_data0	2848	4537
11:31:50.984	wlan0	10418773	34725860
11:31:52.029	rmnet_ipa0	20069	23711
11:31:52.029	rmnet_data2	0	0
11:31:52.029	rmnet_data1	1488	1792
11:31:52.029	rmnet_data0	2848	4537
11:31:52.029	wlan0	10418773	34725860
11:31:53.078	rmnet_ipa0	20069	23711
11:31:53.078	rmnet_data2	0	0
11:31:53.078	rmnet_data1	1488	1792
11:31:53.078	rmnet_data0	2848	4537
11:31:53.078	wlan0	10418773	34726365
11:31:54.125	rmnet_ipa0	20069	23711
11:31:54.125	rmnet_data2	0	0
11:31:54.125	rmnet_data1	1488	1792
11:31:54.125	rmnet_data0	2848	4537
11:31:54.125	wlan0	10418773	34726637
11:31:55.169	rmnet_ipa0	20069	23711
11:31:55.169	rmnet_data2	0	0
11:31:55.169	rmnet_data1	1488	1792
11:31:55.169	rmnet_data0	2848	4537
11:31:55.169	wlan0	10418773	34726843
11:31:56.211	rmnet_ipa0	20069	23711
11:31:56.211	rmnet_data2	0	0
11:31:56.211	rmnet_data1	1488	1792
11:31:56.211	rmnet_data0	2848	4537
11:31:56.211	wlan0	10418773	34727121
11:31:57.255	rmnet_ipa0	20069	23711
11:31:57.255	rmnet_data2	0	0
11:31:57.255	rmnet_data1	1488	1792
11:31:57.255	rmnet_data0	2848	4537
11:31:57.255	wlan0	10418773	34727121
11:31:58.303	rmnet_ipa0	20069	23711
11:31:58.303	rmnet_data2	0	0
11:31:58.303	rmnet_data1	1488	1792
11:31:58.303	rmnet_data0	2848	4537
11:31:58.303	wlan0	10418773	34727399
11:31:59.352	rmnet_ipa0	20069	23711
11:31:59.352	rmnet_data2	0	0
11:31:59.352	rmnet_data1	1488	1792
11:31:59.352	rmnet_data0	2848	4537
11:31:59.352	wlan0	10418773	34727399
11:32:00.410	rmnet_ipa0	20069	23711
11:32:00.410	rmnet_data2	0	0
11:32:00.410	rmnet_data1	1488	1792
11:32:00.410	rmnet_data0	2848	4537
11:32:00.410	wlan0	10418773	34727399
11:32:01.464	rmnet_ipa0	20069	23711
11:32:01.464	rmnet_data2	0	0
11:32:01.464	rmnet_data1	1488	1792
11:32:01.464	rmnet_data0	2848	4537
11:32:01.464	wlan0	10418773	34727502
11:32:02.518	rmnet_ipa0	20069	23711
11:32:02.518	rmnet_data2	0	0
11:32:02.518	rmnet_data1	1488	1792
11:32:02.518	rmnet_data0	2848	4537
11:32:02.518	wlan0	10418773	34727502
11:32:03.563	rmnet_ipa0	20069	23711
11:32:03.563	rmnet_data2	0	0
11:32:03.563	rmnet_data1	1488	1792
11:32:03.563	rmnet_data0	2848	4537
11:32:03.563	wlan0	10418773	34727544
11:32:04.612	rmnet_ipa0	20069	23711
11:32:04.612	rmnet_data2	0	0
11:32:04.612	rmnet_data1	1488	1792
11:32:04.612	rmnet_data0	2848	4537
11:32:04.612	wlan0	10418773	34727793
11:32:05.665	rmnet_ipa0	20069	23711
11:32:05.665	rmnet_data2	0	0
11:32:05.665	rmnet_data1	1488	1792
11:32:05.665	rmnet_data0	2848	4537
11:32:05.665	wlan0	10418773	34727835
11:32:06.724	rmnet_ipa0	20069	23711
11:32:06.724	rmnet_data2	0	0
11:32:06.724	rmnet_data1	1488	1792
11:32:06.724	rmnet_data0	2848	4537
11:32:06.724	wlan0	10418773	34728067
11:32:07.779	rmnet_ipa0	20069	23711
11:32:07.779	rmnet_data2	0	0
11:32:07.779	rmnet_data1	1488	1792
11:32:07.779	rmnet_data0	2848	4537
11:32:07.779	wlan0	10418773	34728183
11:32:08.823	rmnet_ipa0	20069	23711
11:32:08.823	rmnet_data2	0	0
11:32:08.823	rmnet_data1	1488	1792
11:32:08.823	rmnet_data0	2848	4537
11:32:08.823	wlan0	10418773	34728573
11:32:09.879	rmnet_ipa0	20069	23711
11:32:09.879	rmnet_data2	0	0
11:32:09.879	rmnet_data1	1488	1792
11:32:09.879	rmnet_data0	2848	4537
11:32:09.879	wlan0	10418773	34728647
11:32:10.934	rmnet_ipa0	20069	23711
11:32:10.934	rmnet_data2	0	0
11:32:10.934	rmnet_data1	1488	1792
11:32:10.934	rmnet_data0	2848	4537
11:32:10.934	wlan0	10418773	34728721
11:32:11.979	rmnet_ipa0	20069	23711
11:32:11.979	rmnet_data2	0	0
11:32:11.979	rmnet_data1	1488	1792
11:32:11.979	rmnet_data0	2848	4537
11:32:11.979	wlan0	10418773	34728771
11:32:13.025	rmnet_ipa0	20069	23711
11:32:13.025	rmnet_data2	0	0
11:32:13.025	rmnet_data1	1488	1792
11:32:13.025	rmnet_data0	2848	4537
11:32:13.025	wlan0	10418773	34728934
11:32:14.094	rmnet_ipa0	20069	23711
11:32:14.094	rmnet_data2	0	0
11:32:14.094	rmnet_data1	1488	1792
11:32:14.094	rmnet_data0	2848	4537
11:32:14.094	wlan0	10418773	34728934
11:32:15.153	rmnet_ipa0	20069	23711
11:32:15.153	rmnet_data2	0	0
11:32:15.153	rmnet_data1	1488	1792
11:32:15.153	rmnet_data0	2848	4537
11:32:15.153	wlan0	10418773	34729240
11:32:16.202	rmnet_ipa0	20069	23711
11:32:16.202	rmnet_data2	0	0
11:32:16.202	rmnet_data1	1488	1792
11:32:16.202	rmnet_data0	2848	4537
11:32:16.202	wlan0	10418773	34729314
11:32:17.258	rmnet_ipa0	20069	23711
11:32:17.258	rmnet_data2	0	0
11:32:17.258	rmnet_data1	1488	1792
11:32:17.258	rmnet_data0	2848	4537
11:32:17.258	wlan0	10418801	34729472
11:32:18.304	rmnet_ipa0	20069	23711
11:32:18.304	rmnet_data2	0	0
11:32:18.304	rmnet_data1	1488	1792
11:32:18.304	rmnet_data0	2848	4537
11:32:18.304	wlan0	10418801	34729546
11:32:19.349	rmnet_ipa0	20069	23711
11:32:19.349	rmnet_data2	0	0
11:32:19.349	rmnet_data1	1488	1792
11:32:19.349	rmnet_data0	2848	4537
11:32:19.349	wlan0	10418801	34729588
11:32:20.402	rmnet_ipa0	20069	23711
11:32:20.402	rmnet_data2	0	0
11:32:20.402	rmnet_data1	1488	1792
11:32:20.402	rmnet_data0	2848	4537
11:32:20.402	wlan0	10418801	34729662
11:32:21.453	rmnet_ipa0	20069	23711
11:32:21.453	rmnet_data2	0	0
11:32:21.453	rmnet_data1	1488	1792
11:32:21.453	rmnet_data0	2848	4537
11:32:21.453	wlan0	10418801	34729662
11:32:22.505	rmnet_ipa0	20069	23711
11:32:22.505	rmnet_data2	0	0
11:32:22.505	rmnet_data1	1488	1792
11:32:22.505	rmnet_data0	2848	4537
11:32:22.505	wlan0	10418801	34729662
11:32:23.551	rmnet_ipa0	20069	23711
11:32:23.551	rmnet_data2	0	0
11:32:23.551	rmnet_data1	1488	1792
11:32:23.551	rmnet_data0	2848	4537
11:32:23.551	wlan0	10418801	34729992
11:32:24.601	rmnet_ipa0	20069	23711
11:32:24.601	rmnet_data2	0	0
11:32:24.601	rmnet_data1	1488	1792
11:32:24.601	rmnet_data0	2848	4537
11:32:24.601	wlan0	10418801	34730140
11:32:25.648	rmnet_ipa0	20069	23711
11:32:25.648	rmnet_data2	0	0
11:32:25.648	rmnet_data1	1488	1792
11:32:25.648	rmnet_data0	2848	4537
11:32:25.648	wlan0	10418801	34730544
11:32:26.699	rmnet_ipa0	20069	23711
11:32:26.699	rmnet_data2	0	0
11:32:26.699	rmnet_data1	1488	1792
11:32:26.699	rmnet_data0	2848	4537
11:32:26.699	wlan0	10418801	34730874
11:32:27.752	rmnet_ipa0	20069	23711
11:32:27.752	rmnet_data2	0	0
11:32:27.752	rmnet_data1	1488	1792
11:32:27.752	rmnet_data0	2848	4537
11:32:27.752	wlan0	10418801	34731204
11:32:28.806	rmnet_ipa0	20069	23711
11:32:28.806	rmnet_data2	0	0
11:32:28.806	rmnet_data1	1488	1792
11:32:28.806	rmnet_data0	2848	4537
11:32:28.806	wlan0	10418801	34731534
11:32:29.857	rmnet_ipa0	20069	23711
11:32:29.857	rmnet_data2	0	0
11:32:29.857	rmnet_data1	1488	1792
11:32:29.857	rmnet_data0	2848	4537
11:32:29.857	wlan0	10418801	34731682
11:32:30.909	rmnet_ipa0	20069	23711
11:32:30.909	rmnet_data2	0	0
11:32:30.909	rmnet_data1	1488	1792
11:32:30.909	rmnet_data0	2848	4537
11:32:30.909	wlan0	10418801	34731864
11:32:31.966	rmnet_ipa0	20069	23711
11:32:31.966	rmnet_data2	0	0
11:32:31.966	rmnet_data1	1488	1792
11:32:31.966	rmnet_data0	2848	4537
11:32:31.966	wlan0	10418801	34732046
11:32:33.015	rmnet_ipa0	20069	23711
11:32:33.015	rmnet_data2	0	0
11:32:33.015	rmnet_data1	1488	1792
11:32:33.015	rmnet_data0	2848	4537
11:32:33.015	wlan0	10418801	34732046
11:32:35.263	rmnet_ipa0	20069	23711
11:32:35.263	rmnet_data2	0	0
11:32:35.263	rmnet_data1	1488	1792
11:32:35.263	rmnet_data0	2848	4537
11:32:35.263	wlan0	10418801	34732096
11:32:36.314	rmnet_ipa0	20069	23711
11:32:36.314	rmnet_data2	0	0
11:32:36.314	rmnet_data1	1488	1792
11:32:36.314	rmnet_data0	2848	4537
11:32:36.314	wlan0	10418801	34732500
11:32:37.367	rmnet_ipa0	20069	23711
11:32:37.367	rmnet_data2	0	0
11:32:37.367	rmnet_data1	1488	1792
11:32:37.367	rmnet_data0	2848	4537
11:32:37.367	wlan0	10418801	34732806
11:32:38.419	rmnet_ipa0	20069	23711
11:32:38.419	rmnet_data2	0	0
11:32:38.419	rmnet_data1	1488	1792
11:32:38.419	rmnet_data0	2848	4537
11:32:38.419	wlan0	10418801	34733459
11:32:39.459	rmnet_ipa0	20069	23711
11:32:39.459	rmnet_data2	0	0
11:32:39.459	rmnet_data1	1488	1792
11:32:39.459	rmnet_data0	2848	4537
11:32:39.459	wlan0	10418801	34733947
11:32:40.511	rmnet_ipa0	20069	23711
11:32:40.511	rmnet_data2	0	0
11:32:40.511	rmnet_data1	1488	1792
11:32:40.511	rmnet_data0	2848	4537
11:32:40.511	wlan0	10418801	34734401
11:32:41.561	rmnet_ipa0	20069	23711
11:32:41.561	rmnet_data2	0	0
11:32:41.561	rmnet_data1	1488	1792
11:32:41.561	rmnet_data0	2848	4537
11:32:41.561	wlan0	10418801	34734845
11:32:42.641	rmnet_ipa0	20069	23711
11:32:42.641	rmnet_data2	0	0
11:32:42.641	rmnet_data1	1488	1792
11:32:42.641	rmnet_data0	2848	4537
11:32:42.641	wlan0	10418801	34735249
11:32:43.695	rmnet_ipa0	20069	23711
11:32:43.695	rmnet_data2	0	0
11:32:43.695	rmnet_data1	1488	1792
11:32:43.695	rmnet_data0	2848	4537
11:32:43.695	wlan0	10418801	34735753
11:32:44.747	rmnet_ipa0	20069	23711
11:32:44.747	rmnet_data2	0	0
11:32:44.747	rmnet_data1	1488	1792
11:32:44.747	rmnet_data0	2848	4537
11:32:44.747	wlan0	10418801	34736468
11:32:45.798	rmnet_ipa0	20069	23711
11:32:45.798	rmnet_data2	0	0
11:32:45.798	rmnet_data1	1488	1792
11:32:45.798	rmnet_data0	2848	4537
11:32:45.798	wlan0	10418829	34736892
11:32:46.846	rmnet_ipa0	20069	23711
11:32:46.846	rmnet_data2	0	0
11:32:46.846	rmnet_data1	1488	1792
11:32:46.846	rmnet_data0	2848	4537
11:32:46.846	wlan0	10418829	34737659
11:32:47.895	rmnet_ipa0	20069	23711
11:32:47.895	rmnet_data2	0	0
11:32:47.895	rmnet_data1	1488	1792
11:32:47.895	rmnet_data0	2848	4537
11:32:47.895	wlan0	10418829	34737891
11:32:48.945	rmnet_ipa0	20069	23711
11:32:48.945	rmnet_data2	0	0
11:32:48.945	rmnet_data1	1488	1792
11:32:48.945	rmnet_data0	2848	4537
11:32:48.945	wlan0	10418829	34738165
11:32:49.989	rmnet_ipa0	20069	23711
11:32:49.989	rmnet_data2	0	0
11:32:49.989	rmnet_data1	1488	1792
11:32:49.989	rmnet_data0	2848	4537
11:32:49.989	wlan0	10418829	34738851
11:32:51.023	rmnet_ipa0	20069	23711
11:32:51.023	rmnet_data2	0	0
11:32:51.023	rmnet_data1	1488	1792
11:32:51.023	rmnet_data0	2848	4537
11:32:51.023	wlan0	10418829	34739300
11:32:52.068	rmnet_ipa0	20069	23711
11:32:52.068	rmnet_data2	0	0
11:32:52.068	rmnet_data1	1488	1792
11:32:52.068	rmnet_data0	2848	4537
11:32:52.068	wlan0	10418829	34739862
11:32:53.113	rmnet_ipa0	20069	23711
11:32:53.113	rmnet_data2	0	0
11:32:53.113	rmnet_data1	1488	1792
11:32:53.113	rmnet_data0	2848	4537
11:32:53.113	wlan0	10418829	34740429
11:32:58.728	rmnet_ipa0	20069	23711
11:32:58.728	rmnet_data2	0	0
11:32:58.728	rmnet_data1	1488	1792
11:32:58.728	rmnet_data0	2848	4537
11:32:58.728	wlan0	10418829	34742360
11:32:59.774	rmnet_ipa0	20069	23711
11:32:59.774	rmnet_data2	0	0
11:32:59.774	rmnet_data1	1488	1792
11:32:59.774	rmnet_data0	2848	4537
11:32:59.774	wlan0	10418829	34742771
11:33:02.295	rmnet_ipa0	20069	23711
11:33:02.295	rmnet_data2	0	0
11:33:02.295	rmnet_data1	1488	1792
11:33:02.295	rmnet_data0	2848	4537
11:33:02.295	wlan0	10418829	34743127
11:33:03.345	rmnet_ipa0	20069	23711
11:33:03.345	rmnet_data2	0	0
11:33:03.345	rmnet_data1	1488	1792
11:33:03.345	rmnet_data0	2848	4537
11:33:03.345	wlan0	10418829	34743396
11:33:04.393	rmnet_ipa0	20069	23711
11:33:04.393	rmnet_data2	0	0
11:33:04.393	rmnet_data1	1488	1792
11:33:04.393	rmnet_data0	2848	4537
11:33:04.393	wlan0	10419043	34744270
11:33:05.443	rmnet_ipa0	20069	23711
11:33:05.443	rmnet_data2	0	0
11:33:05.443	rmnet_data1	1488	1792
11:33:05.443	rmnet_data0	2848	4537
11:33:05.443	wlan0	10421359	34749202
11:33:06.488	rmnet_ipa0	20069	23711
11:33:06.488	rmnet_data2	0	0
11:33:06.488	rmnet_data1	1488	1792
11:33:06.488	rmnet_data0	2848	4537
11:33:06.488	wlan0	10424083	34752863
11:33:07.539	rmnet_ipa0	20069	23711
11:33:07.539	rmnet_data2	0	0
11:33:07.539	rmnet_data1	1488	1792
11:33:07.539	rmnet_data0	2848	4537
11:33:07.539	wlan0	10429001	34757900
11:33:08.588	rmnet_ipa0	20069	23711
11:33:08.588	rmnet_data2	0	0
11:33:08.588	rmnet_data1	1488	1792
11:33:08.588	rmnet_data0	2848	4537
11:33:08.588	wlan0	10436876	34781904
11:33:09.625	rmnet_ipa0	20069	23711
11:33:09.625	rmnet_data2	0	0
11:33:09.625	rmnet_data1	1488	1792
11:33:09.625	rmnet_data0	2848	4537
11:33:09.625	wlan0	10450576	34788144
11:33:10.669	rmnet_ipa0	20069	23711
11:33:10.669	rmnet_data2	0	0
11:33:10.669	rmnet_data1	1488	1792
11:33:10.669	rmnet_data0	2848	4537
11:33:10.669	wlan0	10457793	34798891
11:33:11.714	rmnet_ipa0	20069	23711
11:33:11.714	rmnet_data2	0	0
11:33:11.714	rmnet_data1	1488	1792
11:33:11.714	rmnet_data0	2848	4537
11:33:11.714	wlan0	10459031	34799769
11:33:12.766	rmnet_ipa0	20069	23711
11:33:12.766	rmnet_data2	0	0
11:33:12.766	rmnet_data1	1488	1792
11:33:12.766	rmnet_data0	2848	4537
11:33:12.766	wlan0	10459031	34799769
11:33:13.818	rmnet_ipa0	20069	23711
11:33:13.818	rmnet_data2	0	0
11:33:13.818	rmnet_data1	1488	1792
11:33:13.818	rmnet_data0	2848	4537
11:33:13.818	wlan0	10459031	34799769
11:33:14.869	rmnet_ipa0	20069	23711
11:33:14.869	rmnet_data2	0	0
11:33:14.869	rmnet_data1	1488	1792
11:33:14.869	rmnet_data0	2848	4537
11:33:14.869	wlan0	10459031	34799769
11:33:15.918	rmnet_ipa0	20069	23711
11:33:15.918	rmnet_data2	0	0
11:33:15.918	rmnet_data1	1488	1792
11:33:15.918	rmnet_data0	2848	4537
11:33:15.918	wlan0	10459031	34799925
11:33:16.959	rmnet_ipa0	20069	23711
11:33:16.959	rmnet_data2	0	0
11:33:16.959	rmnet_data1	1488	1792
11:33:16.959	rmnet_data0	2848	4537
11:33:16.959	wlan0	10459163	34800250
11:33:18.000	rmnet_ipa0	20069	23711
11:33:18.000	rmnet_data2	0	0
11:33:18.000	rmnet_data1	1488	1792
11:33:18.000	rmnet_data0	2848	4537
11:33:18.000	wlan0	10464595	34800981
11:33:19.047	rmnet_ipa0	20069	23711
11:33:19.047	rmnet_data2	0	0
11:33:19.047	rmnet_data1	1488	1792
11:33:19.047	rmnet_data0	2848	4537
11:33:19.047	wlan0	10466852	34802183
11:33:20.098	rmnet_ipa0	20069	23711
11:33:20.098	rmnet_data2	0	0
11:33:20.098	rmnet_data1	1488	1792
11:33:20.098	rmnet_data0	2848	4537
11:33:20.098	wlan0	10472511	34803474
11:33:21.143	rmnet_ipa0	20069	23711
11:33:21.143	rmnet_data2	0	0
11:33:21.143	rmnet_data1	1488	1792
11:33:21.143	rmnet_data0	2848	4537
11:33:21.143	wlan0	10475449	34804641
11:33:22.190	rmnet_ipa0	20069	23711
11:33:22.190	rmnet_data2	0	0
11:33:22.190	rmnet_data1	1488	1792
11:33:22.190	rmnet_data0	2848	4537
11:33:22.190	wlan0	10475501	34804960
11:33:23.239	rmnet_ipa0	20069	23711
11:33:23.239	rmnet_data2	0	0
11:33:23.239	rmnet_data1	1488	1792
11:33:23.239	rmnet_data0	2848	4537
11:33:23.239	wlan0	10479195	34805614
11:33:24.290	rmnet_ipa0	20069	23711
11:33:24.290	rmnet_data2	0	0
11:33:24.290	rmnet_data1	1488	1792
11:33:24.290	rmnet_data0	2848	4537
11:33:24.290	wlan0	10480969	34806135
11:33:25.345	rmnet_ipa0	20069	23711
11:33:25.345	rmnet_data2	0	0
11:33:25.345	rmnet_data1	1488	1792
11:33:25.345	rmnet_data0	2848	4537
11:33:25.345	wlan0	10483134	34806821
11:33:26.406	rmnet_ipa0	20069	23711
11:33:26.406	rmnet_data2	0	0
11:33:26.406	rmnet_data1	1488	1792
11:33:26.406	rmnet_data0	2848	4537
11:33:26.406	wlan0	10485637	34808230
11:33:27.460	rmnet_ipa0	20069	23711
11:33:27.460	rmnet_data2	0	0
11:33:27.460	rmnet_data1	1488	1792
11:33:27.460	rmnet_data0	2848	4537
11:33:27.460	wlan0	10499887	34809148
11:33:28.509	rmnet_ipa0	20069	23711
11:33:28.509	rmnet_data2	0	0
11:33:28.509	rmnet_data1	1488	1792
11:33:28.509	rmnet_data0	2848	4537
11:33:28.509	wlan0	10501631	34809310
11:33:29.560	rmnet_ipa0	20069	23711
11:33:29.560	rmnet_data2	0	0
11:33:29.560	rmnet_data1	1488	1792
11:33:29.560	rmnet_data0	2848	4537
11:33:29.560	wlan0	10501631	34809310
11:33:30.602	rmnet_ipa0	20069	23711
11:33:30.602	rmnet_data2	0	0
11:33:30.602	rmnet_data1	1488	1792
11:33:30.602	rmnet_data0	2848	4537
11:33:30.602	wlan0	10501631	34809310
11:33:31.656	rmnet_ipa0	20069	23711
11:33:31.656	rmnet_data2	0	0
11:33:31.656	rmnet_data1	1488	1792
11:33:31.656	rmnet_data0	2848	4537
11:33:31.656	wlan0	10501631	34809310
11:33:32.703	rmnet_ipa0	20069	23711
11:33:32.703	rmnet_data2	0	0
11:33:32.703	rmnet_data1	1488	1792
11:33:32.703	rmnet_data0	2848	4537
11:33:32.703	wlan0	10501631	34809310
11:33:33.750	rmnet_ipa0	20069	23711
11:33:33.750	rmnet_data2	0	0
11:33:33.750	rmnet_data1	1488	1792
11:33:33.750	rmnet_data0	2848	4537
11:33:33.750	wlan0	10501631	34809310
11:33:34.799	rmnet_ipa0	20069	23711
11:33:34.799	rmnet_data2	0	0
11:33:34.799	rmnet_data1	1488	1792
11:33:34.799	rmnet_data0	2848	4537
11:33:34.799	wlan0	10501799	34809738
11:33:35.839	rmnet_ipa0	20069	23711
11:33:35.839	rmnet_data2	0	0
11:33:35.839	rmnet_data1	1488	1792
11:33:35.839	rmnet_data0	2848	4537
11:33:35.839	wlan0	10501992	34810014
11:33:36.891	rmnet_ipa0	20069	23711
11:33:36.891	rmnet_data2	0	0
11:33:36.891	rmnet_data1	1488	1792
11:33:36.891	rmnet_data0	2848	4537
11:33:36.891	wlan0	10515842	34812251
11:33:37.940	rmnet_ipa0	20069	23711
11:33:37.940	rmnet_data2	0	0
11:33:37.940	rmnet_data1	1488	1792
11:33:37.940	rmnet_data0	2848	4537
11:33:37.940	wlan0	10522846	34827494
11:33:42.514	rmnet_ipa0	20069	23711
11:33:42.514	rmnet_data2	0	0
11:33:42.514	rmnet_data1	1488	1792
11:33:42.514	rmnet_data0	2848	4537
11:33:42.514	wlan0	10540270	34844419
11:33:43.573	rmnet_ipa0	20069	23711
11:33:43.573	rmnet_data2	0	0
11:33:43.573	rmnet_data1	1488	1792
11:33:43.573	rmnet_data0	2848	4537
11:33:43.573	wlan0	10540270	34844419
11:33:44.618	rmnet_ipa0	20069	23711
11:33:44.618	rmnet_data2	0	0
11:33:44.618	rmnet_data1	1488	1792
11:33:44.618	rmnet_data0	2848	4537
11:33:44.618	wlan0	10540270	34844419
11:33:45.669	rmnet_ipa0	20069	23711
11:33:45.669	rmnet_data2	0	0
11:33:45.669	rmnet_data1	1488	1792
11:33:45.669	rmnet_data0	2848	4537
11:33:45.669	wlan0	10540270	34844419
11:33:46.714	rmnet_ipa0	20069	23711
11:33:46.714	rmnet_data2	0	0
11:33:46.714	rmnet_data1	1488	1792
11:33:46.714	rmnet_data0	2848	4537
11:33:46.714	wlan0	10540270	34844419
11:33:47.764	rmnet_ipa0	20069	23711
11:33:47.764	rmnet_data2	0	0
11:33:47.764	rmnet_data1	1488	1792
11:33:47.764	rmnet_data0	2848	4537
11:33:47.764	wlan0	10540270	34844419
11:33:48.801	rmnet_ipa0	20069	23711
11:33:48.801	rmnet_data2	0	0
11:33:48.801	rmnet_data1	1488	1792
11:33:48.801	rmnet_data0	2848	4537
11:33:48.801	wlan0	10540270	34844419
11:33:49.848	rmnet_ipa0	20069	23711
11:33:49.848	rmnet_data2	0	0
11:33:49.848	rmnet_data1	1488	1792
11:33:49.848	rmnet_data0	2848	4537
11:33:49.848	wlan0	10540270	34844419
11:33:50.892	rmnet_ipa0	20069	23711
11:33:50.892	rmnet_data2	0	0
11:33:50.892	rmnet_data1	1488	1792
11:33:50.892	rmnet_data0	2848	4537
11:33:50.892	wlan0	10540270	34844485
11:33:51.936	rmnet_ipa0	20069	23711
11:33:51.936	rmnet_data2	0	0
11:33:51.936	rmnet_data1	1488	1792
11:33:51.936	rmnet_data0	2848	4537
11:33:51.936	wlan0	10540270	34844485
11:33:52.984	rmnet_ipa0	20069	23711
11:33:52.984	rmnet_data2	0	0
11:33:52.984	rmnet_data1	1488	1792
11:33:52.984	rmnet_data0	2848	4537
11:33:52.984	wlan0	10540270	34844741
11:33:54.030	rmnet_ipa0	20069	23711
11:33:54.030	rmnet_data2	0	0
11:33:54.030	rmnet_data1	1488	1792
11:33:54.030	rmnet_data0	2848	4537
11:33:54.030	wlan0	10540270	34844952
11:33:55.075	rmnet_ipa0	20069	23711
11:33:55.075	rmnet_data2	0	0
11:33:55.075	rmnet_data1	1488	1792
11:33:55.075	rmnet_data0	2848	4537
11:33:55.075	wlan0	10540270	34845035
11:33:56.120	rmnet_ipa0	20069	23711
11:33:56.120	rmnet_data2	0	0
11:33:56.120	rmnet_data1	1488	1792
11:33:56.120	rmnet_data0	2848	4537
11:33:56.120	wlan0	10540270	34845225
11:33:57.172	rmnet_ipa0	20069	23711
11:33:57.172	rmnet_data2	0	0
11:33:57.172	rmnet_data1	1488	1792
11:33:57.172	rmnet_data0	2848	4537
11:33:57.172	wlan0	10540270	34845225
11:33:58.217	rmnet_ipa0	20069	23711
11:33:58.217	rmnet_data2	0	0
11:33:58.217	rmnet_data1	1488	1792
11:33:58.217	rmnet_data0	2848	4537
11:33:58.217	wlan0	10540270	34845225
11:33:59.266	rmnet_ipa0	20069	23711
11:33:59.266	rmnet_data2	0	0
11:33:59.266	rmnet_data1	1488	1792
11:33:59.266	rmnet_data0	2848	4537
11:33:59.266	wlan0	10540270	34845465
11:34:00.304	rmnet_ipa0	20069	23711
11:34:00.304	rmnet_data2	0	0
11:34:00.304	rmnet_data1	1488	1792
11:34:00.304	rmnet_data0	2848	4537
11:34:00.304	wlan0	10540270	34845539
11:34:01.349	rmnet_ipa0	20069	23711
11:34:01.349	rmnet_data2	0	0
11:34:01.349	rmnet_data1	1488	1792
11:34:01.349	rmnet_data0	2848	4537
11:34:01.349	wlan0	10540270	34845622
11:34:02.385	rmnet_ipa0	20069	23711
11:34:02.385	rmnet_data2	0	0
11:34:02.385	rmnet_data1	1488	1792
11:34:02.385	rmnet_data0	2848	4537
11:34:02.385	wlan0	10540270	34845779
11:34:03.434	rmnet_ipa0	20069	23711
11:34:03.434	rmnet_data2	0	0
11:34:03.434	rmnet_data1	1488	1792
11:34:03.434	rmnet_data0	2848	4537
11:34:03.434	wlan0	10540270	34845821
11:34:04.486	rmnet_ipa0	20069	23711
11:34:04.486	rmnet_data2	0	0
11:34:04.486	rmnet_data1	1488	1792
11:34:04.486	rmnet_data0	2848	4537
11:34:04.486	wlan0	10540270	34846002
11:34:05.532	rmnet_ipa0	20069	23711
11:34:05.532	rmnet_data2	0	0
11:34:05.532	rmnet_data1	1488	1792
11:34:05.532	rmnet_data0	2848	4537
11:34:05.532	wlan0	10540270	34846260
11:34:06.583	rmnet_ipa0	20069	23711
11:34:06.583	rmnet_data2	0	0
11:34:06.583	rmnet_data1	1488	1792
11:34:06.583	rmnet_data0	2848	4537
11:34:06.583	wlan0	10540270	34846415
11:34:07.628	rmnet_ipa0	20069	23711
11:34:07.628	rmnet_data2	0	0
11:34:07.628	rmnet_data1	1488	1792
11:34:07.628	rmnet_data0	2848	4537
11:34:07.628	wlan0	10540270	34846623
11:34:08.668	rmnet_ipa0	20069	23711
11:34:08.668	rmnet_data2	0	0
11:34:08.668	rmnet_data1	1488	1792
11:34:08.668	rmnet_data0	2848	4537
11:34:08.668	wlan0	10540270	34847047
11:34:09.712	rmnet_ipa0	20069	23711
11:34:09.712	rmnet_data2	0	0
11:34:09.712	rmnet_data1	1488	1792
11:34:09.712	rmnet_data0	2848	4537
11:34:09.712	wlan0	10540270	34847150
11:34:10.755	rmnet_ipa0	20069	23711
11:34:10.755	rmnet_data2	0	0
11:34:10.755	rmnet_data1	1488	1792
11:34:10.755	rmnet_data0	2848	4537
11:34:10.755	wlan0	10540270	34847419
11:34:11.788	rmnet_ipa0	20069	23711
11:34:11.788	rmnet_data2	0	0
11:34:11.788	rmnet_data1	1488	1792
11:34:11.788	rmnet_data0	2848	4537
11:34:11.788	wlan0	10540270	34847797
11:34:12.834	rmnet_ipa0	20069	23711
11:34:12.834	rmnet_data2	0	0
11:34:12.834	rmnet_data1	1488	1792
11:34:12.834	rmnet_data0	2848	4537
11:34:12.834	wlan0	10540270	34847886
11:34:13.882	rmnet_ipa0	20069	23711
11:34:13.882	rmnet_data2	0	0
11:34:13.882	rmnet_data1	1488	1792
11:34:13.882	rmnet_data0	2848	4537
11:34:13.882	wlan0	10540270	34848317
11:34:14.929	rmnet_ipa0	20069	23711
11:34:14.929	rmnet_data2	0	0
11:34:14.929	rmnet_data1	1488	1792
11:34:14.929	rmnet_data0	2848	4537
11:34:14.929	wlan0	10540270	34848734
11:34:15.974	rmnet_ipa0	20069	23711
11:34:15.974	rmnet_data2	0	0
11:34:15.974	rmnet_data1	1488	1792
11:34:15.974	rmnet_data0	2848	4537
11:34:15.974	wlan0	10540270	34848841
11:34:17.011	rmnet_ipa0	20069	23711
11:34:17.011	rmnet_data2	0	0
11:34:17.011	rmnet_data1	1488	1792
11:34:17.011	rmnet_data0	2848	4537
11:34:17.011	wlan0	10540270	34849096
11:34:18.056	rmnet_ipa0	20069	23711
11:34:18.056	rmnet_data2	0	0
11:34:18.056	rmnet_data1	1488	1792
11:34:18.056	rmnet_data0	2848	4537
11:34:18.056	wlan0	10540298	34849138
11:34:19.106	rmnet_ipa0	20069	23711
11:34:19.106	rmnet_data2	0	0
11:34:19.106	rmnet_data1	1488	1792
11:34:19.106	rmnet_data0	2848	4537
11:34:19.106	wlan0	10540298	34850098
11:34:20.149	rmnet_ipa0	20069	23711
11:34:20.149	rmnet_data2	0	0
11:34:20.149	rmnet_data1	1488	1792
11:34:20.149	rmnet_data0	2848	4537
11:34:20.149	wlan0	10540298	34850898
11:34:21.201	rmnet_ipa0	20069	23711
11:34:21.201	rmnet_data2	0	0
11:34:21.201	rmnet_data1	1488	1792
11:34:21.201	rmnet_data0	2848	4537
11:34:21.201	wlan0	10540298	34851178
11:34:22.241	rmnet_ipa0	20069	23711
11:34:22.241	rmnet_data2	0	0
11:34:22.241	rmnet_data1	1488	1792
11:34:22.241	rmnet_data0	2848	4537
11:34:22.241	wlan0	10540298	34851517
11:34:23.291	rmnet_ipa0	20069	23711
11:34:23.291	rmnet_data2	0	0
11:34:23.291	rmnet_data1	1488	1792
11:34:23.291	rmnet_data0	2848	4537
11:34:23.291	wlan0	10540298	34851876
11:34:24.334	rmnet_ipa0	20069	23711
11:34:24.334	rmnet_data2	0	0
11:34:24.334	rmnet_data1	1488	1792
11:34:24.334	rmnet_data0	2848	4537
11:34:24.334	wlan0	10540298	34852031
11:34:25.381	rmnet_ipa0	20069	23711
11:34:25.381	rmnet_data2	0	0
11:34:25.381	rmnet_data1	1488	1792
11:34:25.381	rmnet_data0	2848	4537
11:34:25.381	wlan0	10540298	34852178
11:34:26.425	rmnet_ipa0	20069	23711
11:34:26.425	rmnet_data2	0	0
11:34:26.425	rmnet_data1	1488	1792
11:34:26.425	rmnet_data0	2848	4537
11:34:26.425	wlan0	10540298	34852332
11:34:27.472	rmnet_ipa0	20069	23711
11:34:27.472	rmnet_data2	0	0
11:34:27.472	rmnet_data1	1488	1792
11:34:27.472	rmnet_data0	2848	4537
11:34:27.472	wlan0	10540298	34852406
11:34:28.517	rmnet_ipa0	20069	23711
11:34:28.517	rmnet_data2	0	0
11:34:28.517	rmnet_data1	1488	1792
11:34:28.517	rmnet_data0	2848	4537
11:34:28.517	wlan0	10540298	34852406
11:34:29.563	rmnet_ipa0	20069	23711
11:34:29.563	rmnet_data2	0	0
11:34:29.563	rmnet_data1	1488	1792
11:34:29.563	rmnet_data0	2848	4537
11:34:29.563	wlan0	10540298	34852456
11:34:30.603	rmnet_ipa0	20069	23711
11:34:30.603	rmnet_data2	0	0
11:34:30.603	rmnet_data1	1488	1792
11:34:30.603	rmnet_data0	2848	4537
11:34:30.603	wlan0	10540298	34852800
11:34:31.648	rmnet_ipa0	20069	23711
11:34:31.648	rmnet_data2	0	0
11:34:31.648	rmnet_data1	1488	1792
11:34:31.648	rmnet_data0	2848	4537
11:34:31.648	wlan0	10540298	34852874
11:34:32.697	rmnet_ipa0	20069	23711
11:34:32.697	rmnet_data2	0	0
11:34:32.697	rmnet_data1	1488	1792
11:34:32.697	rmnet_data0	2848	4537
11:34:32.697	wlan0	10540298	34853218
11:34:33.741	rmnet_ipa0	20069	23711
11:34:33.741	rmnet_data2	0	0
11:34:33.741	rmnet_data1	1488	1792
11:34:33.741	rmnet_data0	2848	4537
11:34:33.741	wlan0	10540298	34853473
11:34:34.779	rmnet_ipa0	20069	23711
11:34:34.779	rmnet_data2	0	0
11:34:34.779	rmnet_data1	1488	1792
11:34:34.779	rmnet_data0	2848	4537
11:34:34.779	wlan0	10540298	34853473
11:34:35.822	rmnet_ipa0	20069	23711
11:34:35.822	rmnet_data2	0	0
11:34:35.822	rmnet_data1	1488	1792
11:34:35.822	rmnet_data0	2848	4537
11:34:35.822	wlan0	10540298	34853473
11:34:36.861	rmnet_ipa0	20069	23711
11:34:36.861	rmnet_data2	0	0
11:34:36.861	rmnet_data1	1488	1792
11:34:36.861	rmnet_data0	2848	4537
11:34:36.861	wlan0	10540298	34853801
11:34:37.904	rmnet_ipa0	20069	23711
11:34:37.904	rmnet_data2	0	0
11:34:37.904	rmnet_data1	1488	1792
11:34:37.904	rmnet_data0	2848	4537
11:34:37.904	wlan0	10540298	34853801
11:34:38.945	rmnet_ipa0	20069	23711
11:34:38.945	rmnet_data2	0	0
11:34:38.945	rmnet_data1	1488	1792
11:34:38.945	rmnet_data0	2848	4537
11:34:38.945	wlan0	10540298	34854129
11:34:39.990	rmnet_ipa0	20069	23711
11:34:39.990	rmnet_data2	0	0
11:34:39.990	rmnet_data1	1488	1792
11:34:39.990	rmnet_data0	2848	4537
11:34:39.990	wlan0	10540298	34854680
11:34:41.033	rmnet_ipa0	20069	23711
11:34:41.033	rmnet_data2	0	0
11:34:41.033	rmnet_data1	1488	1792
11:34:41.033	rmnet_data0	2848	4537
11:34:41.033	wlan0	10540298	34855230
11:34:42.074	rmnet_ipa0	20069	23711
11:34:42.074	rmnet_data2	0	0
11:34:42.074	rmnet_data1	1488	1792
11:34:42.074	rmnet_data0	2848	4537
11:34:42.074	wlan0	10540298	34855543
11:34:43.118	rmnet_ipa0	20069	23711
11:34:43.118	rmnet_data2	0	0
11:34:43.118	rmnet_data1	1488	1792
11:34:43.118	rmnet_data0	2848	4537
11:34:43.118	wlan0	10540298	34855807
11:34:44.158	rmnet_ipa0	20069	23711
11:34:44.158	rmnet_data2	0	0
11:34:44.158	rmnet_data1	1488	1792
11:34:44.158	rmnet_data0	2848	4537
11:34:44.158	wlan0	10540298	34856102
11:34:45.198	rmnet_ipa0	20069	23711
11:34:45.198	rmnet_data2	0	0
11:34:45.198	rmnet_data1	1488	1792
11:34:45.198	rmnet_data0	2848	4537
11:34:45.198	wlan0	10543518	34860037
11:34:46.238	rmnet_ipa0	20069	23711
11:34:46.238	rmnet_data2	0	0
11:34:46.238	rmnet_data1	1488	1792
11:34:46.238	rmnet_data0	2848	4537
11:34:46.238	wlan0	10546918	34866156
11:34:47.278	rmnet_ipa0	20069	23711
11:34:47.278	rmnet_data2	0	0
11:34:47.278	rmnet_data1	1488	1792
11:34:47.278	rmnet_data0	2848	4537
11:34:47.278	wlan0	10549658	34868163
11:34:48.323	rmnet_ipa0	20069	23711
11:34:48.323	rmnet_data2	0	0
11:34:48.323	rmnet_data1	1488	1792
11:34:48.323	rmnet_data0	2848	4537
11:34:48.323	wlan0	10549710	34868229
11:34:49.361	rmnet_ipa0	20069	23711
11:34:49.361	rmnet_data2	0	0
11:34:49.361	rmnet_data1	1488	1792
11:34:49.361	rmnet_data0	2848	4537
11:34:49.361	wlan0	10549710	34868229
11:34:50.398	rmnet_ipa0	20069	23711
11:34:50.398	rmnet_data2	0	0
11:34:50.398	rmnet_data1	1488	1792
11:34:50.398	rmnet_data0	2848	4537
11:34:50.398	wlan0	10549710	34868229
11:34:51.441	rmnet_ipa0	20069	23711
11:34:51.441	rmnet_data2	0	0
11:34:51.441	rmnet_data1	1488	1792
11:34:51.441	rmnet_data0	2848	4537
11:34:51.441	wlan0	10549710	34868387
11:34:52.483	rmnet_ipa0	20069	23711
11:34:52.483	rmnet_data2	0	0
11:34:52.483	rmnet_data1	1488	1792
11:34:52.483	rmnet_data0	2848	4537
11:34:52.483	wlan0	10550615	34871902
11:34:53.529	rmnet_ipa0	20069	23711
11:34:53.529	rmnet_data2	0	0
11:34:53.529	rmnet_data1	1488	1792
11:34:53.529	rmnet_data0	2848	4537
11:34:53.529	wlan0	10551267	34872202
11:34:54.572	rmnet_ipa0	20069	23711
11:34:54.572	rmnet_data2	0	0
11:34:54.572	rmnet_data1	1488	1792
11:34:54.572	rmnet_data0	2848	4537
11:34:54.572	wlan0	10551267	34872358
11:34:55.617	rmnet_ipa0	20069	23711
11:34:55.617	rmnet_data2	0	0
11:34:55.617	rmnet_data1	1488	1792
11:34:55.617	rmnet_data0	2848	4537
11:34:55.617	wlan0	10551267	34872358
11:34:56.661	rmnet_ipa0	20069	23711
11:34:56.661	rmnet_data2	0	0
11:34:56.661	rmnet_data1	1488	1792
11:34:56.661	rmnet_data0	2848	4537
11:34:56.661	wlan0	10551267	34872424
11:34:57.706	rmnet_ipa0	20069	23711
11:34:57.706	rmnet_data2	0	0
11:34:57.706	rmnet_data1	1488	1792
11:34:57.706	rmnet_data0	2848	4537
11:34:57.706	wlan0	10551319	34872424
11:34:58.757	rmnet_ipa0	20069	23711
11:34:58.757	rmnet_data2	0	0
11:34:58.757	rmnet_data1	1488	1792
11:34:58.757	rmnet_data0	2848	4537
11:34:58.757	wlan0	10551319	34872424
11:34:59.804	rmnet_ipa0	20069	23711
11:34:59.804	rmnet_data2	0	0
11:34:59.804	rmnet_data1	1488	1792
11:34:59.804	rmnet_data0	2848	4537
11:34:59.804	wlan0	10551319	34872424
11:35:00.848	rmnet_ipa0	20069	23711
11:35:00.848	rmnet_data2	0	0
11:35:00.848	rmnet_data1	1488	1792
11:35:00.848	rmnet_data0	2848	4537
11:35:00.848	wlan0	10551319	34872424
11:35:01.898	rmnet_ipa0	20069	23711
11:35:01.898	rmnet_data2	0	0
11:35:01.898	rmnet_data1	1488	1792
11:35:01.898	rmnet_data0	2848	4537
11:35:01.898	wlan0	10551319	34872424
11:35:02.948	rmnet_ipa0	20069	23711
11:35:02.948	rmnet_data2	0	0
11:35:02.948	rmnet_data1	1488	1792
11:35:02.948	rmnet_data0	2848	4537
11:35:02.948	wlan0	10551319	34872424
11:35:03.997	rmnet_ipa0	20069	23711
11:35:03.997	rmnet_data2	0	0
11:35:03.997	rmnet_data1	1488	1792
11:35:03.997	rmnet_data0	2848	4537
11:35:03.997	wlan0	10551403	34872550
11:35:05.044	rmnet_ipa0	20069	23711
11:35:05.044	rmnet_data2	0	0
11:35:05.044	rmnet_data1	1488	1792
11:35:05.044	rmnet_data0	2848	4537
11:35:05.044	wlan0	10551403	34872550
11:35:06.089	rmnet_ipa0	20069	23711
11:35:06.089	rmnet_data2	0	0
11:35:06.089	rmnet_data1	1488	1792
11:35:06.089	rmnet_data0	2848	4537
11:35:06.089	wlan0	10551403	34872550
11:35:07.136	rmnet_ipa0	20069	23711
11:35:07.136	rmnet_data2	0	0
11:35:07.136	rmnet_data1	1488	1792
11:35:07.136	rmnet_data0	2848	4537
11:35:07.136	wlan0	10551603	34872616
11:35:08.181	rmnet_ipa0	20069	23711
11:35:08.181	rmnet_data2	0	0
11:35:08.181	rmnet_data1	1488	1792
11:35:08.181	rmnet_data0	2848	4537
11:35:08.181	wlan0	10551655	34872616
11:35:09.225	rmnet_ipa0	20069	23711
11:35:09.225	rmnet_data2	0	0
11:35:09.225	rmnet_data1	1488	1792
11:35:09.225	rmnet_data0	2848	4537
11:35:09.225	wlan0	10551855	34872616
11:35:10.275	rmnet_ipa0	20069	23711
11:35:10.275	rmnet_data2	0	0
11:35:10.275	rmnet_data1	1488	1792
11:35:10.275	rmnet_data0	2848	4537
11:35:10.275	wlan0	10551855	34872616
11:35:11.328	rmnet_ipa0	20069	23711
11:35:11.328	rmnet_data2	0	0
11:35:11.328	rmnet_data1	1488	1792
11:35:11.328	rmnet_data0	2848	4537
11:35:11.328	wlan0	10551855	34872616
11:35:12.379	rmnet_ipa0	20069	23711
11:35:12.379	rmnet_data2	0	0
11:35:12.379	rmnet_data1	1488	1792
11:35:12.379	rmnet_data0	2848	4537
11:35:12.379	wlan0	10552052	34872847
11:35:13.424	rmnet_ipa0	20069	23711
11:35:13.424	rmnet_data2	0	0
11:35:13.424	rmnet_data1	1488	1792
11:35:13.424	rmnet_data0	2848	4537
11:35:13.424	wlan0	10552052	34872847
11:35:14.460	rmnet_ipa0	20069	23711
11:35:14.460	rmnet_data2	0	0
11:35:14.460	rmnet_data1	1488	1792
11:35:14.460	rmnet_data0	2848	4537
11:35:14.460	wlan0	10552245	34876919
11:35:15.510	rmnet_ipa0	20069	23711
11:35:15.510	rmnet_data2	0	0
11:35:15.510	rmnet_data1	1488	1792
11:35:15.510	rmnet_data0	2848	4537
11:35:15.510	wlan0	10552245	34879854
11:35:16.555	rmnet_ipa0	20069	23711
11:35:16.555	rmnet_data2	0	0
11:35:16.555	rmnet_data1	1488	1792
11:35:16.555	rmnet_data0	2848	4537
11:35:16.555	wlan0	10552245	34880019
11:35:17.603	rmnet_ipa0	20069	23711
11:35:17.603	rmnet_data2	0	0
11:35:17.603	rmnet_data1	1488	1792
11:35:17.603	rmnet_data0	2848	4537
11:35:17.603	wlan0	10552245	34881577
11:35:18.645	rmnet_ipa0	20069	23711
11:35:18.645	rmnet_data2	0	0
11:35:18.645	rmnet_data1	1488	1792
11:35:18.645	rmnet_data0	2848	4537
11:35:18.645	wlan0	10552245	34888483
11:35:19.693	rmnet_ipa0	20069	23711
11:35:19.693	rmnet_data2	0	0
11:35:19.693	rmnet_data1	1488	1792
11:35:19.693	rmnet_data0	2848	4537
11:35:19.693	wlan0	10552245	34890012
11:35:20.741	rmnet_ipa0	20069	23711
11:35:20.741	rmnet_data2	0	0
11:35:20.741	rmnet_data1	1488	1792
11:35:20.741	rmnet_data0	2848	4537
11:35:20.741	wlan0	10552245	34891718
11:35:21.784	rmnet_ipa0	20069	23711
11:35:21.784	rmnet_data2	0	0
11:35:21.784	rmnet_data1	1488	1792
11:35:21.784	rmnet_data0	2848	4537
11:35:21.784	wlan0	10552245	34891866
11:35:22.829	rmnet_ipa0	20069	23711
11:35:22.829	rmnet_data2	0	0
11:35:22.829	rmnet_data1	1488	1792
11:35:22.829	rmnet_data0	2848	4537
11:35:22.829	wlan0	10552245	34893395
11:35:23.882	rmnet_ipa0	20069	23711
11:35:23.882	rmnet_data2	0	0
11:35:23.882	rmnet_data1	1488	1792
11:35:23.882	rmnet_data0	2848	4537
11:35:23.882	wlan0	10552245	34897844
11:35:24.929	rmnet_ipa0	20069	23711
11:35:24.929	rmnet_data2	0	0
11:35:24.929	rmnet_data1	1488	1792
11:35:24.929	rmnet_data0	2848	4537
11:35:24.929	wlan0	10552245	34900690
11:35:25.977	rmnet_ipa0	20069	23711
11:35:25.977	rmnet_data2	0	0
11:35:25.977	rmnet_data1	1488	1792
11:35:25.977	rmnet_data0	2848	4537
11:35:25.977	wlan0	10552273	34901220
11:35:27.021	rmnet_ipa0	20069	23711
11:35:27.021	rmnet_data2	0	0
11:35:27.021	rmnet_data1	1488	1792
11:35:27.021	rmnet_data0	2848	4537
11:35:27.021	wlan0	10552273	34902861
11:35:28.070	rmnet_ipa0	20069	23711
11:35:28.070	rmnet_data2	0	0
11:35:28.070	rmnet_data1	1488	1792
11:35:28.070	rmnet_data0	2848	4537
11:35:28.070	wlan0	10552273	34902861
11:35:29.121	rmnet_ipa0	20069	23711
11:35:29.121	rmnet_data2	0	0
11:35:29.121	rmnet_data1	1488	1792
11:35:29.121	rmnet_data0	2848	4537
11:35:29.121	wlan0	10552273	34902985
11:35:30.168	rmnet_ipa0	20069	23711
11:35:30.168	rmnet_data2	0	0
11:35:30.168	rmnet_data1	1488	1792
11:35:30.168	rmnet_data0	2848	4537
11:35:30.168	wlan0	10552273	34904516
11:35:31.216	rmnet_ipa0	20069	23711
11:35:31.216	rmnet_data2	0	0
11:35:31.216	rmnet_data1	1488	1792
11:35:31.216	rmnet_data0	2848	4537
11:35:31.216	wlan0	10552273	34904619
11:35:32.264	rmnet_ipa0	20069	23711
11:35:32.264	rmnet_data2	0	0
11:35:32.264	rmnet_data1	1488	1792
11:35:32.264	rmnet_data0	2848	4537
11:35:32.264	wlan0	10552273	34904708
11:35:33.313	rmnet_ipa0	20069	23711
11:35:33.313	rmnet_data2	0	0
11:35:33.313	rmnet_data1	1488	1792
11:35:33.313	rmnet_data0	2848	4537
11:35:33.313	wlan0	10552273	34904782
11:35:34.359	rmnet_ipa0	20069	23711
11:35:34.359	rmnet_data2	0	0
11:35:34.359	rmnet_data1	1488	1792
11:35:34.359	rmnet_data0	2848	4537
11:35:34.359	wlan0	10552273	34904782
11:35:35.405	rmnet_ipa0	20069	23711
11:35:35.405	rmnet_data2	0	0
11:35:35.405	rmnet_data1	1488	1792
11:35:35.405	rmnet_data0	2848	4537
11:35:35.405	wlan0	10552273	34905014
11:35:36.447	rmnet_ipa0	20069	23711
11:35:36.447	rmnet_data2	0	0
11:35:36.447	rmnet_data1	1488	1792
11:35:36.447	rmnet_data0	2848	4537
11:35:36.447	wlan0	10552273	34906643
11:35:37.495	rmnet_ipa0	20069	23711
11:35:37.495	rmnet_data2	0	0
11:35:37.495	rmnet_data1	1488	1792
11:35:37.495	rmnet_data0	2848	4537
11:35:37.495	wlan0	10552273	34906875
11:35:38.542	rmnet_ipa0	20069	23711
11:35:38.542	rmnet_data2	0	0
11:35:38.542	rmnet_data1	1488	1792
11:35:38.542	rmnet_data0	2848	4537
11:35:38.542	wlan0	10552273	34907023
11:35:39.591	rmnet_ipa0	20069	23711
11:35:39.591	rmnet_data2	0	0
11:35:39.591	rmnet_data1	1488	1792
11:35:39.591	rmnet_data0	2848	4537
11:35:39.591	wlan0	10552301	34907139
11:35:40.641	rmnet_ipa0	20069	23711
11:35:40.641	rmnet_data2	0	0
11:35:40.641	rmnet_data1	1488	1792
11:35:40.641	rmnet_data0	2848	4537
11:35:40.641	wlan0	10552301	34907189
11:35:41.694	rmnet_ipa0	20069	23711
11:35:41.694	rmnet_data2	0	0
11:35:41.694	rmnet_data1	1488	1792
11:35:41.694	rmnet_data0	2848	4537
11:35:41.694	wlan0	10552301	34907411
11:35:42.745	rmnet_ipa0	20069	23711
11:35:42.745	rmnet_data2	0	0
11:35:42.745	rmnet_data1	1488	1792
11:35:42.745	rmnet_data0	2848	4537
11:35:42.745	wlan0	10552301	34907411
11:35:43.795	rmnet_ipa0	20069	23711
11:35:43.795	rmnet_data2	0	0
11:35:43.795	rmnet_data1	1488	1792
11:35:43.795	rmnet_data0	2848	4537
11:35:43.795	wlan0	10552301	34907485
11:35:44.840	rmnet_ipa0	20069	23711
11:35:44.840	rmnet_data2	0	0
11:35:44.840	rmnet_data1	1488	1792
11:35:44.840	rmnet_data0	2848	4537
11:35:44.840	wlan0	10552301	34907485
11:35:45.890	rmnet_ipa0	20069	23711
11:35:45.890	rmnet_data2	0	0
11:35:45.890	rmnet_data1	1488	1792
11:35:45.890	rmnet_data0	2848	4537
11:35:45.890	wlan0	10552301	34907559
11:35:46.936	rmnet_ipa0	20069	23711
11:35:46.936	rmnet_data2	0	0
11:35:46.936	rmnet_data1	1488	1792
11:35:46.936	rmnet_data0	2848	4537
11:35:46.936	wlan0	10552301	34907889
11:35:47.984	rmnet_ipa0	20069	23711
11:35:47.984	rmnet_data2	0	0
11:35:47.984	rmnet_data1	1488	1792
11:35:47.984	rmnet_data0	2848	4537
11:35:47.984	wlan0	10552301	34908219
11:35:49.031	rmnet_ipa0	20069	23711
11:35:49.031	rmnet_data2	0	0
11:35:49.031	rmnet_data1	1488	1792
11:35:49.031	rmnet_data0	2848	4537
11:35:49.031	wlan0	10552301	34909991
11:35:50.082	rmnet_ipa0	20069	23711
11:35:50.082	rmnet_data2	0	0
11:35:50.082	rmnet_data1	1488	1792
11:35:50.082	rmnet_data0	2848	4537
11:35:50.082	wlan0	10552301	34910213
11:35:51.130	rmnet_ipa0	20069	23711
11:35:51.130	rmnet_data2	0	0
11:35:51.130	rmnet_data1	1488	1792
11:35:51.130	rmnet_data0	2848	4537
11:35:51.130	wlan0	10552301	34910543
11:35:52.181	rmnet_ipa0	20069	23711
11:35:52.181	rmnet_data2	0	0
11:35:52.181	rmnet_data1	1488	1792
11:35:52.181	rmnet_data0	2848	4537
11:35:52.181	wlan0	10552301	34910725
11:35:53.229	rmnet_ipa0	20069	23711
11:35:53.229	rmnet_data2	0	0
11:35:53.229	rmnet_data1	1488	1792
11:35:53.229	rmnet_data0	2848	4537
11:35:53.229	wlan0	10552301	34910915
11:35:54.279	rmnet_ipa0	20069	23711
11:35:54.279	rmnet_data2	0	0
11:35:54.279	rmnet_data1	1488	1792
11:35:54.279	rmnet_data0	2848	4537
11:35:54.279	wlan0	10552329	34911319
11:35:55.327	rmnet_ipa0	20069	23711
11:35:55.327	rmnet_data2	0	0
11:35:55.327	rmnet_data1	1488	1792
11:35:55.327	rmnet_data0	2848	4537
11:35:55.327	wlan0	10552329	34916899
11:35:56.376	rmnet_ipa0	20069	23711
11:35:56.376	rmnet_data2	0	0
11:35:56.376	rmnet_data1	1488	1792
11:35:56.376	rmnet_data0	2848	4537
11:35:56.376	wlan0	10552329	34918415
11:35:57.421	rmnet_ipa0	20069	23711
11:35:57.421	rmnet_data2	0	0
11:35:57.421	rmnet_data1	1488	1792
11:35:57.421	rmnet_data0	2848	4537
11:35:57.421	wlan0	10552329	34918814
11:35:58.465	rmnet_ipa0	20069	23711
11:35:58.465	rmnet_data2	0	0
11:35:58.465	rmnet_data1	1488	1792
11:35:58.465	rmnet_data0	2848	4537
11:35:58.465	wlan0	10552329	34920380
11:35:59.517	rmnet_ipa0	20069	23711
11:35:59.517	rmnet_data2	0	0
11:35:59.517	rmnet_data1	1488	1792
11:35:59.517	rmnet_data0	2848	4537
11:35:59.517	wlan0	10552329	34920939
11:36:00.566	rmnet_ipa0	20069	23711
11:36:00.566	rmnet_data2	0	0
11:36:00.566	rmnet_data1	1488	1792
11:36:00.566	rmnet_data0	2848	4537
11:36:00.566	wlan0	10552329	34921161
11:36:01.622	rmnet_ipa0	20069	23711
11:36:01.622	rmnet_data2	0	0
11:36:01.622	rmnet_data1	1488	1792
11:36:01.622	rmnet_data0	2848	4537
11:36:01.622	wlan0	10552329	34923014
11:36:02.676	rmnet_ipa0	20069	23711
11:36:02.676	rmnet_data2	0	0
11:36:02.676	rmnet_data1	1488	1792
11:36:02.676	rmnet_data0	2848	4537
11:36:02.676	wlan0	10552329	34923344
11:36:03.732	rmnet_ipa0	20069	23711
11:36:03.732	rmnet_data2	0	0
11:36:03.732	rmnet_data1	1488	1792
11:36:03.732	rmnet_data0	2848	4537
11:36:03.732	wlan0	10552329	34923534
11:36:04.791	rmnet_ipa0	20069	23711
11:36:04.791	rmnet_data2	0	0
11:36:04.791	rmnet_data1	1488	1792
11:36:04.791	rmnet_data0	2848	4537
11:36:04.791	wlan0	10552329	34924086
11:36:05.839	rmnet_ipa0	20069	23711
11:36:05.839	rmnet_data2	0	0
11:36:05.839	rmnet_data1	1488	1792
11:36:05.839	rmnet_data0	2848	4537
11:36:05.839	wlan0	10552329	34924384
11:36:06.889	rmnet_ipa0	20069	23711
11:36:06.889	rmnet_data2	0	0
11:36:06.889	rmnet_data1	1488	1792
11:36:06.889	rmnet_data0	2848	4537
11:36:06.889	wlan0	10552329	34924912
11:36:07.941	rmnet_ipa0	20069	23711
11:36:07.941	rmnet_data2	0	0
11:36:07.941	rmnet_data1	1488	1792
11:36:07.941	rmnet_data0	2848	4537
11:36:07.941	wlan0	10552357	34926704
11:36:08.992	rmnet_ipa0	20069	23711
11:36:08.992	rmnet_data2	0	0
11:36:08.992	rmnet_data1	1488	1792
11:36:08.992	rmnet_data0	2848	4537
11:36:08.992	wlan0	10552357	34927192
11:36:10.037	rmnet_ipa0	20069	23711
11:36:10.037	rmnet_data2	0	0
11:36:10.037	rmnet_data1	1488	1792
11:36:10.037	rmnet_data0	2848	4537
11:36:10.037	wlan0	10552357	34927456
11:36:11.089	rmnet_ipa0	20069	23711
11:36:11.089	rmnet_data2	0	0
11:36:11.089	rmnet_data1	1488	1792
11:36:11.089	rmnet_data0	2848	4537
11:36:11.089	wlan0	10552357	34927696
11:36:12.137	rmnet_ipa0	20069	23711
11:36:12.137	rmnet_data2	0	0
11:36:12.137	rmnet_data1	1488	1792
11:36:12.137	rmnet_data0	2848	4537
11:36:12.137	wlan0	10552357	34928136
11:36:13.189	rmnet_ipa0	20069	23711
11:36:13.189	rmnet_data2	0	0
11:36:13.189	rmnet_data1	1488	1792
11:36:13.189	rmnet_data0	2848	4537
11:36:13.189	wlan0	10552357	34928878
11:36:14.257	rmnet_ipa0	20069	23711
11:36:14.257	rmnet_data2	0	0
11:36:14.257	rmnet_data1	1488	1792
11:36:14.257	rmnet_data0	2848	4537
11:36:14.257	wlan0	10552357	34929416
11:36:15.321	rmnet_ipa0	20069	23711
11:36:15.321	rmnet_data2	0	0
11:36:15.321	rmnet_data1	1488	1792
11:36:15.321	rmnet_data0	2848	4537
11:36:15.321	wlan0	10552357	34929988
11:36:16.371	rmnet_ipa0	20069	23711
11:36:16.371	rmnet_data2	0	0
11:36:16.371	rmnet_data1	1488	1792
11:36:16.371	rmnet_data0	2848	4537
11:36:16.371	wlan0	10552357	34930392
11:36:17.420	rmnet_ipa0	20069	23711
11:36:17.420	rmnet_data2	0	0
11:36:17.420	rmnet_data1	1488	1792
11:36:17.420	rmnet_data0	2848	4537
11:36:17.420	wlan0	10552357	34930762
11:36:18.470	rmnet_ipa0	20069	23711
11:36:18.470	rmnet_data2	0	0
11:36:18.470	rmnet_data1	1488	1792
11:36:18.470	rmnet_data0	2848	4537
11:36:18.470	wlan0	10552357	34931192
11:36:19.520	rmnet_ipa0	20069	23711
11:36:19.520	rmnet_data2	0	0
11:36:19.520	rmnet_data1	1488	1792
11:36:19.520	rmnet_data0	2848	4537
11:36:19.520	wlan0	10553010	34932327
11:36:20.571	rmnet_ipa0	20069	23711
11:36:20.571	rmnet_data2	0	0
11:36:20.571	rmnet_data1	1488	1792
11:36:20.571	rmnet_data0	2848	4537
11:36:20.571	wlan0	10556855	34941793
11:36:21.618	rmnet_ipa0	20069	23711
11:36:21.618	rmnet_data2	0	0
11:36:21.618	rmnet_data1	1488	1792
11:36:21.618	rmnet_data0	2848	4537
11:36:21.618	wlan0	10562573	34944733
11:36:22.668	rmnet_ipa0	20069	23711
11:36:22.668	rmnet_data2	0	0
11:36:22.668	rmnet_data1	1488	1792
11:36:22.668	rmnet_data0	2848	4537
11:36:22.668	wlan0	10563706	34944931
11:36:23.724	rmnet_ipa0	20069	23711
11:36:23.724	rmnet_data2	0	0
11:36:23.724	rmnet_data1	1488	1792
11:36:23.724	rmnet_data0	2848	4537
11:36:23.724	wlan0	10563706	34944931
11:36:24.772	rmnet_ipa0	20069	23711
11:36:24.772	rmnet_data2	0	0
11:36:24.772	rmnet_data1	1488	1792
11:36:24.772	rmnet_data0	2848	4537
11:36:24.772	wlan0	10563706	34944931
11:36:25.818	rmnet_ipa0	20069	23711
11:36:25.818	rmnet_data2	0	0
11:36:25.818	rmnet_data1	1488	1792
11:36:25.818	rmnet_data0	2848	4537
11:36:25.818	wlan0	10563766	34945531
11:36:26.867	rmnet_ipa0	20069	23711
11:36:26.867	rmnet_data2	0	0
11:36:26.867	rmnet_data1	1488	1792
11:36:26.867	rmnet_data0	2848	4537
11:36:26.867	wlan0	10564632	34946322
11:36:27.983	rmnet_ipa0	20069	23711
11:36:27.983	rmnet_data2	0	0
11:36:27.983	rmnet_data1	1488	1792
11:36:27.983	rmnet_data0	2848	4537
11:36:27.983	wlan0	10564692	34946848
11:36:29.037	rmnet_ipa0	20069	23711
11:36:29.037	rmnet_data2	0	0
11:36:29.037	rmnet_data1	1488	1792
11:36:29.037	rmnet_data0	2848	4537
11:36:29.037	wlan0	10565598	34947721
11:36:30.091	rmnet_ipa0	20069	23711
11:36:30.091	rmnet_data2	0	0
11:36:30.091	rmnet_data1	1488	1792
11:36:30.091	rmnet_data0	2848	4537
11:36:30.091	wlan0	10570318	34954220
11:36:31.141	rmnet_ipa0	20069	23711
11:36:31.141	rmnet_data2	0	0
11:36:31.141	rmnet_data1	1488	1792
11:36:31.141	rmnet_data0	2848	4537
11:36:31.141	wlan0	10572941	34955765
11:36:32.195	rmnet_ipa0	20069	23711
11:36:32.195	rmnet_data2	0	0
11:36:32.195	rmnet_data1	1488	1792
11:36:32.195	rmnet_data0	2848	4537
11:36:32.195	wlan0	10572993	34955831
11:36:33.252	rmnet_ipa0	20069	23711
11:36:33.252	rmnet_data2	0	0
11:36:33.252	rmnet_data1	1488	1792
11:36:33.252	rmnet_data0	2848	4537
11:36:33.252	wlan0	10572993	34955831
11:36:34.307	rmnet_ipa0	20069	23711
11:36:34.307	rmnet_data2	0	0
11:36:34.307	rmnet_data1	1488	1792
11:36:34.307	rmnet_data0	2848	4537
11:36:34.307	wlan0	10572993	34955831
11:36:35.363	rmnet_ipa0	20069	23711
11:36:35.363	rmnet_data2	0	0
11:36:35.363	rmnet_data1	1488	1792
11:36:35.363	rmnet_data0	2848	4537
11:36:35.363	wlan0	10572993	34955831
11:36:36.413	rmnet_ipa0	20069	23711
11:36:36.413	rmnet_data2	0	0
11:36:36.413	rmnet_data1	1488	1792
11:36:36.413	rmnet_data0	2848	4537
11:36:36.413	wlan0	10572993	34955831
11:36:37.465	rmnet_ipa0	20069	23711
11:36:37.465	rmnet_data2	0	0
11:36:37.465	rmnet_data1	1488	1792
11:36:37.465	rmnet_data0	2848	4537
11:36:37.465	wlan0	10572993	34955831
11:36:38.514	rmnet_ipa0	20069	23711
11:36:38.514	rmnet_data2	0	0
11:36:38.514	rmnet_data1	1488	1792
11:36:38.514	rmnet_data0	2848	4537
11:36:38.514	wlan0	10573109	34956464
11:36:39.571	rmnet_ipa0	20069	23711
11:36:39.571	rmnet_data2	0	0
11:36:39.571	rmnet_data1	1488	1792
11:36:39.571	rmnet_data0	2848	4537
11:36:39.571	wlan0	10573640	34958280
11:36:40.622	rmnet_ipa0	20069	23711
11:36:40.622	rmnet_data2	0	0
11:36:40.622	rmnet_data1	1488	1792
11:36:40.622	rmnet_data0	2848	4537
11:36:40.622	wlan0	10573964	34959090
11:36:41.666	rmnet_ipa0	20069	23711
11:36:41.666	rmnet_data2	0	0
11:36:41.666	rmnet_data1	1488	1792
11:36:41.666	rmnet_data0	2848	4537
11:36:41.666	wlan0	10574437	34959806
