t	iface	rx_bytes	tx_bytes
10:45:09.265	rmnet_ipa0	19620	23238
10:45:09.265	rmnet_data2	0	0
10:45:09.265	rmnet_data1	1488	1792
10:45:09.265	rmnet_data0	2703	4489
10:45:09.265	wlan0	1273373	19339477
10:45:10.310	rmnet_ipa0	19620	23238
10:45:10.310	rmnet_data2	0	0
10:45:10.310	rmnet_data1	1488	1792
10:45:10.310	rmnet_data0	2703	4489
10:45:10.310	wlan0	1273401	19339519
10:45:11.352	rmnet_ipa0	19620	23238
10:45:11.352	rmnet_data2	0	0
10:45:11.352	rmnet_data1	1488	1792
10:45:11.352	rmnet_data0	2703	4489
10:45:11.352	wlan0	1273429	19339561
10:45:12.394	rmnet_ipa0	19620	23238
10:45:12.394	rmnet_data2	0	0
10:45:12.394	rmnet_data1	1488	1792
10:45:12.394	rmnet_data0	2703	4489
10:45:12.394	wlan0	1273457	19339561
10:45:13.439	rmnet_ipa0	19620	23238
10:45:13.439	rmnet_data2	0	0
10:45:13.439	rmnet_data1	1488	1792
10:45:13.439	rmnet_data0	2703	4489
10:45:13.439	wlan0	1273457	19345039
10:45:14.472	rmnet_ipa0	19620	23238
10:45:14.472	rmnet_data2	0	0
10:45:14.472	rmnet_data1	1488	1792
10:45:14.472	rmnet_data0	2703	4489
10:45:14.472	wlan0	1283404	19357762
10:45:15.514	rmnet_ipa0	19620	23238
10:45:15.514	rmnet_data2	0	0
10:45:15.514	rmnet_data1	1488	1792
10:45:15.514	rmnet_data0	2703	4489
10:45:15.514	wlan0	1298224	19363312
10:45:16.550	rmnet_ipa0	19620	23238
10:45:16.550	rmnet_data2	0	0
10:45:16.550	rmnet_data1	1488	1792
10:45:16.550	rmnet_data0	2703	4489
10:45:16.550	wlan0	1299924	19365242
10:45:17.595	rmnet_ipa0	19620	23238
10:45:17.595	rmnet_data2	0	0
10:45:17.595	rmnet_data1	1488	1792
10:45:17.595	rmnet_data0	2703	4489
10:45:17.595	wlan0	1300045	19365308
10:45:18.645	rmnet_ipa0	19620	23238
10:45:18.645	rmnet_data2	0	0
10:45:18.645	rmnet_data1	1488	1792
10:45:18.645	rmnet_data0	2703	4489
10:45:18.645	wlan0	1300045	19365631
10:45:19.690	rmnet_ipa0	19620	23238
10:45:19.690	rmnet_data2	0	0
10:45:19.690	rmnet_data1	1488	1792
10:45:19.690	rmnet_data0	2703	4489
10:45:19.690	wlan0	1300283	19365697
10:45:20.735	rmnet_ipa0	19620	23238
10:45:20.735	rmnet_data2	0	0
10:45:20.735	rmnet_data1	1488	1792
10:45:20.735	rmnet_data0	2703	4489
10:45:20.735	wlan0	1300283	19366199
10:45:21.776	rmnet_ipa0	19620	23238
10:45:21.776	rmnet_data2	0	0
10:45:21.776	rmnet_data1	1488	1792
10:45:21.776	rmnet_data0	2703	4489
10:45:21.776	wlan0	1300458	19366265
10:45:22.828	rmnet_ipa0	19620	23238
10:45:22.828	rmnet_data2	0	0
10:45:22.828	rmnet_data1	1488	1792
10:45:22.828	rmnet_data0	2703	4489
10:45:22.828	wlan0	1300458	19366265
10:45:23.871	rmnet_ipa0	19620	23238
10:45:23.871	rmnet_data2	0	0
10:45:23.871	rmnet_data1	1488	1792
10:45:23.871	rmnet_data0	2703	4489
10:45:23.871	wlan0	1300626	19366520
10:45:24.902	rmnet_ipa0	19620	23238
10:45:24.902	rmnet_data2	0	0
10:45:24.902	rmnet_data1	1488	1792
10:45:24.902	rmnet_data0	2703	4489
10:45:24.902	wlan0	1300626	19366520
10:45:25.942	rmnet_ipa0	19620	23238
10:45:25.942	rmnet_data2	0	0
10:45:25.942	rmnet_data1	1488	1792
10:45:25.942	rmnet_data0	2703	4489
10:45:25.942	wlan0	1300626	19366520
10:45:26.984	rmnet_ipa0	19620	23238
10:45:26.984	rmnet_data2	0	0
10:45:26.984	rmnet_data1	1488	1792
10:45:26.984	rmnet_data0	2703	4489
10:45:26.984	wlan0	1300626	19366520
10:45:28.029	rmnet_ipa0	19620	23238
10:45:28.029	rmnet_data2	0	0
10:45:28.029	rmnet_data1	1488	1792
10:45:28.029	rmnet_data0	2703	4489
10:45:28.029	wlan0	1300626	19366520
10:45:29.074	rmnet_ipa0	19620	23238
10:45:29.074	rmnet_data2	0	0
10:45:29.074	rmnet_data1	1488	1792
10:45:29.074	rmnet_data0	2703	4489
10:45:29.074	wlan0	1300626	19366520
10:45:30.117	rmnet_ipa0	19620	23238
10:45:30.117	rmnet_data2	0	0
10:45:30.117	rmnet_data1	1488	1792
10:45:30.117	rmnet_data0	2703	4489
10:45:30.117	wlan0	1300626	19366520
10:45:31.164	rmnet_ipa0	19620	23238
10:45:31.164	rmnet_data2	0	0
10:45:31.164	rmnet_data1	1488	1792
10:45:31.164	rmnet_data0	2703	4489
10:45:31.164	wlan0	1300626	19367607
10:45:32.207	rmnet_ipa0	19620	23238
10:45:32.207	rmnet_data2	0	0
10:45:32.207	rmnet_data1	1488	1792
10:45:32.207	rmnet_data0	2703	4489
10:45:32.207	wlan0	1302695	19368140
10:45:33.249	rmnet_ipa0	19620	23238
10:45:33.249	rmnet_data2	0	0
10:45:33.249	rmnet_data1	1488	1792
10:45:33.249	rmnet_data0	2703	4489
10:45:33.249	wlan0	1302695	19368140
10:45:34.295	rmnet_ipa0	19620	23238
10:45:34.295	rmnet_data2	0	0
10:45:34.295	rmnet_data1	1488	1792
10:45:34.295	rmnet_data0	2703	4489
10:45:34.295	wlan0	1302864	19368206
10:45:35.339	rmnet_ipa0	19620	23238
10:45:35.339	rmnet_data2	0	0
10:45:35.339	rmnet_data1	1488	1792
10:45:35.339	rmnet_data0	2703	4489
10:45:35.339	wlan0	1302864	19368206
10:45:36.383	rmnet_ipa0	19620	23238
10:45:36.383	rmnet_data2	0	0
10:45:36.383	rmnet_data1	1488	1792
10:45:36.383	rmnet_data0	2703	4489
10:45:36.383	wlan0	1302864	19368708
10:45:37.415	rmnet_ipa0	19620	23238
10:45:37.415	rmnet_data2	0	0
10:45:37.415	rmnet_data1	1488	1792
10:45:37.415	rmnet_data0	2703	4489
10:45:37.415	wlan0	1303039	19368774
10:45:38.459	rmnet_ipa0	19620	23238
10:45:38.459	rmnet_data2	0	0
10:45:38.459	rmnet_data1	1488	1792
10:45:38.459	rmnet_data0	2703	4489
10:45:38.459	wlan0	1303039	19368774
10:45:39.502	rmnet_ipa0	19620	23238
10:45:39.502	rmnet_data2	0	0
10:45:39.502	rmnet_data1	1488	1792
10:45:39.502	rmnet_data0	2703	4489
10:45:39.502	wlan0	1303039	19368774
10:45:40.547	rmnet_ipa0	19620	23238
10:45:40.547	rmnet_data2	0	0
10:45:40.547	rmnet_data1	1488	1792
10:45:40.547	rmnet_data0	2703	4489
10:45:40.547	wlan0	1303039	19368774
10:45:41.588	rmnet_ipa0	19620	23238
10:45:41.588	rmnet_data2	0	0
10:45:41.588	rmnet_data1	1488	1792
10:45:41.588	rmnet_data0	2703	4489
10:45:41.588	wlan0	1303039	19368774
10:45:42.629	rmnet_ipa0	19620	23238
10:45:42.629	rmnet_data2	0	0
10:45:42.629	rmnet_data1	1488	1792
10:45:42.629	rmnet_data0	2703	4489
10:45:42.629	wlan0	1303207	19369029
10:45:43.672	rmnet_ipa0	19620	23238
10:45:43.672	rmnet_data2	0	0
10:45:43.672	rmnet_data1	1488	1792
10:45:43.672	rmnet_data0	2703	4489
10:45:43.672	wlan0	1303207	19369029
10:45:44.711	rmnet_ipa0	19620	23238
10:45:44.711	rmnet_data2	0	0
10:45:44.711	rmnet_data1	1488	1792
10:45:44.711	rmnet_data0	2703	4489
10:45:44.711	wlan0	1303207	19369029
10:45:45.757	rmnet_ipa0	19620	23238
10:45:45.757	rmnet_data2	0	0
10:45:45.757	rmnet_data1	1488	1792
10:45:45.757	rmnet_data0	2703	4489
10:45:45.757	wlan0	1303207	19369029
10:45:46.802	rmnet_ipa0	19620	23238
10:45:46.802	rmnet_data2	0	0
10:45:46.802	rmnet_data1	1488	1792
10:45:46.802	rmnet_data0	2703	4489
10:45:46.802	wlan0	1303207	19370117
10:45:47.837	rmnet_ipa0	19620	23238
10:45:47.837	rmnet_data2	0	0
10:45:47.837	rmnet_data1	1488	1792
10:45:47.837	rmnet_data0	2703	4489
10:45:47.837	wlan0	1305241	19370819
10:45:48.882	rmnet_ipa0	19620	23238
10:45:48.882	rmnet_data2	0	0
10:45:48.882	rmnet_data1	1488	1792
10:45:48.882	rmnet_data0	2703	4489
10:45:48.882	wlan0	1305538	19370885
10:45:49.924	rmnet_ipa0	19620	23238
10:45:49.924	rmnet_data2	0	0
10:45:49.924	rmnet_data1	1488	1792
10:45:49.924	rmnet_data0	2703	4489
10:45:49.924	wlan0	1305538	19370885
10:45:50.969	rmnet_ipa0	19620	23238
10:45:50.969	rmnet_data2	0	0
10:45:50.969	rmnet_data1	1488	1792
10:45:50.969	rmnet_data0	2703	4489
10:45:50.969	wlan0	1305538	19371051
10:45:52.010	rmnet_ipa0	19620	23238
10:45:52.010	rmnet_data2	0	0
10:45:52.010	rmnet_data1	1488	1792
10:45:52.010	rmnet_data0	2703	4489
10:45:52.010	wlan0	1305684	19371619
10:45:53.044	rmnet_ipa0	19620	23238
10:45:53.044	rmnet_data2	0	0
10:45:53.044	rmnet_data1	1488	1792
10:45:53.044	rmnet_data0	2703	4489
10:45:53.044	wlan0	1305859	19371685
10:45:54.091	rmnet_ipa0	19620	23238
10:45:54.091	rmnet_data2	0	0
10:45:54.091	rmnet_data1	1488	1792
10:45:54.091	rmnet_data0	2703	4489
10:45:54.091	wlan0	1305859	19371685
10:45:55.137	rmnet_ipa0	19620	23238
10:45:55.137	rmnet_data2	0	0
10:45:55.137	rmnet_data1	1488	1792
10:45:55.137	rmnet_data0	2703	4489
10:45:55.137	wlan0	1305975	19371940
10:45:56.178	rmnet_ipa0	19620	23238
10:45:56.178	rmnet_data2	0	0
10:45:56.178	rmnet_data1	1488	1792
10:45:56.178	rmnet_data0	2703	4489
10:45:56.178	wlan0	1306027	19371940
10:45:57.224	rmnet_ipa0	19620	23238
10:45:57.224	rmnet_data2	0	0
10:45:57.224	rmnet_data1	1488	1792
10:45:57.224	rmnet_data0	2703	4489
10:45:57.224	wlan0	1306027	19371940
10:45:58.268	rmnet_ipa0	19620	23238
10:45:58.268	rmnet_data2	0	0
10:45:58.268	rmnet_data1	1488	1792
10:45:58.268	rmnet_data0	2703	4489
10:45:58.268	wlan0	1306027	19371940
10:45:59.314	rmnet_ipa0	19620	23238
10:45:59.314	rmnet_data2	0	0
10:45:59.314	rmnet_data1	1488	1792
10:45:59.314	rmnet_data0	2703	4489
10:45:59.314	wlan0	1306027	19371940
10:46:00.358	rmnet_ipa0	19620	23238
10:46:00.358	rmnet_data2	0	0
10:46:00.358	rmnet_data1	1488	1792
10:46:00.358	rmnet_data0	2703	4489
10:46:00.358	wlan0	1306027	19371940
10:46:01.405	rmnet_ipa0	19620	23238
10:46:01.405	rmnet_data2	0	0
10:46:01.405	rmnet_data1	1488	1792
10:46:01.405	rmnet_data0	2703	4489
10:46:01.405	wlan0	1306027	19371940
10:46:02.449	rmnet_ipa0	19620	23238
10:46:02.449	rmnet_data2	0	0
10:46:02.449	rmnet_data1	1488	1792
10:46:02.449	rmnet_data0	2703	4489
10:46:02.449	wlan0	1306027	19373026
10:46:03.480	rmnet_ipa0	19620	23238
10:46:03.480	rmnet_data2	0	0
10:46:03.480	rmnet_data1	1488	1792
10:46:03.480	rmnet_data0	2703	4489
10:46:03.480	wlan0	1307967	19373559
10:46:04.513	rmnet_ipa0	19620	23238
10:46:04.513	rmnet_data2	0	0
10:46:04.513	rmnet_data1	1488	1792
10:46:04.513	rmnet_data0	2703	4489
10:46:04.513	wlan0	1308265	19373625
10:46:05.556	rmnet_ipa0	19620	23238
10:46:05.556	rmnet_data2	0	0
10:46:05.556	rmnet_data1	1488	1792
10:46:05.556	rmnet_data0	2703	4489
10:46:05.556	wlan0	1308265	19373625
10:46:06.590	rmnet_ipa0	19620	23238
10:46:06.590	rmnet_data2	0	0
10:46:06.590	rmnet_data1	1488	1792
10:46:06.590	rmnet_data0	2703	4489
10:46:06.590	wlan0	1308265	19373625
10:46:07.634	rmnet_ipa0	19620	23238
10:46:07.634	rmnet_data2	0	0
10:46:07.634	rmnet_data1	1488	1792
10:46:07.634	rmnet_data0	2703	4489
10:46:07.634	wlan0	1308265	19373625
10:46:08.674	rmnet_ipa0	19620	23238
10:46:08.674	rmnet_data2	0	0
10:46:08.674	rmnet_data1	1488	1792
10:46:08.674	rmnet_data0	2703	4489
10:46:08.674	wlan0	1308440	19374193
10:46:09.710	rmnet_ipa0	19620	23238
10:46:09.710	rmnet_data2	0	0
10:46:09.710	rmnet_data1	1488	1792
10:46:09.710	rmnet_data0	2703	4489
10:46:09.710	wlan0	1308440	19374235
10:46:10.749	rmnet_ipa0	19620	23238
10:46:10.749	rmnet_data2	0	0
10:46:10.749	rmnet_data1	1488	1792
10:46:10.749	rmnet_data0	2703	4489
10:46:10.749	wlan0	1308584	19374532
10:46:11.789	rmnet_ipa0	19620	23238
10:46:11.789	rmnet_data2	0	0
10:46:11.789	rmnet_data1	1488	1792
10:46:11.789	rmnet_data0	2703	4489
10:46:11.789	wlan0	1308692	19374574
10:46:12.833	rmnet_ipa0	19620	23238
10:46:12.833	rmnet_data2	0	0
10:46:12.833	rmnet_data1	1488	1792
10:46:12.833	rmnet_data0	2703	4489
10:46:12.833	wlan0	1308692	19374574
10:46:13.880	rmnet_ipa0	19620	23238
10:46:13.880	rmnet_data2	0	0
10:46:13.880	rmnet_data1	1488	1792
10:46:13.880	rmnet_data0	2703	4489
10:46:13.880	wlan0	1308692	19374574
10:46:14.926	rmnet_ipa0	19620	23238
10:46:14.926	rmnet_data2	0	0
10:46:14.926	rmnet_data1	1488	1792
10:46:14.926	rmnet_data0	2703	4489
10:46:14.926	wlan0	1308692	19374740
10:46:15.967	rmnet_ipa0	19620	23238
10:46:15.967	rmnet_data2	0	0
10:46:15.967	rmnet_data1	1488	1792
10:46:15.967	rmnet_data0	2703	4489
10:46:15.967	wlan0	1308838	19374806
10:46:17.003	rmnet_ipa0	19620	23238
10:46:17.003	rmnet_data2	0	0
10:46:17.003	rmnet_data1	1488	1792
10:46:17.003	rmnet_data0	2703	4489
10:46:17.003	wlan0	1308838	19374806
10:46:18.040	rmnet_ipa0	19620	23238
10:46:18.040	rmnet_data2	0	0
10:46:18.040	rmnet_data1	1488	1792
10:46:18.040	rmnet_data0	2703	4489
10:46:18.040	wlan0	1308838	19375996
10:46:19.066	rmnet_ipa0	19620	23238
10:46:19.066	rmnet_data2	0	0
10:46:19.066	rmnet_data1	1488	1792
10:46:19.066	rmnet_data0	2703	4489
10:46:19.066	wlan0	1310872	19376661
10:46:20.093	rmnet_ipa0	19620	23238
10:46:20.093	rmnet_data2	0	0
10:46:20.093	rmnet_data1	1488	1792
10:46:20.093	rmnet_data0	2703	4489
10:46:20.093	wlan0	1311170	19376727
10:46:21.131	rmnet_ipa0	19620	23238
10:46:21.131	rmnet_data2	0	0
10:46:21.131	rmnet_data1	1488	1792
10:46:21.131	rmnet_data0	2703	4489
10:46:21.131	wlan0	1311170	19376727
10:46:22.157	rmnet_ipa0	19620	23238
10:46:22.157	rmnet_data2	0	0
10:46:22.157	rmnet_data1	1488	1792
10:46:22.157	rmnet_data0	2703	4489
10:46:22.157	wlan0	1311170	19376727
10:46:23.192	rmnet_ipa0	19620	23238
10:46:23.192	rmnet_data2	0	0
10:46:23.192	rmnet_data1	1488	1792
10:46:23.192	rmnet_data0	2703	4489
10:46:23.192	wlan0	1311170	19376727
10:46:24.226	rmnet_ipa0	19620	23238
10:46:24.226	rmnet_data2	0	0
10:46:24.226	rmnet_data1	1488	1792
10:46:24.226	rmnet_data0	2703	4489
10:46:24.226	wlan0	1311345	19377295
10:46:25.262	rmnet_ipa0	19620	23238
10:46:25.262	rmnet_data2	0	0
10:46:25.262	rmnet_data1	1488	1792
10:46:25.262	rmnet_data0	2703	4489
10:46:25.262	wlan0	1311345	19377295
10:46:26.306	rmnet_ipa0	19620	23238
10:46:26.306	rmnet_data2	0	0
10:46:26.306	rmnet_data1	1488	1792
10:46:26.306	rmnet_data0	2703	4489
10:46:26.306	wlan0	1311461	19377550
10:46:27.341	rmnet_ipa0	19620	23238
10:46:27.341	rmnet_data2	0	0
10:46:27.341	rmnet_data1	1488	1792
10:46:27.341	rmnet_data0	2703	4489
10:46:27.341	wlan0	1311638	19377616
10:46:28.378	rmnet_ipa0	19620	23238
10:46:28.378	rmnet_data2	0	0
10:46:28.378	rmnet_data1	1488	1792
10:46:28.378	rmnet_data0	2703	4489
10:46:28.378	wlan0	1311690	19377682
10:46:29.414	rmnet_ipa0	19620	23238
10:46:29.414	rmnet_data2	0	0
10:46:29.414	rmnet_data1	1488	1792
10:46:29.414	rmnet_data0	2703	4489
10:46:29.414	wlan0	1311690	19377682
10:46:30.451	rmnet_ipa0	19620	23238
10:46:30.451	rmnet_data2	0	0
10:46:30.451	rmnet_data1	1488	1792
10:46:30.451	rmnet_data0	2703	4489
10:46:30.451	wlan0	1311690	19377682
10:46:31.493	rmnet_ipa0	19620	23238
10:46:31.493	rmnet_data2	0	0
10:46:31.493	rmnet_data1	1488	1792
10:46:31.493	rmnet_data0	2703	4489
10:46:31.493	wlan0	1311690	19377682
10:46:32.534	rmnet_ipa0	19620	23238
10:46:32.534	rmnet_data2	0	0
10:46:32.534	rmnet_data1	1488	1792
10:46:32.534	rmnet_data0	2703	4489
10:46:32.534	wlan0	1311690	19377682
10:46:33.569	rmnet_ipa0	19620	23238
10:46:33.569	rmnet_data2	0	0
10:46:33.569	rmnet_data1	1488	1792
10:46:33.569	rmnet_data0	2703	4489
10:46:33.569	wlan0	1311690	19378770
10:46:34.597	rmnet_ipa0	19620	23238
10:46:34.597	rmnet_data2	0	0
10:46:34.597	rmnet_data1	1488	1792
10:46:34.597	rmnet_data0	2703	4489
10:46:34.597	wlan0	1313633	19379303
10:46:35.621	rmnet_ipa0	19620	23238
10:46:35.621	rmnet_data2	0	0
10:46:35.621	rmnet_data1	1488	1792
10:46:35.621	rmnet_data0	2703	4489
10:46:35.621	wlan0	1313931	19379369
10:46:36.661	rmnet_ipa0	19620	23238
10:46:36.661	rmnet_data2	0	0
10:46:36.661	rmnet_data1	1488	1792
10:46:36.661	rmnet_data0	2703	4489
10:46:36.661	wlan0	1313931	19379369
10:46:37.697	rmnet_ipa0	19620	23238
10:46:37.697	rmnet_data2	0	0
10:46:37.697	rmnet_data1	1488	1792
10:46:37.697	rmnet_data0	2703	4489
10:46:37.697	wlan0	1313931	19379369
10:46:38.738	rmnet_ipa0	19620	23238
10:46:38.738	rmnet_data2	0	0
10:46:38.738	rmnet_data1	1488	1792
10:46:38.738	rmnet_data0	2703	4489
10:46:38.738	wlan0	1313931	19379369
10:46:39.784	rmnet_ipa0	19620	23238
10:46:39.784	rmnet_data2	0	0
10:46:39.784	rmnet_data1	1488	1792
10:46:39.784	rmnet_data0	2703	4489
10:46:39.784	wlan0	1313931	19379871
10:46:40.834	rmnet_ipa0	19620	23238
10:46:40.834	rmnet_data2	0	0
10:46:40.834	rmnet_data1	1488	1792
10:46:40.834	rmnet_data0	2703	4489
10:46:40.834	wlan0	1314106	19379937
10:46:41.877	rmnet_ipa0	19620	23238
10:46:41.877	rmnet_data2	0	0
10:46:41.877	rmnet_data1	1488	1792
10:46:41.877	rmnet_data0	2703	4489
10:46:41.877	wlan0	1314222	19380192
10:46:42.921	rmnet_ipa0	19620	23238
10:46:42.921	rmnet_data2	0	0
10:46:42.921	rmnet_data1	1488	1792
10:46:42.921	rmnet_data0	2703	4489
10:46:42.921	wlan0	1314274	19380192
10:46:43.970	rmnet_ipa0	19620	23238
10:46:43.970	rmnet_data2	0	0
10:46:43.970	rmnet_data1	1488	1792
10:46:43.970	rmnet_data0	2703	4489
10:46:43.970	wlan0	1314274	19380192
10:46:45.013	rmnet_ipa0	19620	23238
10:46:45.013	rmnet_data2	0	0
10:46:45.013	rmnet_data1	1488	1792
10:46:45.013	rmnet_data0	2703	4489
10:46:45.013	wlan0	1314274	19380192
10:46:46.059	rmnet_ipa0	19620	23238
10:46:46.059	rmnet_data2	0	0
10:46:46.059	rmnet_data1	1488	1792
10:46:46.059	rmnet_data0	2703	4489
10:46:46.059	wlan0	1314274	19380192
10:46:47.105	rmnet_ipa0	19620	23238
10:46:47.105	rmnet_data2	0	0
10:46:47.105	rmnet_data1	1488	1792
10:46:47.105	rmnet_data0	2703	4489
10:46:47.105	wlan0	1314274	19380192
10:46:48.150	rmnet_ipa0	19620	23238
10:46:48.150	rmnet_data2	0	0
10:46:48.150	rmnet_data1	1488	1792
10:46:48.150	rmnet_data0	2703	4489
10:46:48.150	wlan0	1314274	19380192
10:46:49.194	rmnet_ipa0	19620	23238
10:46:49.194	rmnet_data2	0	0
10:46:49.194	rmnet_data1	1488	1792
10:46:49.194	rmnet_data0	2703	4489
10:46:49.194	wlan0	1314274	19381382
10:46:50.234	rmnet_ipa0	19620	23238
10:46:50.234	rmnet_data2	0	0
10:46:50.234	rmnet_data1	1488	1792
10:46:50.234	rmnet_data0	2703	4489
10:46:50.234	wlan0	1316406	19381981
10:46:51.266	rmnet_ipa0	19620	23238
10:46:51.266	rmnet_data2	0	0
10:46:51.266	rmnet_data1	1488	1792
10:46:51.266	rmnet_data0	2703	4489
10:46:51.266	wlan0	1316704	19382047
10:46:52.312	rmnet_ipa0	19620	23238
10:46:52.312	rmnet_data2	0	0
10:46:52.312	rmnet_data1	1488	1792
10:46:52.312	rmnet_data0	2703	4489
10:46:52.312	wlan0	1316704	19382047
10:46:53.354	rmnet_ipa0	19620	23238
10:46:53.354	rmnet_data2	0	0
10:46:53.354	rmnet_data1	1488	1792
10:46:53.354	rmnet_data0	2703	4489
10:46:53.354	wlan0	1316704	19382047
10:46:54.400	rmnet_ipa0	19620	23238
10:46:54.400	rmnet_data2	0	0
10:46:54.400	rmnet_data1	1488	1792
10:46:54.400	rmnet_data0	2703	4489
10:46:54.400	wlan0	1316850	19382279
10:46:55.444	rmnet_ipa0	19620	23238
10:46:55.444	rmnet_data2	0	0
10:46:55.444	rmnet_data1	1488	1792
10:46:55.444	rmnet_data0	2703	4489
10:46:55.444	wlan0	1316850	19382781
10:46:56.491	rmnet_ipa0	19620	23238
10:46:56.491	rmnet_data2	0	0
10:46:56.491	rmnet_data1	1488	1792
10:46:56.491	rmnet_data0	2703	4489
10:46:56.491	wlan0	1317025	19382847
10:46:57.535	rmnet_ipa0	19620	23238
10:46:57.535	rmnet_data2	0	0
10:46:57.535	rmnet_data1	1488	1792
10:46:57.535	rmnet_data0	2703	4489
10:46:57.535	wlan0	1317264	19383180
10:46:58.579	rmnet_ipa0	19620	23238
10:46:58.579	rmnet_data2	0	0
10:46:58.579	rmnet_data1	1488	1792
10:46:58.579	rmnet_data0	2703	4489
10:46:58.579	wlan0	1317316	19383180
10:46:59.621	rmnet_ipa0	19620	23238
10:46:59.621	rmnet_data2	0	0
10:46:59.621	rmnet_data1	1488	1792
10:46:59.621	rmnet_data0	2703	4489
10:46:59.621	wlan0	1317316	19383180
10:47:00.666	rmnet_ipa0	19620	23238
10:47:00.666	rmnet_data2	0	0
10:47:00.666	rmnet_data1	1488	1792
10:47:00.666	rmnet_data0	2703	4489
10:47:00.666	wlan0	1317316	19383180
10:47:01.708	rmnet_ipa0	19620	23238
10:47:01.708	rmnet_data2	0	0
10:47:01.708	rmnet_data1	1488	1792
10:47:01.708	rmnet_data0	2703	4489
10:47:01.708	wlan0	1317316	19383180
10:47:02.758	rmnet_ipa0	19620	23238
10:47:02.758	rmnet_data2	0	0
10:47:02.758	rmnet_data1	1488	1792
10:47:02.758	rmnet_data0	2703	4489
10:47:02.758	wlan0	1317316	19383180
10:47:03.801	rmnet_ipa0	19620	23238
10:47:03.801	rmnet_data2	0	0
10:47:03.801	rmnet_data1	1488	1792
10:47:03.801	rmnet_data0	2703	4489
10:47:03.801	wlan0	1317316	19383180
10:47:04.846	rmnet_ipa0	19620	23238
10:47:04.846	rmnet_data2	0	0
10:47:04.846	rmnet_data1	1488	1792
10:47:04.846	rmnet_data0	2703	4489
10:47:04.846	wlan0	1317316	19383180
10:47:05.890	rmnet_ipa0	19620	23238
10:47:05.890	rmnet_data2	0	0
10:47:05.890	rmnet_data1	1488	1792
10:47:05.890	rmnet_data0	2703	4489
10:47:05.890	wlan0	1319523	19384801
10:47:06.921	rmnet_ipa0	19620	23238
10:47:06.921	rmnet_data2	0	0
10:47:06.921	rmnet_data1	1488	1792
10:47:06.921	rmnet_data0	2703	4489
10:47:06.921	wlan0	1320021	19384867
10:47:07.974	rmnet_ipa0	19620	23238
10:47:07.974	rmnet_data2	0	0
10:47:07.974	rmnet_data1	1488	1792
10:47:07.974	rmnet_data0	2703	4489
10:47:07.974	wlan0	1320221	19384867
10:47:09.017	rmnet_ipa0	19620	23238
10:47:09.017	rmnet_data2	0	0
10:47:09.017	rmnet_data1	1488	1792
10:47:09.017	rmnet_data0	2703	4489
10:47:09.017	wlan0	1320221	19384867
10:47:10.064	rmnet_ipa0	19620	23238
10:47:10.064	rmnet_data2	0	0
10:47:10.064	rmnet_data1	1488	1792
10:47:10.064	rmnet_data0	2703	4489
10:47:10.064	wlan0	1320249	19384951
10:47:11.108	rmnet_ipa0	19620	23238
10:47:11.108	rmnet_data2	0	0
10:47:11.108	rmnet_data1	1488	1792
10:47:11.108	rmnet_data0	2703	4489
10:47:11.108	wlan0	1320277	19385495
10:47:12.152	rmnet_ipa0	19620	23238
10:47:12.152	rmnet_data2	0	0
10:47:12.152	rmnet_data1	1488	1792
10:47:12.152	rmnet_data0	2703	4489
10:47:12.152	wlan0	1320480	19385561
10:47:13.198	rmnet_ipa0	19620	23238
10:47:13.198	rmnet_data2	0	0
10:47:13.198	rmnet_data1	1488	1792
10:47:13.198	rmnet_data0	2703	4489
10:47:13.198	wlan0	1320596	19385816
10:47:14.246	rmnet_ipa0	19620	23238
10:47:14.246	rmnet_data2	0	0
10:47:14.246	rmnet_data1	1488	1792
10:47:14.246	rmnet_data0	2703	4489
10:47:14.246	wlan0	1320648	19385816
10:47:15.289	rmnet_ipa0	19620	23238
10:47:15.289	rmnet_data2	0	0
10:47:15.289	rmnet_data1	1488	1792
10:47:15.289	rmnet_data0	2703	4489
10:47:15.289	wlan0	1320648	19385816
10:47:16.344	rmnet_ipa0	19620	23238
10:47:16.344	rmnet_data2	0	0
10:47:16.344	rmnet_data1	1488	1792
10:47:16.344	rmnet_data0	2703	4489
10:47:16.344	wlan0	1320648	19385982
10:47:17.391	rmnet_ipa0	19620	23238
10:47:17.391	rmnet_data2	0	0
10:47:17.391	rmnet_data1	1488	1792
10:47:17.391	rmnet_data0	2703	4489
10:47:17.391	wlan0	1320794	19386048
10:47:18.439	rmnet_ipa0	19620	23238
10:47:18.439	rmnet_data2	0	0
10:47:18.439	rmnet_data1	1488	1792
10:47:18.439	rmnet_data0	2703	4489
10:47:18.439	wlan0	1320794	19386048
10:47:19.489	rmnet_ipa0	19620	23238
10:47:19.489	rmnet_data2	0	0
10:47:19.489	rmnet_data1	1488	1792
10:47:19.489	rmnet_data0	2703	4489
10:47:19.489	wlan0	1320794	19386151
10:47:20.539	rmnet_ipa0	19620	23238
10:47:20.539	rmnet_data2	0	0
10:47:20.539	rmnet_data1	1488	1792
10:47:20.539	rmnet_data0	2703	4489
10:47:20.539	wlan0	1320887	19386217
10:47:21.584	rmnet_ipa0	19620	23238
10:47:21.584	rmnet_data2	0	0
10:47:21.584	rmnet_data1	1488	1792
10:47:21.584	rmnet_data0	2703	4489
10:47:21.584	wlan0	1322829	19387559
10:47:22.632	rmnet_ipa0	19620	23238
10:47:22.632	rmnet_data2	0	0
10:47:22.632	rmnet_data1	1488	1792
10:47:22.632	rmnet_data0	2703	4489
10:47:22.632	wlan0	1323220	19388126
10:47:23.692	rmnet_ipa0	19620	23238
10:47:23.692	rmnet_data2	0	0
10:47:23.692	rmnet_data1	1488	1792
10:47:23.692	rmnet_data0	2703	4489
10:47:23.692	wlan0	1323220	19388126
10:47:24.742	rmnet_ipa0	19620	23238
10:47:24.742	rmnet_data2	0	0
10:47:24.742	rmnet_data1	1488	1792
10:47:24.742	rmnet_data0	2703	4489
10:47:24.742	wlan0	1323220	19388126
10:47:25.787	rmnet_ipa0	19620	23238
10:47:25.787	rmnet_data2	0	0
10:47:25.787	rmnet_data1	1488	1792
10:47:25.787	rmnet_data0	2703	4489
10:47:25.787	wlan0	1323220	19388126
10:47:26.833	rmnet_ipa0	19620	23238
10:47:26.833	rmnet_data2	0	0
10:47:26.833	rmnet_data1	1488	1792
10:47:26.833	rmnet_data0	2703	4489
10:47:26.833	wlan0	1323220	19388628
10:47:27.865	rmnet_ipa0	19620	23238
10:47:27.865	rmnet_data2	0	0
10:47:27.865	rmnet_data1	1488	1792
10:47:27.865	rmnet_data0	2703	4489
10:47:27.865	wlan0	1323395	19388694
10:47:28.913	rmnet_ipa0	19620	23238
10:47:28.913	rmnet_data2	0	0
10:47:28.913	rmnet_data1	1488	1792
10:47:28.913	rmnet_data0	2703	4489
10:47:28.913	wlan0	1323511	19388949
10:47:29.958	rmnet_ipa0	19620	23238
10:47:29.958	rmnet_data2	0	0
10:47:29.958	rmnet_data1	1488	1792
10:47:29.958	rmnet_data0	2703	4489
10:47:29.958	wlan0	1323563	19388949
10:47:31.000	rmnet_ipa0	19620	23238
10:47:31.000	rmnet_data2	0	0
10:47:31.000	rmnet_data1	1488	1792
10:47:31.000	rmnet_data0	2703	4489
10:47:31.000	wlan0	1323563	19388949
10:47:32.046	rmnet_ipa0	19620	23238
10:47:32.046	rmnet_data2	0	0
10:47:32.046	rmnet_data1	1488	1792
10:47:32.046	rmnet_data0	2703	4489
10:47:32.046	wlan0	1323563	19388949
10:47:33.094	rmnet_ipa0	19620	23238
10:47:33.094	rmnet_data2	0	0
10:47:33.094	rmnet_data1	1488	1792
10:47:33.094	rmnet_data0	2703	4489
10:47:33.094	wlan0	1323563	19388949
10:47:34.142	rmnet_ipa0	19620	23238
10:47:34.142	rmnet_data2	0	0
10:47:34.142	rmnet_data1	1488	1792
10:47:34.142	rmnet_data0	2703	4489
10:47:34.142	wlan0	1323563	19388949
10:47:35.186	rmnet_ipa0	19620	23238
10:47:35.186	rmnet_data2	0	0
10:47:35.186	rmnet_data1	1488	1792
10:47:35.186	rmnet_data0	2703	4489
10:47:35.186	wlan0	1323563	19388949
10:47:36.234	rmnet_ipa0	19620	23238
10:47:36.234	rmnet_data2	0	0
10:47:36.234	rmnet_data1	1488	1792
10:47:36.234	rmnet_data0	2703	4489
10:47:36.234	wlan0	1323563	19388949
10:47:37.281	rmnet_ipa0	19620	23238
10:47:37.281	rmnet_data2	0	0
10:47:37.281	rmnet_data1	1488	1792
10:47:37.281	rmnet_data0	2703	4489
10:47:37.281	wlan0	1323563	19390037
10:47:38.327	rmnet_ipa0	19620	23238
10:47:38.327	rmnet_data2	0	0
10:47:38.327	rmnet_data1	1488	1792
10:47:38.327	rmnet_data0	2703	4489
10:47:38.327	wlan0	1325804	19390636
10:47:39.374	rmnet_ipa0	19620	23238
10:47:39.374	rmnet_data2	0	0
10:47:39.374	rmnet_data1	1488	1792
10:47:39.374	rmnet_data0	2703	4489
10:47:39.374	wlan0	1325804	19390636
10:47:40.421	rmnet_ipa0	19620	23238
10:47:40.421	rmnet_data2	0	0
10:47:40.421	rmnet_data1	1488	1792
10:47:40.421	rmnet_data0	2703	4489
10:47:40.421	wlan0	1325804	19390636
10:47:41.466	rmnet_ipa0	19620	23238
10:47:41.466	rmnet_data2	0	0
10:47:41.466	rmnet_data1	1488	1792
10:47:41.466	rmnet_data0	2703	4489
10:47:41.466	wlan0	1325804	19390636
10:47:42.511	rmnet_ipa0	19620	23238
10:47:42.511	rmnet_data2	0	0
10:47:42.511	rmnet_data1	1488	1792
10:47:42.511	rmnet_data0	2703	4489
10:47:42.511	wlan0	1325804	19391180
10:47:43.550	rmnet_ipa0	19620	23238
10:47:43.550	rmnet_data2	0	0
10:47:43.550	rmnet_data1	1488	1792
10:47:43.550	rmnet_data0	2703	4489
10:47:43.550	wlan0	1326007	19391288
10:47:44.597	rmnet_ipa0	19620	23238
10:47:44.597	rmnet_data2	0	0
10:47:44.597	rmnet_data1	1488	1792
10:47:44.597	rmnet_data0	2703	4489
10:47:44.597	wlan0	1326123	19391617
10:47:45.636	rmnet_ipa0	19620	23238
10:47:45.636	rmnet_data2	0	0
10:47:45.636	rmnet_data1	1488	1792
10:47:45.636	rmnet_data0	2703	4489
10:47:45.636	wlan0	1326215	19391659
10:47:46.684	rmnet_ipa0	19620	23238
10:47:46.684	rmnet_data2	0	0
10:47:46.684	rmnet_data1	1488	1792
10:47:46.684	rmnet_data0	2703	4489
10:47:46.684	wlan0	1326243	19391659
10:47:47.730	rmnet_ipa0	19620	23238
10:47:47.730	rmnet_data2	0	0
10:47:47.730	rmnet_data1	1488	1792
10:47:47.730	rmnet_data0	2703	4489
10:47:47.730	wlan0	1326243	19391659
10:47:48.763	rmnet_ipa0	19620	23238
10:47:48.763	rmnet_data2	0	0
10:47:48.763	rmnet_data1	1488	1792
10:47:48.763	rmnet_data0	2703	4489
10:47:48.763	wlan0	1326243	19391659
10:47:49.791	rmnet_ipa0	19620	23238
10:47:49.791	rmnet_data2	0	0
10:47:49.791	rmnet_data1	1488	1792
10:47:49.791	rmnet_data0	2703	4489
10:47:49.791	wlan0	1326243	19391659
10:47:50.838	rmnet_ipa0	19620	23238
10:47:50.838	rmnet_data2	0	0
10:47:50.838	rmnet_data1	1488	1792
10:47:50.838	rmnet_data0	2703	4489
10:47:50.838	wlan0	1326243	19391762
10:47:51.890	rmnet_ipa0	19620	23238
10:47:51.890	rmnet_data2	0	0
10:47:51.890	rmnet_data1	1488	1792
10:47:51.890	rmnet_data0	2703	4489
10:47:51.890	wlan0	1326336	19392006
10:47:52.938	rmnet_ipa0	19620	23238
10:47:52.938	rmnet_data2	0	0
10:47:52.938	rmnet_data1	1488	1792
10:47:52.938	rmnet_data0	2703	4489
10:47:52.938	wlan0	1326518	19397389
10:47:53.985	rmnet_ipa0	19620	23238
10:47:53.985	rmnet_data2	0	0
10:47:53.985	rmnet_data1	1488	1792
10:47:53.985	rmnet_data0	2703	4489
10:47:53.985	wlan0	1336686	19400712
10:47:55.028	rmnet_ipa0	19620	23238
10:47:55.028	rmnet_data2	0	0
10:47:55.028	rmnet_data1	1488	1792
10:47:55.028	rmnet_data0	2703	4489
10:47:55.028	wlan0	1337539	19400888
10:47:56.075	rmnet_ipa0	19620	23238
10:47:56.075	rmnet_data2	0	0
10:47:56.075	rmnet_data1	1488	1792
10:47:56.075	rmnet_data0	2703	4489
10:47:56.075	wlan0	1337707	19401236
10:47:57.124	rmnet_ipa0	19620	23238
10:47:57.124	rmnet_data2	0	0
10:47:57.124	rmnet_data1	1488	1792
10:47:57.124	rmnet_data0	2703	4489
10:47:57.124	wlan0	1337783	19401402
10:47:58.161	rmnet_ipa0	19620	23238
10:47:58.161	rmnet_data2	0	0
10:47:58.161	rmnet_data1	1488	1792
10:47:58.161	rmnet_data0	2703	4489
10:47:58.161	wlan0	1337930	19401468
10:47:59.200	rmnet_ipa0	19620	23238
10:47:59.200	rmnet_data2	0	0
10:47:59.200	rmnet_data1	1488	1792
10:47:59.200	rmnet_data0	2703	4489
10:47:59.200	wlan0	1337930	19401468
10:48:00.244	rmnet_ipa0	19620	23238
10:48:00.244	rmnet_data2	0	0
10:48:00.244	rmnet_data1	1488	1792
10:48:00.244	rmnet_data0	2703	4489
10:48:00.244	wlan0	1337930	19401468
10:48:01.294	rmnet_ipa0	19620	23238
10:48:01.294	rmnet_data2	0	0
10:48:01.294	rmnet_data1	1488	1792
10:48:01.294	rmnet_data0	2703	4489
10:48:01.294	wlan0	1337930	19401468
10:48:02.339	rmnet_ipa0	19620	23238
10:48:02.339	rmnet_data2	0	0
10:48:02.339	rmnet_data1	1488	1792
10:48:02.339	rmnet_data0	2703	4489
10:48:02.339	wlan0	1337930	19401468
10:48:03.383	rmnet_ipa0	19620	23238
10:48:03.383	rmnet_data2	0	0
10:48:03.383	rmnet_data1	1488	1792
10:48:03.383	rmnet_data0	2703	4489
10:48:03.383	wlan0	1337930	19401468
10:48:04.422	rmnet_ipa0	19620	23238
10:48:04.422	rmnet_data2	0	0
10:48:04.422	rmnet_data1	1488	1792
10:48:04.422	rmnet_data0	2703	4489
10:48:04.422	wlan0	1337930	19401468
10:48:05.472	rmnet_ipa0	19620	23238
10:48:05.472	rmnet_data2	0	0
10:48:05.472	rmnet_data1	1488	1792
10:48:05.472	rmnet_data0	2703	4489
10:48:05.472	wlan0	1337930	19401468
10:48:06.517	rmnet_ipa0	19620	23238
10:48:06.517	rmnet_data2	0	0
10:48:06.517	rmnet_data1	1488	1792
10:48:06.517	rmnet_data0	2703	4489
10:48:06.517	wlan0	1337930	19401468
10:48:07.559	rmnet_ipa0	19620	23238
10:48:07.559	rmnet_data2	0	0
10:48:07.559	rmnet_data1	1488	1792
10:48:07.559	rmnet_data0	2703	4489
10:48:07.559	wlan0	1337930	19401534
10:48:08.608	rmnet_ipa0	19620	23238
10:48:08.608	rmnet_data2	0	0
10:48:08.608	rmnet_data1	1488	1792
10:48:08.608	rmnet_data0	2703	4489
10:48:08.608	wlan0	1337982	19401534
10:48:09.650	rmnet_ipa0	19620	23238
10:48:09.650	rmnet_data2	0	0
10:48:09.650	rmnet_data1	1488	1792
10:48:09.650	rmnet_data0	2703	4489
10:48:09.650	wlan0	1337982	19401576
10:48:10.683	rmnet_ipa0	19620	23238
10:48:10.683	rmnet_data2	0	0
10:48:10.683	rmnet_data1	1488	1792
10:48:10.683	rmnet_data0	2703	4489
10:48:10.683	wlan0	1338010	19401618
10:48:11.730	rmnet_ipa0	19620	23238
10:48:11.730	rmnet_data2	0	0
10:48:11.730	rmnet_data1	1488	1792
10:48:11.730	rmnet_data0	2703	4489
10:48:11.730	wlan0	1338066	19401660
10:48:12.776	rmnet_ipa0	19620	23238
10:48:12.776	rmnet_data2	0	0
10:48:12.776	rmnet_data1	1488	1792
10:48:12.776	rmnet_data0	2703	4489
10:48:12.776	wlan0	1338066	19401660
10:48:13.823	rmnet_ipa0	19620	23238
10:48:13.823	rmnet_data2	0	0
10:48:13.823	rmnet_data1	1488	1792
10:48:13.823	rmnet_data0	2703	4489
10:48:13.823	wlan0	1338066	19401660
10:48:14.872	rmnet_ipa0	19620	23238
10:48:14.872	rmnet_data2	0	0
10:48:14.872	rmnet_data1	1488	1792
10:48:14.872	rmnet_data0	2703	4489
10:48:14.872	wlan0	1338094	19401702
10:48:15.915	rmnet_ipa0	19620	23238
10:48:15.915	rmnet_data2	0	0
10:48:15.915	rmnet_data1	1488	1792
10:48:15.915	rmnet_data0	2703	4489
10:48:15.915	wlan0	1338094	19401702
10:48:16.963	rmnet_ipa0	19620	23238
10:48:16.963	rmnet_data2	0	0
10:48:16.963	rmnet_data1	1488	1792
10:48:16.963	rmnet_data0	2703	4489
10:48:16.963	wlan0	1338094	19401702
10:48:18.014	rmnet_ipa0	19620	23238
10:48:18.014	rmnet_data2	0	0
10:48:18.014	rmnet_data1	1488	1792
10:48:18.014	rmnet_data0	2703	4489
10:48:18.014	wlan0	1338094	19401702
10:48:19.064	rmnet_ipa0	19620	23238
10:48:19.064	rmnet_data2	0	0
10:48:19.064	rmnet_data1	1488	1792
10:48:19.064	rmnet_data0	2703	4489
10:48:19.064	wlan0	1338094	19401768
10:48:20.110	rmnet_ipa0	19620	23238
10:48:20.110	rmnet_data2	0	0
10:48:20.110	rmnet_data1	1488	1792
10:48:20.110	rmnet_data0	2703	4489
10:48:20.110	wlan0	1338146	19401768
10:48:21.158	rmnet_ipa0	19620	23238
10:48:21.158	rmnet_data2	0	0
10:48:21.158	rmnet_data1	1488	1792
10:48:21.158	rmnet_data0	2703	4489
10:48:21.158	wlan0	1338146	19401871
10:48:22.206	rmnet_ipa0	19620	23238
10:48:22.206	rmnet_data2	0	0
10:48:22.206	rmnet_data1	1488	1792
10:48:22.206	rmnet_data0	2703	4489
10:48:22.206	wlan0	1338239	19401937
10:48:23.252	rmnet_ipa0	19620	23238
10:48:23.252	rmnet_data2	0	0
10:48:23.252	rmnet_data1	1488	1792
10:48:23.252	rmnet_data0	2703	4489
10:48:23.252	wlan0	1338239	19401937
10:48:24.285	rmnet_ipa0	19620	23238
10:48:24.285	rmnet_data2	0	0
10:48:24.285	rmnet_data1	1488	1792
10:48:24.285	rmnet_data0	2703	4489
10:48:24.285	wlan0	1338239	19401937
10:48:25.326	rmnet_ipa0	19620	23238
10:48:25.326	rmnet_data2	0	0
10:48:25.326	rmnet_data1	1488	1792
10:48:25.326	rmnet_data0	2703	4489
10:48:25.326	wlan0	1338239	19401937
10:48:26.374	rmnet_ipa0	19620	23238
10:48:26.374	rmnet_data2	0	0
10:48:26.374	rmnet_data1	1488	1792
10:48:26.374	rmnet_data0	2703	4489
10:48:26.374	wlan0	1338239	19401937
10:48:27.422	rmnet_ipa0	19620	23238
10:48:27.422	rmnet_data2	0	0
10:48:27.422	rmnet_data1	1488	1792
10:48:27.422	rmnet_data0	2703	4489
10:48:27.422	wlan0	1338239	19401937
10:48:28.469	rmnet_ipa0	19620	23238
10:48:28.469	rmnet_data2	0	0
10:48:28.469	rmnet_data1	1488	1792
10:48:28.469	rmnet_data0	2703	4489
10:48:28.469	wlan0	1338239	19401937
10:48:29.502	rmnet_ipa0	19620	23238
10:48:29.502	rmnet_data2	0	0
10:48:29.502	rmnet_data1	1488	1792
10:48:29.502	rmnet_data0	2703	4489
10:48:29.502	wlan0	1338239	19402003
10:48:30.548	rmnet_ipa0	19620	23238
10:48:30.548	rmnet_data2	0	0
10:48:30.548	rmnet_data1	1488	1792
10:48:30.548	rmnet_data0	2703	4489
10:48:30.548	wlan0	1338291	19402003
10:48:31.596	rmnet_ipa0	19620	23238
10:48:31.596	rmnet_data2	0	0
10:48:31.596	rmnet_data1	1488	1792
10:48:31.596	rmnet_data0	2703	4489
10:48:31.596	wlan0	1338291	19402003
10:48:32.639	rmnet_ipa0	19620	23238
10:48:32.639	rmnet_data2	0	0
10:48:32.639	rmnet_data1	1488	1792
10:48:32.639	rmnet_data0	2703	4489
10:48:32.639	wlan0	1338291	19402003
10:48:33.682	rmnet_ipa0	19620	23238
10:48:33.682	rmnet_data2	0	0
10:48:33.682	rmnet_data1	1488	1792
10:48:33.682	rmnet_data0	2703	4489
10:48:33.682	wlan0	1338291	19402003
10:48:34.733	rmnet_ipa0	19620	23238
10:48:34.733	rmnet_data2	0	0
10:48:34.733	rmnet_data1	1488	1792
10:48:34.733	rmnet_data0	2703	4489
10:48:34.733	wlan0	1338291	19402003
10:48:35.779	rmnet_ipa0	19620	23238
10:48:35.779	rmnet_data2	0	0
10:48:35.779	rmnet_data1	1488	1792
10:48:35.779	rmnet_data0	2703	4489
10:48:35.779	wlan0	1338291	19402003
10:48:36.824	rmnet_ipa0	19620	23238
10:48:36.824	rmnet_data2	0	0
10:48:36.824	rmnet_data1	1488	1792
10:48:36.824	rmnet_data0	2703	4489
10:48:36.824	wlan0	1338291	19402003
10:48:37.869	rmnet_ipa0	19620	23238
10:48:37.869	rmnet_data2	0	0
10:48:37.869	rmnet_data1	1488	1792
10:48:37.869	rmnet_data0	2703	4489
10:48:37.869	wlan0	1338291	19402003
10:48:38.916	rmnet_ipa0	19620	23238
10:48:38.916	rmnet_data2	0	0
10:48:38.916	rmnet_data1	1488	1792
10:48:38.916	rmnet_data0	2703	4489
10:48:38.916	wlan0	1338291	19402003
10:48:39.961	rmnet_ipa0	19620	23238
10:48:39.961	rmnet_data2	0	0
10:48:39.961	rmnet_data1	1488	1792
10:48:39.961	rmnet_data0	2703	4489
10:48:39.961	wlan0	1338291	19402003
10:48:41.008	rmnet_ipa0	19620	23238
10:48:41.008	rmnet_data2	0	0
10:48:41.008	rmnet_data1	1488	1792
10:48:41.008	rmnet_data0	2703	4489
10:48:41.008	wlan0	1338291	19402069
10:48:42.055	rmnet_ipa0	19620	23238
10:48:42.055	rmnet_data2	0	0
10:48:42.055	rmnet_data1	1488	1792
10:48:42.055	rmnet_data0	2703	4489
10:48:42.055	wlan0	1338343	19402069
10:48:43.086	rmnet_ipa0	19620	23238
10:48:43.086	rmnet_data2	0	0
10:48:43.086	rmnet_data1	1488	1792
10:48:43.086	rmnet_data0	2703	4489
10:48:43.086	wlan0	1338343	19402069
10:48:44.132	rmnet_ipa0	19620	23238
10:48:44.132	rmnet_data2	0	0
10:48:44.132	rmnet_data1	1488	1792
10:48:44.132	rmnet_data0	2703	4489
10:48:44.132	wlan0	1338343	19402069
10:48:45.179	rmnet_ipa0	19620	23238
10:48:45.179	rmnet_data2	0	0
10:48:45.179	rmnet_data1	1488	1792
10:48:45.179	rmnet_data0	2703	4489
10:48:45.179	wlan0	1338343	19402069
10:48:46.226	rmnet_ipa0	19620	23238
10:48:46.226	rmnet_data2	0	0
10:48:46.226	rmnet_data1	1488	1792
10:48:46.226	rmnet_data0	2703	4489
10:48:46.226	wlan0	1338371	19402111
10:48:47.267	rmnet_ipa0	19620	23238
10:48:47.267	rmnet_data2	0	0
10:48:47.267	rmnet_data1	1488	1792
10:48:47.267	rmnet_data0	2703	4489
10:48:47.267	wlan0	1338371	19402111
10:48:48.297	rmnet_ipa0	19620	23238
10:48:48.297	rmnet_data2	0	0
10:48:48.297	rmnet_data1	1488	1792
10:48:48.297	rmnet_data0	2703	4489
10:48:48.297	wlan0	1338371	19402111
10:48:49.342	rmnet_ipa0	19620	23238
10:48:49.342	rmnet_data2	0	0
10:48:49.342	rmnet_data1	1488	1792
10:48:49.342	rmnet_data0	2703	4489
10:48:49.342	wlan0	1338371	19402111
10:48:50.386	rmnet_ipa0	19620	23238
10:48:50.386	rmnet_data2	0	0
10:48:50.386	rmnet_data1	1488	1792
10:48:50.386	rmnet_data0	2703	4489
10:48:50.386	wlan0	1338371	19402111
10:48:51.431	rmnet_ipa0	19620	23238
10:48:51.431	rmnet_data2	0	0
10:48:51.431	rmnet_data1	1488	1792
10:48:51.431	rmnet_data0	2703	4489
10:48:51.431	wlan0	1338371	19402177
10:48:52.478	rmnet_ipa0	19620	23238
10:48:52.478	rmnet_data2	0	0
10:48:52.478	rmnet_data1	1488	1792
10:48:52.478	rmnet_data0	2703	4489
10:48:52.478	wlan0	1338423	19402280
10:48:53.525	rmnet_ipa0	19620	23238
10:48:53.525	rmnet_data2	0	0
10:48:53.525	rmnet_data1	1488	1792
10:48:53.525	rmnet_data0	2703	4489
10:48:53.525	wlan0	1338516	19402346
10:48:54.578	rmnet_ipa0	19620	23238
10:48:54.578	rmnet_data2	0	0
10:48:54.578	rmnet_data1	1488	1792
10:48:54.578	rmnet_data0	2703	4489
10:48:54.578	wlan0	1338516	19402346
10:48:55.621	rmnet_ipa0	19620	23238
10:48:55.621	rmnet_data2	0	0
10:48:55.621	rmnet_data1	1488	1792
10:48:55.621	rmnet_data0	2703	4489
10:48:55.621	wlan0	1338516	19402346
10:48:56.667	rmnet_ipa0	19620	23238
10:48:56.667	rmnet_data2	0	0
10:48:56.667	rmnet_data1	1488	1792
10:48:56.667	rmnet_data0	2703	4489
10:48:56.667	wlan0	1338592	19402506
10:48:57.711	rmnet_ipa0	19620	23238
10:48:57.711	rmnet_data2	0	0
10:48:57.711	rmnet_data1	1488	1792
10:48:57.711	rmnet_data0	2703	4489
10:48:57.711	wlan0	1338644	19402506
10:48:58.756	rmnet_ipa0	19620	23238
10:48:58.756	rmnet_data2	0	0
10:48:58.756	rmnet_data1	1488	1792
10:48:58.756	rmnet_data0	2703	4489
10:48:58.756	wlan0	1338644	19402506
10:48:59.801	rmnet_ipa0	19620	23238
10:48:59.801	rmnet_data2	0	0
10:48:59.801	rmnet_data1	1488	1792
10:48:59.801	rmnet_data0	2703	4489
10:48:59.801	wlan0	1338644	19402506
10:49:00.845	rmnet_ipa0	19620	23238
10:49:00.845	rmnet_data2	0	0
10:49:00.845	rmnet_data1	1488	1792
10:49:00.845	rmnet_data0	2703	4489
10:49:00.845	wlan0	1338644	19402506
10:49:01.875	rmnet_ipa0	19620	23238
10:49:01.875	rmnet_data2	0	0
10:49:01.875	rmnet_data1	1488	1792
10:49:01.875	rmnet_data0	2703	4489
10:49:01.875	wlan0	1338644	19402572
10:49:02.925	rmnet_ipa0	19620	23238
10:49:02.925	rmnet_data2	0	0
10:49:02.925	rmnet_data1	1488	1792
10:49:02.925	rmnet_data0	2703	4489
10:49:02.925	wlan0	1338696	19402572
10:49:03.974	rmnet_ipa0	19620	23238
10:49:03.974	rmnet_data2	0	0
10:49:03.974	rmnet_data1	1488	1792
10:49:03.974	rmnet_data0	2703	4489
10:49:03.974	wlan0	1338696	19402572
10:49:05.019	rmnet_ipa0	19620	23238
10:49:05.019	rmnet_data2	0	0
10:49:05.019	rmnet_data1	1488	1792
10:49:05.019	rmnet_data0	2703	4489
10:49:05.019	wlan0	1338696	19402572
10:49:06.071	rmnet_ipa0	19620	23238
10:49:06.071	rmnet_data2	0	0
10:49:06.071	rmnet_data1	1488	1792
10:49:06.071	rmnet_data0	2703	4489
10:49:06.071	wlan0	1338696	19402572
10:49:07.113	rmnet_ipa0	19620	23238
10:49:07.113	rmnet_data2	0	0
10:49:07.113	rmnet_data1	1488	1792
10:49:07.113	rmnet_data0	2703	4489
10:49:07.113	wlan0	1338896	19402572
10:49:08.154	rmnet_ipa0	19620	23238
10:49:08.154	rmnet_data2	0	0
10:49:08.154	rmnet_data1	1488	1792
10:49:08.154	rmnet_data0	2703	4489
10:49:08.154	wlan0	1338896	19402572
10:49:09.196	rmnet_ipa0	19620	23238
10:49:09.196	rmnet_data2	0	0
10:49:09.196	rmnet_data1	1488	1792
10:49:09.196	rmnet_data0	2703	4489
10:49:09.196	wlan0	1339096	19402572
10:49:10.243	rmnet_ipa0	19620	23238
10:49:10.243	rmnet_data2	0	0
10:49:10.243	rmnet_data1	1488	1792
10:49:10.243	rmnet_data0	2703	4489
10:49:10.243	wlan0	1339124	19402656
10:49:11.289	rmnet_ipa0	19620	23238
10:49:11.289	rmnet_data2	0	0
10:49:11.289	rmnet_data1	1488	1792
10:49:11.289	rmnet_data0	2703	4489
10:49:11.289	wlan0	1339152	19402698
10:49:12.334	rmnet_ipa0	19620	23238
10:49:12.334	rmnet_data2	0	0
10:49:12.334	rmnet_data1	1488	1792
10:49:12.334	rmnet_data0	2703	4489
10:49:12.334	wlan0	1339180	19402698
10:49:13.380	rmnet_ipa0	19620	23238
10:49:13.380	rmnet_data2	0	0
10:49:13.380	rmnet_data1	1488	1792
10:49:13.380	rmnet_data0	2703	4489
10:49:13.380	wlan0	1339180	19402764
10:49:14.427	rmnet_ipa0	19620	23238
10:49:14.427	rmnet_data2	0	0
10:49:14.427	rmnet_data1	1488	1792
10:49:14.427	rmnet_data0	2703	4489
10:49:14.427	wlan0	1339260	19402806
10:49:15.459	rmnet_ipa0	19620	23238
10:49:15.459	rmnet_data2	0	0
10:49:15.459	rmnet_data1	1488	1792
10:49:15.459	rmnet_data0	2703	4489
10:49:15.459	wlan0	1339260	19402806
10:49:16.508	rmnet_ipa0	19620	23238
10:49:16.508	rmnet_data2	0	0
10:49:16.508	rmnet_data1	1488	1792
10:49:16.508	rmnet_data0	2703	4489
10:49:16.508	wlan0	1339260	19402806
10:49:17.556	rmnet_ipa0	19620	23238
10:49:17.556	rmnet_data2	0	0
10:49:17.556	rmnet_data1	1488	1792
10:49:17.556	rmnet_data0	2703	4489
10:49:17.556	wlan0	1339260	19402806
10:49:18.608	rmnet_ipa0	19620	23238
10:49:18.608	rmnet_data2	0	0
10:49:18.608	rmnet_data1	1488	1792
10:49:18.608	rmnet_data0	2703	4489
10:49:18.608	wlan0	1339260	19402806
10:49:19.655	rmnet_ipa0	19620	23238
10:49:19.655	rmnet_data2	0	0
10:49:19.655	rmnet_data1	1488	1792
10:49:19.655	rmnet_data0	2703	4489
10:49:19.655	wlan0	1339260	19402806
10:49:20.693	rmnet_ipa0	19620	23238
10:49:20.693	rmnet_data2	0	0
10:49:20.693	rmnet_data1	1488	1792
10:49:20.693	rmnet_data0	2703	4489
10:49:20.693	wlan0	1339260	19402806
10:49:21.740	rmnet_ipa0	19620	23238
10:49:21.740	rmnet_data2	0	0
10:49:21.740	rmnet_data1	1488	1792
10:49:21.740	rmnet_data0	2703	4489
10:49:21.740	wlan0	1339260	19402806
10:49:22.784	rmnet_ipa0	19620	23238
10:49:22.784	rmnet_data2	0	0
10:49:22.784	rmnet_data1	1488	1792
10:49:22.784	rmnet_data0	2703	4489
10:49:22.784	wlan0	1339260	19402909
10:49:23.832	rmnet_ipa0	19620	23238
10:49:23.832	rmnet_data2	0	0
10:49:23.832	rmnet_data1	1488	1792
10:49:23.832	rmnet_data0	2703	4489
10:49:23.832	wlan0	1339353	19403041
10:49:24.878	rmnet_ipa0	19620	23238
10:49:24.878	rmnet_data2	0	0
10:49:24.878	rmnet_data1	1488	1792
10:49:24.878	rmnet_data0	2703	4489
10:49:24.878	wlan0	1339405	19403041
10:49:25.930	rmnet_ipa0	19620	23238
10:49:25.930	rmnet_data2	0	0
10:49:25.930	rmnet_data1	1488	1792
10:49:25.930	rmnet_data0	2703	4489
10:49:25.930	wlan0	1339405	19403041
10:49:26.974	rmnet_ipa0	19620	23238
10:49:26.974	rmnet_data2	0	0
10:49:26.974	rmnet_data1	1488	1792
10:49:26.974	rmnet_data0	2703	4489
10:49:26.974	wlan0	1339405	19403041
10:49:28.021	rmnet_ipa0	19620	23238
10:49:28.021	rmnet_data2	0	0
10:49:28.021	rmnet_data1	1488	1792
10:49:28.021	rmnet_data0	2703	4489
10:49:28.021	wlan0	1339405	19403041
10:49:29.070	rmnet_ipa0	19620	23238
10:49:29.070	rmnet_data2	0	0
10:49:29.070	rmnet_data1	1488	1792
10:49:29.070	rmnet_data0	2703	4489
10:49:29.070	wlan0	1339405	19403041
10:49:30.115	rmnet_ipa0	19620	23238
10:49:30.115	rmnet_data2	0	0
10:49:30.115	rmnet_data1	1488	1792
10:49:30.115	rmnet_data0	2703	4489
10:49:30.115	wlan0	1339405	19403041
10:49:31.159	rmnet_ipa0	19620	23238
10:49:31.159	rmnet_data2	0	0
10:49:31.159	rmnet_data1	1488	1792
10:49:31.159	rmnet_data0	2703	4489
10:49:31.159	wlan0	1339405	19403041
10:49:32.205	rmnet_ipa0	19620	23238
10:49:32.205	rmnet_data2	0	0
10:49:32.205	rmnet_data1	1488	1792
10:49:32.205	rmnet_data0	2703	4489
10:49:32.205	wlan0	1339405	19403041
10:49:33.251	rmnet_ipa0	19620	23238
10:49:33.251	rmnet_data2	0	0
10:49:33.251	rmnet_data1	1488	1792
10:49:33.251	rmnet_data0	2703	4489
10:49:33.251	wlan0	1339405	19403041
10:49:34.282	rmnet_ipa0	19620	23238
10:49:34.282	rmnet_data2	0	0
10:49:34.282	rmnet_data1	1488	1792
10:49:34.282	rmnet_data0	2703	4489
10:49:34.282	wlan0	1339405	19403041
10:49:35.330	rmnet_ipa0	19620	23238
10:49:35.330	rmnet_data2	0	0
10:49:35.330	rmnet_data1	1488	1792
10:49:35.330	rmnet_data0	2703	4489
10:49:35.330	wlan0	1339405	19403107
10:49:36.370	rmnet_ipa0	19620	23238
10:49:36.370	rmnet_data2	0	0
10:49:36.370	rmnet_data1	1488	1792
10:49:36.370	rmnet_data0	2703	4489
10:49:36.370	wlan0	1339405	19403107
10:49:37.421	rmnet_ipa0	19620	23238
10:49:37.421	rmnet_data2	0	0
10:49:37.421	rmnet_data1	1488	1792
10:49:37.421	rmnet_data0	2703	4489
10:49:37.421	wlan0	1339405	19403107
10:49:38.469	rmnet_ipa0	19620	23238
10:49:38.469	rmnet_data2	0	0
10:49:38.469	rmnet_data1	1488	1792
10:49:38.469	rmnet_data0	2703	4489
10:49:38.469	wlan0	1339405	19403107
10:49:39.515	rmnet_ipa0	19620	23238
10:49:39.515	rmnet_data2	0	0
10:49:39.515	rmnet_data1	1488	1792
10:49:39.515	rmnet_data0	2703	4489
10:49:39.515	wlan0	1339405	19403107
10:49:40.559	rmnet_ipa0	19620	23238
10:49:40.559	rmnet_data2	0	0
10:49:40.559	rmnet_data1	1488	1792
10:49:40.559	rmnet_data0	2703	4489
10:49:40.559	wlan0	1339405	19403107
10:49:41.605	rmnet_ipa0	19620	23238
10:49:41.605	rmnet_data2	0	0
10:49:41.605	rmnet_data1	1488	1792
10:49:41.605	rmnet_data0	2703	4489
10:49:41.605	wlan0	1339405	19403107
10:49:42.650	rmnet_ipa0	19620	23238
10:49:42.650	rmnet_data2	0	0
10:49:42.650	rmnet_data1	1488	1792
10:49:42.650	rmnet_data0	2703	4489
10:49:42.650	wlan0	1339405	19403107
10:49:43.696	rmnet_ipa0	19620	23238
10:49:43.696	rmnet_data2	0	0
10:49:43.696	rmnet_data1	1488	1792
10:49:43.696	rmnet_data0	2703	4489
10:49:43.696	wlan0	1339405	19403107
10:49:44.743	rmnet_ipa0	19620	23238
10:49:44.743	rmnet_data2	0	0
10:49:44.743	rmnet_data1	1488	1792
10:49:44.743	rmnet_data0	2703	4489
10:49:44.743	wlan0	1339405	19403173
10:49:45.791	rmnet_ipa0	19620	23238
10:49:45.791	rmnet_data2	0	0
10:49:45.791	rmnet_data1	1488	1792
10:49:45.791	rmnet_data0	2703	4489
10:49:45.791	wlan0	1339457	19403173
10:49:46.836	rmnet_ipa0	19620	23238
10:49:46.836	rmnet_data2	0	0
10:49:46.836	rmnet_data1	1488	1792
10:49:46.836	rmnet_data0	2703	4489
10:49:46.836	wlan0	1339457	19403173
10:49:47.866	rmnet_ipa0	19620	23238
10:49:47.866	rmnet_data2	0	0
10:49:47.866	rmnet_data1	1488	1792
10:49:47.866	rmnet_data0	2703	4489
10:49:47.866	wlan0	1339457	19403173
10:49:48.911	rmnet_ipa0	19620	23238
10:49:48.911	rmnet_data2	0	0
10:49:48.911	rmnet_data1	1488	1792
10:49:48.911	rmnet_data0	2703	4489
10:49:48.911	wlan0	1339457	19403173
10:49:49.954	rmnet_ipa0	19620	23238
10:49:49.954	rmnet_data2	0	0
10:49:49.954	rmnet_data1	1488	1792
10:49:49.954	rmnet_data0	2703	4489
10:49:49.954	wlan0	1339485	19403215
10:49:51.002	rmnet_ipa0	19620	23238
10:49:51.002	rmnet_data2	0	0
10:49:51.002	rmnet_data1	1488	1792
10:49:51.002	rmnet_data0	2703	4489
10:49:51.002	wlan0	1339485	19403215
10:49:52.046	rmnet_ipa0	19620	23238
10:49:52.046	rmnet_data2	0	0
10:49:52.046	rmnet_data1	1488	1792
10:49:52.046	rmnet_data0	2703	4489
10:49:52.046	wlan0	1339485	19403215
10:49:53.079	rmnet_ipa0	19620	23238
10:49:53.079	rmnet_data2	0	0
10:49:53.079	rmnet_data1	1488	1792
10:49:53.079	rmnet_data0	2703	4489
10:49:53.079	wlan0	1339485	19403215
10:49:54.124	rmnet_ipa0	19620	23238
10:49:54.124	rmnet_data2	0	0
10:49:54.124	rmnet_data1	1488	1792
10:49:54.124	rmnet_data0	2703	4489
10:49:54.124	wlan0	1339485	19403318
10:49:55.163	rmnet_ipa0	19620	23238
10:49:55.163	rmnet_data2	0	0
10:49:55.163	rmnet_data1	1488	1792
10:49:55.163	rmnet_data0	2703	4489
10:49:55.163	wlan0	1339578	19403384
10:49:56.213	rmnet_ipa0	19620	23238
10:49:56.213	rmnet_data2	0	0
10:49:56.213	rmnet_data1	1488	1792
10:49:56.213	rmnet_data0	2703	4489
10:49:56.213	wlan0	1339630	19403450
10:49:57.257	rmnet_ipa0	19620	23238
10:49:57.257	rmnet_data2	0	0
10:49:57.257	rmnet_data1	1488	1792
10:49:57.257	rmnet_data0	2703	4489
10:49:57.257	wlan0	1339630	19403450
10:49:58.303	rmnet_ipa0	19620	23238
10:49:58.303	rmnet_data2	0	0
10:49:58.303	rmnet_data1	1488	1792
10:49:58.303	rmnet_data0	2703	4489
10:49:58.303	wlan0	1339630	19403450
10:49:59.350	rmnet_ipa0	19620	23238
10:49:59.350	rmnet_data2	0	0
10:49:59.350	rmnet_data1	1488	1792
10:49:59.350	rmnet_data0	2703	4489
10:49:59.350	wlan0	1339630	19403450
10:50:00.399	rmnet_ipa0	19620	23238
10:50:00.399	rmnet_data2	0	0
10:50:00.399	rmnet_data1	1488	1792
10:50:00.399	rmnet_data0	2703	4489
10:50:00.399	wlan0	1339630	19403450
10:50:01.448	rmnet_ipa0	19620	23238
10:50:01.448	rmnet_data2	0	0
10:50:01.448	rmnet_data1	1488	1792
10:50:01.448	rmnet_data0	2703	4489
10:50:01.448	wlan0	1339630	19403450
10:50:02.492	rmnet_ipa0	19620	23238
10:50:02.492	rmnet_data2	0	0
10:50:02.492	rmnet_data1	1488	1792
10:50:02.492	rmnet_data0	2703	4489
10:50:02.492	wlan0	1339630	19403450
10:50:03.540	rmnet_ipa0	19620	23238
10:50:03.540	rmnet_data2	0	0
10:50:03.540	rmnet_data1	1488	1792
10:50:03.540	rmnet_data0	2703	4489
10:50:03.540	wlan0	1339630	19403450
10:50:04.585	rmnet_ipa0	19620	23238
10:50:04.585	rmnet_data2	0	0
10:50:04.585	rmnet_data1	1488	1792
10:50:04.585	rmnet_data0	2703	4489
10:50:04.585	wlan0	1339630	19403450
10:50:05.632	rmnet_ipa0	19620	23238
10:50:05.632	rmnet_data2	0	0
10:50:05.632	rmnet_data1	1488	1792
10:50:05.632	rmnet_data0	2703	4489
10:50:05.632	wlan0	1339630	19403450
10:50:06.663	rmnet_ipa0	19620	23238
10:50:06.663	rmnet_data2	0	0
10:50:06.663	rmnet_data1	1488	1792
10:50:06.663	rmnet_data0	2703	4489
10:50:06.663	wlan0	1339630	19403516
10:50:07.710	rmnet_ipa0	19620	23238
10:50:07.710	rmnet_data2	0	0
10:50:07.710	rmnet_data1	1488	1792
10:50:07.710	rmnet_data0	2703	4489
10:50:07.710	wlan0	1339682	19403516
10:50:08.755	rmnet_ipa0	19620	23238
10:50:08.755	rmnet_data2	0	0
10:50:08.755	rmnet_data1	1488	1792
10:50:08.755	rmnet_data0	2703	4489
10:50:08.755	wlan0	1339682	19403516
10:50:09.801	rmnet_ipa0	19620	23238
10:50:09.801	rmnet_data2	0	0
10:50:09.801	rmnet_data1	1488	1792
10:50:09.801	rmnet_data0	2703	4489
10:50:09.801	wlan0	1339682	19403558
10:50:10.844	rmnet_ipa0	19620	23238
10:50:10.844	rmnet_data2	0	0
10:50:10.844	rmnet_data1	1488	1792
10:50:10.844	rmnet_data0	2703	4489
10:50:10.844	wlan0	1339710	19403600
10:50:11.876	rmnet_ipa0	19620	23238
10:50:11.876	rmnet_data2	0	0
10:50:11.876	rmnet_data1	1488	1792
10:50:11.876	rmnet_data0	2703	4489
10:50:11.876	wlan0	1339794	19403684
10:50:12.920	rmnet_ipa0	19620	23238
10:50:12.920	rmnet_data2	0	0
10:50:12.920	rmnet_data1	1488	1792
10:50:12.920	rmnet_data0	2703	4489
10:50:12.920	wlan0	1339794	19403684
10:50:13.966	rmnet_ipa0	19620	23238
10:50:13.966	rmnet_data2	0	0
10:50:13.966	rmnet_data1	1488	1792
10:50:13.966	rmnet_data0	2703	4489
10:50:13.966	wlan0	1339794	19403684
10:50:15.011	rmnet_ipa0	19620	23238
10:50:15.011	rmnet_data2	0	0
10:50:15.011	rmnet_data1	1488	1792
10:50:15.011	rmnet_data0	2703	4489
10:50:15.011	wlan0	1339794	19403684
10:50:16.051	rmnet_ipa0	19620	23238
10:50:16.051	rmnet_data2	0	0
10:50:16.051	rmnet_data1	1488	1792
10:50:16.051	rmnet_data0	2703	4489
10:50:16.051	wlan0	1339794	19403840
10:50:17.095	rmnet_ipa0	19620	23238
10:50:17.095	rmnet_data2	0	0
10:50:17.095	rmnet_data1	1488	1792
10:50:17.095	rmnet_data0	2703	4489
10:50:17.095	wlan0	1340014	19404138
10:50:18.143	rmnet_ipa0	19620	23238
10:50:18.143	rmnet_data2	0	0
10:50:18.143	rmnet_data1	1488	1792
10:50:18.143	rmnet_data0	2703	4489
10:50:18.143	wlan0	1340448	19404983
10:50:19.190	rmnet_ipa0	19620	23238
10:50:19.190	rmnet_data2	0	0
10:50:19.190	rmnet_data1	1488	1792
10:50:19.190	rmnet_data0	2703	4489
10:50:19.190	wlan0	1340685	19406164
10:50:20.237	rmnet_ipa0	19620	23238
10:50:20.237	rmnet_data2	0	0
10:50:20.237	rmnet_data1	1488	1792
10:50:20.237	rmnet_data0	2703	4489
10:50:20.237	wlan0	1341776	19406296
10:50:21.286	rmnet_ipa0	19620	23238
10:50:21.286	rmnet_data2	0	0
10:50:21.286	rmnet_data1	1488	1792
10:50:21.286	rmnet_data0	2703	4489
10:50:21.286	wlan0	1341828	19406362
10:50:22.331	rmnet_ipa0	19620	23238
10:50:22.331	rmnet_data2	0	0
10:50:22.331	rmnet_data1	1488	1792
10:50:22.331	rmnet_data0	2703	4489
10:50:22.331	wlan0	1341828	19406362
10:50:23.377	rmnet_ipa0	19620	23238
10:50:23.377	rmnet_data2	0	0
10:50:23.377	rmnet_data1	1488	1792
10:50:23.377	rmnet_data0	2703	4489
10:50:23.377	wlan0	1341828	19406362
10:50:24.422	rmnet_ipa0	19620	23238
10:50:24.422	rmnet_data2	0	0
10:50:24.422	rmnet_data1	1488	1792
10:50:24.422	rmnet_data0	2703	4489
10:50:24.422	wlan0	1341828	19406465
10:50:25.447	rmnet_ipa0	19620	23238
10:50:25.447	rmnet_data2	0	0
10:50:25.447	rmnet_data1	1488	1792
10:50:25.447	rmnet_data0	2703	4489
10:50:25.447	wlan0	1341921	19406531
10:50:26.488	rmnet_ipa0	19620	23238
10:50:26.488	rmnet_data2	0	0
10:50:26.488	rmnet_data1	1488	1792
10:50:26.488	rmnet_data0	2703	4489
10:50:26.488	wlan0	1341921	19406531
10:50:27.527	rmnet_ipa0	19620	23238
10:50:27.527	rmnet_data2	0	0
10:50:27.527	rmnet_data1	1488	1792
10:50:27.527	rmnet_data0	2703	4489
10:50:27.527	wlan0	1342012	19406758
10:50:28.569	rmnet_ipa0	19620	23238
10:50:28.569	rmnet_data2	0	0
10:50:28.569	rmnet_data1	1488	1792
10:50:28.569	rmnet_data0	2703	4489
10:50:28.569	wlan0	1342064	19406758
10:50:29.613	rmnet_ipa0	19620	23238
10:50:29.613	rmnet_data2	0	0
10:50:29.613	rmnet_data1	1488	1792
10:50:29.613	rmnet_data0	2703	4489
10:50:29.613	wlan0	1342064	19406758
10:50:30.649	rmnet_ipa0	19620	23238
10:50:30.649	rmnet_data2	0	0
10:50:30.649	rmnet_data1	1488	1792
10:50:30.649	rmnet_data0	2703	4489
10:50:30.649	wlan0	1342064	19406758
10:50:31.689	rmnet_ipa0	19620	23238
10:50:31.689	rmnet_data2	0	0
10:50:31.689	rmnet_data1	1488	1792
10:50:31.689	rmnet_data0	2703	4489
10:50:31.689	wlan0	1342064	19406758
10:50:32.731	rmnet_ipa0	19620	23238
10:50:32.731	rmnet_data2	0	0
10:50:32.731	rmnet_data1	1488	1792
10:50:32.731	rmnet_data0	2703	4489
10:50:32.731	wlan0	1342064	19406758
10:50:33.774	rmnet_ipa0	19620	23238
10:50:33.774	rmnet_data2	0	0
10:50:33.774	rmnet_data1	1488	1792
10:50:33.774	rmnet_data0	2703	4489
10:50:33.774	wlan0	1342064	19406758
10:50:34.815	rmnet_ipa0	19620	23238
10:50:34.815	rmnet_data2	0	0
10:50:34.815	rmnet_data1	1488	1792
10:50:34.815	rmnet_data0	2703	4489
10:50:34.815	wlan0	1342064	19406758
10:50:35.859	rmnet_ipa0	19620	23238
10:50:35.859	rmnet_data2	0	0
10:50:35.859	rmnet_data1	1488	1792
10:50:35.859	rmnet_data0	2703	4489
10:50:35.859	wlan0	1342064	19406758
10:50:36.898	rmnet_ipa0	19620	23238
10:50:36.898	rmnet_data2	0	0
10:50:36.898	rmnet_data1	1488	1792
10:50:36.898	rmnet_data0	2703	4489
10:50:36.898	wlan0	1342064	19406758
10:50:37.939	rmnet_ipa0	19620	23238
10:50:37.939	rmnet_data2	0	0
10:50:37.939	rmnet_data1	1488	1792
10:50:37.939	rmnet_data0	2703	4489
10:50:37.939	wlan0	1342064	19406758
10:50:38.977	rmnet_ipa0	19620	23238
10:50:38.977	rmnet_data2	0	0
10:50:38.977	rmnet_data1	1488	1792
10:50:38.977	rmnet_data0	2703	4489
10:50:38.977	wlan0	1342064	19406824
10:50:40.021	rmnet_ipa0	19620	23238
10:50:40.021	rmnet_data2	0	0
10:50:40.021	rmnet_data1	1488	1792
10:50:40.021	rmnet_data0	2703	4489
10:50:40.021	wlan0	1342116	19406824
10:50:41.065	rmnet_ipa0	19620	23238
10:50:41.065	rmnet_data2	0	0
10:50:41.065	rmnet_data1	1488	1792
10:50:41.065	rmnet_data0	2703	4489
10:50:41.065	wlan0	1342116	19406824
10:50:42.116	rmnet_ipa0	19620	23238
10:50:42.116	rmnet_data2	0	0
10:50:42.116	rmnet_data1	1488	1792
10:50:42.116	rmnet_data0	2703	4489
10:50:42.116	wlan0	1342116	19410941
10:50:43.159	rmnet_ipa0	19620	23238
10:50:43.159	rmnet_data2	0	0
10:50:43.159	rmnet_data1	1488	1792
10:50:43.159	rmnet_data0	2703	4489
10:50:43.159	wlan0	1342315	19411656
10:50:44.191	rmnet_ipa0	19620	23238
10:50:44.191	rmnet_data2	0	0
10:50:44.191	rmnet_data1	1488	1792
10:50:44.191	rmnet_data0	2703	4489
10:50:44.191	wlan0	1342585	19413298
10:50:45.239	rmnet_ipa0	19620	23238
10:50:45.239	rmnet_data2	0	0
10:50:45.239	rmnet_data1	1488	1792
10:50:45.239	rmnet_data0	2703	4489
10:50:45.239	wlan0	1342874	19414091
10:50:46.283	rmnet_ipa0	19620	23238
10:50:46.283	rmnet_data2	0	0
10:50:46.283	rmnet_data1	1488	1792
10:50:46.283	rmnet_data0	2703	4489
10:50:46.283	wlan0	1343734	19414157
10:50:47.331	rmnet_ipa0	19620	23238
10:50:47.331	rmnet_data2	0	0
10:50:47.331	rmnet_data1	1488	1792
10:50:47.331	rmnet_data0	2703	4489
10:50:47.331	wlan0	1343734	19414157
10:50:48.376	rmnet_ipa0	19620	23238
10:50:48.376	rmnet_data2	0	0
10:50:48.376	rmnet_data1	1488	1792
10:50:48.376	rmnet_data0	2703	4489
10:50:48.376	wlan0	1343734	19414157
10:50:49.421	rmnet_ipa0	19620	23238
10:50:49.421	rmnet_data2	0	0
10:50:49.421	rmnet_data1	1488	1792
10:50:49.421	rmnet_data0	2703	4489
10:50:49.421	wlan0	1343734	19414157
10:50:50.469	rmnet_ipa0	19620	23238
10:50:50.469	rmnet_data2	0	0
10:50:50.469	rmnet_data1	1488	1792
10:50:50.469	rmnet_data0	2703	4489
10:50:50.469	wlan0	1343734	19414157
10:50:51.516	rmnet_ipa0	19620	23238
10:50:51.516	rmnet_data2	0	0
10:50:51.516	rmnet_data1	1488	1792
10:50:51.516	rmnet_data0	2703	4489
10:50:51.516	wlan0	1343734	19414157
10:50:52.563	rmnet_ipa0	19620	23238
10:50:52.563	rmnet_data2	0	0
10:50:52.563	rmnet_data1	1488	1792
10:50:52.563	rmnet_data0	2703	4489
10:50:52.563	wlan0	1343734	19414157
10:50:53.609	rmnet_ipa0	19620	23238
10:50:53.609	rmnet_data2	0	0
10:50:53.609	rmnet_data1	1488	1792
10:50:53.609	rmnet_data0	2703	4489
10:50:53.609	wlan0	1343734	19414223
10:50:54.658	rmnet_ipa0	19620	23238
10:50:54.658	rmnet_data2	0	0
10:50:54.658	rmnet_data1	1488	1792
10:50:54.658	rmnet_data0	2703	4489
10:50:54.658	wlan0	1343786	19414223
10:50:55.708	rmnet_ipa0	19620	23238
10:50:55.708	rmnet_data2	0	0
10:50:55.708	rmnet_data1	1488	1792
10:50:55.708	rmnet_data0	2703	4489
10:50:55.708	wlan0	1343786	19414326
10:50:56.756	rmnet_ipa0	19620	23238
10:50:56.756	rmnet_data2	0	0
10:50:56.756	rmnet_data1	1488	1792
10:50:56.756	rmnet_data0	2703	4489
10:50:56.756	wlan0	1343879	19414392
10:50:57.786	rmnet_ipa0	19620	23238
10:50:57.786	rmnet_data2	0	0
10:50:57.786	rmnet_data1	1488	1792
10:50:57.786	rmnet_data0	2703	4489
10:50:57.786	wlan0	1343879	19414392
10:50:58.830	rmnet_ipa0	19620	23238
10:50:58.830	rmnet_data2	0	0
10:50:58.830	rmnet_data1	1488	1792
10:50:58.830	rmnet_data0	2703	4489
10:50:58.830	wlan0	1343879	19414392
10:50:59.877	rmnet_ipa0	19620	23238
10:50:59.877	rmnet_data2	0	0
10:50:59.877	rmnet_data1	1488	1792
10:50:59.877	rmnet_data0	2703	4489
10:50:59.877	wlan0	1343879	19414392
10:51:00.922	rmnet_ipa0	19620	23238
10:51:00.922	rmnet_data2	0	0
10:51:00.922	rmnet_data1	1488	1792
10:51:00.922	rmnet_data0	2703	4489
10:51:00.922	wlan0	1343879	19414392
10:51:01.966	rmnet_ipa0	19620	23238
10:51:01.966	rmnet_data2	0	0
10:51:01.966	rmnet_data1	1488	1792
10:51:01.966	rmnet_data0	2703	4489
10:51:01.966	wlan0	1343879	19414392
10:51:02.999	rmnet_ipa0	19620	23238
10:51:02.999	rmnet_data2	0	0
10:51:02.999	rmnet_data1	1488	1792
10:51:02.999	rmnet_data0	2703	4489
10:51:02.999	wlan0	1343879	19414392
10:51:04.043	rmnet_ipa0	19620	23238
10:51:04.043	rmnet_data2	0	0
10:51:04.043	rmnet_data1	1488	1792
10:51:04.043	rmnet_data0	2703	4489
10:51:04.043	wlan0	1343879	19414458
10:51:05.082	rmnet_ipa0	19620	23238
10:51:05.082	rmnet_data2	0	0
10:51:05.082	rmnet_data1	1488	1792
10:51:05.082	rmnet_data0	2703	4489
10:51:05.082	wlan0	1343931	19414458
10:51:06.127	rmnet_ipa0	19620	23238
10:51:06.127	rmnet_data2	0	0
10:51:06.127	rmnet_data1	1488	1792
10:51:06.127	rmnet_data0	2703	4489
10:51:06.127	wlan0	1344131	19414458
10:51:07.172	rmnet_ipa0	19620	23238
10:51:07.172	rmnet_data2	0	0
10:51:07.172	rmnet_data1	1488	1792
10:51:07.172	rmnet_data0	2703	4489
10:51:07.172	wlan0	1344131	19414458
10:51:08.215	rmnet_ipa0	19620	23238
10:51:08.215	rmnet_data2	0	0
10:51:08.215	rmnet_data1	1488	1792
10:51:08.215	rmnet_data0	2703	4489
10:51:08.215	wlan0	1344331	19414458
10:51:09.266	rmnet_ipa0	19620	23238
10:51:09.266	rmnet_data2	0	0
10:51:09.266	rmnet_data1	1488	1792
10:51:09.266	rmnet_data0	2703	4489
10:51:09.266	wlan0	1344531	19414500
10:51:10.309	rmnet_ipa0	19620	23238
10:51:10.309	rmnet_data2	0	0
10:51:10.309	rmnet_data1	1488	1792
10:51:10.309	rmnet_data0	2703	4489
10:51:10.309	wlan0	1344559	19414542
10:51:11.355	rmnet_ipa0	19620	23238
10:51:11.355	rmnet_data2	0	0
10:51:11.355	rmnet_data1	1488	1792
10:51:11.355	rmnet_data0	2703	4489
10:51:11.355	wlan0	1344587	19414584
10:51:12.403	rmnet_ipa0	19620	23238
10:51:12.403	rmnet_data2	0	0
10:51:12.403	rmnet_data1	1488	1792
10:51:12.403	rmnet_data0	2703	4489
10:51:12.403	wlan0	1344615	19414584
10:51:13.452	rmnet_ipa0	19620	23238
10:51:13.452	rmnet_data2	0	0
10:51:13.452	rmnet_data1	1488	1792
10:51:13.452	rmnet_data0	2703	4489
10:51:13.452	wlan0	1344615	19414584
10:51:14.499	rmnet_ipa0	19620	23238
10:51:14.499	rmnet_data2	0	0
10:51:14.499	rmnet_data1	1488	1792
10:51:14.499	rmnet_data0	2703	4489
10:51:14.499	wlan0	1344643	19414626
10:51:15.546	rmnet_ipa0	19620	23238
10:51:15.546	rmnet_data2	0	0
10:51:15.546	rmnet_data1	1488	1792
10:51:15.546	rmnet_data0	2703	4489
10:51:15.546	wlan0	1344643	19414692
10:51:16.592	rmnet_ipa0	19620	23238
10:51:16.592	rmnet_data2	0	0
10:51:16.592	rmnet_data1	1488	1792
10:51:16.592	rmnet_data0	2703	4489
10:51:16.592	wlan0	1344695	19414692
10:51:17.637	rmnet_ipa0	19620	23238
10:51:17.637	rmnet_data2	0	0
10:51:17.637	rmnet_data1	1488	1792
10:51:17.637	rmnet_data0	2703	4489
10:51:17.637	wlan0	1344695	19414692
10:51:18.687	rmnet_ipa0	19716	23377
10:51:18.687	rmnet_data2	0	0
10:51:18.687	rmnet_data1	1488	1792
10:51:18.687	rmnet_data0	2703	4489
10:51:18.687	wlan0	1345312	19415126
10:51:19.738	rmnet_ipa0	19716	23377
10:51:19.738	rmnet_data2	0	0
10:51:19.738	rmnet_data1	1488	1792
10:51:19.738	rmnet_data0	2703	4489
10:51:19.738	wlan0	1345312	19415126
10:51:20.779	rmnet_ipa0	19716	23377
10:51:20.779	rmnet_data2	0	0
10:51:20.779	rmnet_data1	1488	1792
10:51:20.779	rmnet_data0	2703	4489
10:51:20.779	wlan0	1345406	19415192
10:51:21.814	rmnet_ipa0	19716	23377
10:51:21.814	rmnet_data2	0	0
10:51:21.814	rmnet_data1	1488	1792
10:51:21.814	rmnet_data0	2703	4489
10:51:21.814	wlan0	1345406	19415192
10:51:22.862	rmnet_ipa0	19716	23377
10:51:22.862	rmnet_data2	0	0
10:51:22.862	rmnet_data1	1488	1792
10:51:22.862	rmnet_data0	2703	4489
10:51:22.862	wlan0	1345406	19415192
10:51:23.911	rmnet_ipa0	19716	23377
10:51:23.911	rmnet_data2	0	0
10:51:23.911	rmnet_data1	1488	1792
10:51:23.911	rmnet_data0	2703	4489
10:51:23.911	wlan0	1345406	19415192
10:51:24.960	rmnet_ipa0	19716	23377
10:51:24.960	rmnet_data2	0	0
10:51:24.960	rmnet_data1	1488	1792
10:51:24.960	rmnet_data0	2703	4489
10:51:24.960	wlan0	1345406	19415192
10:51:26.009	rmnet_ipa0	19716	23377
10:51:26.009	rmnet_data2	0	0
10:51:26.009	rmnet_data1	1488	1792
10:51:26.009	rmnet_data0	2703	4489
10:51:26.009	wlan0	1345406	19415295
10:51:27.054	rmnet_ipa0	19716	23377
10:51:27.054	rmnet_data2	0	0
10:51:27.054	rmnet_data1	1488	1792
10:51:27.054	rmnet_data0	2703	4489
10:51:27.054	wlan0	1345499	19415361
10:51:28.101	rmnet_ipa0	19716	23377
10:51:28.101	rmnet_data2	0	0
10:51:28.101	rmnet_data1	1488	1792
10:51:28.101	rmnet_data0	2703	4489
10:51:28.101	wlan0	1345499	19415361
10:51:29.149	rmnet_ipa0	19716	23377
10:51:29.149	rmnet_data2	0	0
10:51:29.149	rmnet_data1	1488	1792
10:51:29.149	rmnet_data0	2703	4489
10:51:29.149	wlan0	1345593	19415427
10:51:30.180	rmnet_ipa0	19716	23377
10:51:30.180	rmnet_data2	0	0
10:51:30.180	rmnet_data1	1488	1792
10:51:30.180	rmnet_data0	2703	4489
10:51:30.180	wlan0	1345593	19415427
10:51:31.227	rmnet_ipa0	19716	23377
10:51:31.227	rmnet_data2	0	0
10:51:31.227	rmnet_data1	1488	1792
10:51:31.227	rmnet_data0	2703	4489
10:51:31.227	wlan0	1345593	19415427
10:51:32.275	rmnet_ipa0	19716	23377
10:51:32.275	rmnet_data2	0	0
10:51:32.275	rmnet_data1	1488	1792
10:51:32.275	rmnet_data0	2703	4489
10:51:32.275	wlan0	1345593	19415427
10:51:33.320	rmnet_ipa0	19716	23377
10:51:33.320	rmnet_data2	0	0
10:51:33.320	rmnet_data1	1488	1792
10:51:33.320	rmnet_data0	2703	4489
10:51:33.320	wlan0	1346089	19415559
10:51:34.362	rmnet_ipa0	19716	23377
10:51:34.362	rmnet_data2	0	0
10:51:34.362	rmnet_data1	1488	1792
10:51:34.362	rmnet_data0	2703	4489
10:51:34.362	wlan0	1346141	19415741
10:51:35.411	rmnet_ipa0	19716	23377
10:51:35.411	rmnet_data2	0	0
10:51:35.411	rmnet_data1	1488	1792
10:51:35.411	rmnet_data0	2703	4489
10:51:35.411	wlan0	1346141	19415741
10:51:36.455	rmnet_ipa0	19716	23377
10:51:36.455	rmnet_data2	0	0
10:51:36.455	rmnet_data1	1488	1792
10:51:36.455	rmnet_data0	2703	4489
10:51:36.455	wlan0	1346141	19415741
10:51:37.503	rmnet_ipa0	19716	23377
10:51:37.503	rmnet_data2	0	0
10:51:37.503	rmnet_data1	1488	1792
10:51:37.503	rmnet_data0	2703	4489
10:51:37.503	wlan0	1346326	19415861
10:51:38.550	rmnet_ipa0	19716	23377
10:51:38.550	rmnet_data2	0	0
10:51:38.550	rmnet_data1	1488	1792
10:51:38.550	rmnet_data0	2703	4489
10:51:38.550	wlan0	1346326	19415861
10:51:39.598	rmnet_ipa0	19716	23377
10:51:39.598	rmnet_data2	0	0
10:51:39.598	rmnet_data1	1488	1792
10:51:39.598	rmnet_data0	2703	4489
10:51:39.598	wlan0	1346326	19415861
10:51:40.647	rmnet_ipa0	19716	23377
10:51:40.647	rmnet_data2	0	0
10:51:40.647	rmnet_data1	1488	1792
10:51:40.647	rmnet_data0	2703	4489
10:51:40.647	wlan0	1346326	19415861
10:51:41.698	rmnet_ipa0	19716	23377
10:51:41.698	rmnet_data2	0	0
10:51:41.698	rmnet_data1	1488	1792
10:51:41.698	rmnet_data0	2703	4489
10:51:41.698	wlan0	1346326	19415861
10:51:42.746	rmnet_ipa0	19716	23377
10:51:42.746	rmnet_data2	0	0
10:51:42.746	rmnet_data1	1488	1792
10:51:42.746	rmnet_data0	2703	4489
10:51:42.746	wlan0	1346326	19415861
10:51:43.786	rmnet_ipa0	19716	23377
10:51:43.786	rmnet_data2	0	0
10:51:43.786	rmnet_data1	1488	1792
10:51:43.786	rmnet_data0	2703	4489
10:51:43.786	wlan0	1346402	19415957
10:51:44.833	rmnet_ipa0	19716	23377
10:51:44.833	rmnet_data2	0	0
10:51:44.833	rmnet_data1	1488	1792
10:51:44.833	rmnet_data0	2703	4489
10:51:44.833	wlan0	1346454	19415957
10:51:45.879	rmnet_ipa0	19716	23377
10:51:45.879	rmnet_data2	0	0
10:51:45.879	rmnet_data1	1488	1792
10:51:45.879	rmnet_data0	2703	4489
10:51:45.879	wlan0	1346454	19415957
10:51:46.909	rmnet_ipa0	19716	23377
10:51:46.909	rmnet_data2	0	0
10:51:46.909	rmnet_data1	1488	1792
10:51:46.909	rmnet_data0	2703	4489
10:51:46.909	wlan0	1346548	19416023
10:51:47.958	rmnet_ipa0	19716	23377
10:51:47.958	rmnet_data2	0	0
10:51:47.958	rmnet_data1	1488	1792
10:51:47.958	rmnet_data0	2703	4489
10:51:47.958	wlan0	1347044	19416337
10:51:48.996	rmnet_ipa0	19716	23377
10:51:48.996	rmnet_data2	0	0
10:51:48.996	rmnet_data1	1488	1792
10:51:48.996	rmnet_data0	2703	4489
10:51:48.996	wlan0	1347592	19416481
10:51:50.033	rmnet_ipa0	19716	23377
10:51:50.033	rmnet_data2	0	0
10:51:50.033	rmnet_data1	1488	1792
10:51:50.033	rmnet_data0	2703	4489
10:51:50.033	wlan0	1347592	19416481
10:51:51.081	rmnet_ipa0	19716	23377
10:51:51.081	rmnet_data2	0	0
10:51:51.081	rmnet_data1	1488	1792
10:51:51.081	rmnet_data0	2703	4489
10:51:51.081	wlan0	1347592	19416481
10:51:52.132	rmnet_ipa0	19716	23377
10:51:52.132	rmnet_data2	0	0
10:51:52.132	rmnet_data1	1488	1792
10:51:52.132	rmnet_data0	2703	4489
10:51:52.132	wlan0	1347592	19416481
10:51:53.176	rmnet_ipa0	19716	23377
10:51:53.176	rmnet_data2	0	0
10:51:53.176	rmnet_data1	1488	1792
10:51:53.176	rmnet_data0	2703	4489
10:51:53.176	wlan0	1347592	19416481
10:51:54.223	rmnet_ipa0	19716	23377
10:51:54.223	rmnet_data2	0	0
10:51:54.223	rmnet_data1	1488	1792
10:51:54.223	rmnet_data0	2703	4489
10:51:54.223	wlan0	1347592	19416481
10:51:55.270	rmnet_ipa0	19716	23377
10:51:55.270	rmnet_data2	0	0
10:51:55.270	rmnet_data1	1488	1792
10:51:55.270	rmnet_data0	2703	4489
10:51:55.270	wlan0	1347592	19416481
10:51:56.324	rmnet_ipa0	19716	23377
10:51:56.324	rmnet_data2	0	0
10:51:56.324	rmnet_data1	1488	1792
10:51:56.324	rmnet_data0	2703	4489
10:51:56.324	wlan0	1347720	19416613
10:51:57.372	rmnet_ipa0	19716	23377
10:51:57.372	rmnet_data2	0	0
10:51:57.372	rmnet_data1	1488	1792
10:51:57.372	rmnet_data0	2703	4489
10:51:57.372	wlan0	1347720	19416786
10:51:58.406	rmnet_ipa0	19716	23377
10:51:58.406	rmnet_data2	0	0
10:51:58.406	rmnet_data1	1488	1792
10:51:58.406	rmnet_data0	2703	4489
10:51:58.406	wlan0	1347813	19416852
10:51:59.457	rmnet_ipa0	19716	23377
10:51:59.457	rmnet_data2	0	0
10:51:59.457	rmnet_data1	1488	1792
10:51:59.457	rmnet_data0	2703	4489
10:51:59.457	wlan0	1347813	19416918
10:52:00.500	rmnet_ipa0	19716	23377
10:52:00.500	rmnet_data2	0	0
10:52:00.500	rmnet_data1	1488	1792
10:52:00.500	rmnet_data0	2703	4489
10:52:00.500	wlan0	1347959	19416984
10:52:01.548	rmnet_ipa0	19716	23377
10:52:01.548	rmnet_data2	0	0
10:52:01.548	rmnet_data1	1488	1792
10:52:01.548	rmnet_data0	2703	4489
10:52:01.548	wlan0	1348455	19417298
10:52:02.589	rmnet_ipa0	19716	23377
10:52:02.589	rmnet_data2	0	0
10:52:02.589	rmnet_data1	1488	1792
10:52:02.589	rmnet_data0	2703	4489
10:52:02.589	wlan0	1348601	19417364
10:52:03.635	rmnet_ipa0	19716	23377
10:52:03.635	rmnet_data2	0	0
10:52:03.635	rmnet_data1	1488	1792
10:52:03.635	rmnet_data0	2703	4489
10:52:03.635	wlan0	1348601	19417364
10:52:04.678	rmnet_ipa0	19716	23377
10:52:04.678	rmnet_data2	0	0
10:52:04.678	rmnet_data1	1488	1792
10:52:04.678	rmnet_data0	2703	4489
10:52:04.678	wlan0	1348601	19417364
10:52:05.726	rmnet_ipa0	19716	23377
10:52:05.726	rmnet_data2	0	0
10:52:05.726	rmnet_data1	1488	1792
10:52:05.726	rmnet_data0	2703	4489
10:52:05.726	wlan0	1348601	19417364
10:52:06.772	rmnet_ipa0	19716	23377
10:52:06.772	rmnet_data2	0	0
10:52:06.772	rmnet_data1	1488	1792
10:52:06.772	rmnet_data0	2703	4489
10:52:06.772	wlan0	1348601	19417364
10:52:07.812	rmnet_ipa0	19716	23377
10:52:07.812	rmnet_data2	0	0
10:52:07.812	rmnet_data1	1488	1792
10:52:07.812	rmnet_data0	2703	4489
10:52:07.812	wlan0	1348601	19417364
10:52:08.843	rmnet_ipa0	19716	23377
10:52:08.843	rmnet_data2	0	0
10:52:08.843	rmnet_data1	1488	1792
10:52:08.843	rmnet_data0	2703	4489
10:52:08.843	wlan0	1348601	19417364
10:52:09.892	rmnet_ipa0	19716	23377
10:52:09.892	rmnet_data2	0	0
10:52:09.892	rmnet_data1	1488	1792
10:52:09.892	rmnet_data0	2703	4489
10:52:09.892	wlan0	1348601	19417406
10:52:10.946	rmnet_ipa0	19716	23377
10:52:10.946	rmnet_data2	0	0
10:52:10.946	rmnet_data1	1488	1792
10:52:10.946	rmnet_data0	2703	4489
10:52:10.946	wlan0	1348751	19417556
10:52:11.990	rmnet_ipa0	19716	23377
10:52:11.990	rmnet_data2	0	0
10:52:11.990	rmnet_data1	1488	1792
10:52:11.990	rmnet_data0	2703	4489
10:52:11.990	wlan0	1348779	19417556
10:52:13.039	rmnet_ipa0	19716	23377
10:52:13.039	rmnet_data2	0	0
10:52:13.039	rmnet_data1	1488	1792
10:52:13.039	rmnet_data0	2703	4489
10:52:13.039	wlan0	1349291	19417870
10:52:14.085	rmnet_ipa0	19716	23377
10:52:14.085	rmnet_data2	0	0
10:52:14.085	rmnet_data1	1488	1792
10:52:14.085	rmnet_data0	2703	4489
10:52:14.085	wlan0	1349437	19417936
10:52:15.132	rmnet_ipa0	19716	23377
10:52:15.132	rmnet_data2	0	0
10:52:15.132	rmnet_data1	1488	1792
10:52:15.132	rmnet_data0	2703	4489
10:52:15.132	wlan0	1349437	19417936
10:52:16.170	rmnet_ipa0	19716	23377
10:52:16.170	rmnet_data2	0	0
10:52:16.170	rmnet_data1	1488	1792
10:52:16.170	rmnet_data0	2703	4489
10:52:16.170	wlan0	1349437	19417936
10:52:17.219	rmnet_ipa0	19716	23377
10:52:17.219	rmnet_data2	0	0
10:52:17.219	rmnet_data1	1488	1792
10:52:17.219	rmnet_data0	2703	4489
10:52:17.219	wlan0	1349437	19418102
10:52:18.269	rmnet_ipa0	19716	23377
10:52:18.269	rmnet_data2	0	0
10:52:18.269	rmnet_data1	1488	1792
10:52:18.269	rmnet_data0	2703	4489
10:52:18.269	wlan0	1349501	19418171
10:52:19.322	rmnet_ipa0	19716	23377
10:52:19.322	rmnet_data2	0	0
10:52:19.322	rmnet_data1	1488	1792
10:52:19.322	rmnet_data0	2703	4489
10:52:19.322	wlan0	1349743	19418403
10:52:20.354	rmnet_ipa0	19716	23377
10:52:20.354	rmnet_data2	0	0
10:52:20.354	rmnet_data1	1488	1792
10:52:20.354	rmnet_data0	2703	4489
10:52:20.354	wlan0	1349743	19418403
10:52:21.404	rmnet_ipa0	19716	23377
10:52:21.404	rmnet_data2	0	0
10:52:21.404	rmnet_data1	1488	1792
10:52:21.404	rmnet_data0	2703	4489
10:52:21.404	wlan0	1349743	19418403
10:52:22.445	rmnet_ipa0	19716	23377
10:52:22.445	rmnet_data2	0	0
10:52:22.445	rmnet_data1	1488	1792
10:52:22.445	rmnet_data0	2703	4489
10:52:22.445	wlan0	1349837	19418469
10:52:23.488	rmnet_ipa0	19716	23377
10:52:23.488	rmnet_data2	0	0
10:52:23.488	rmnet_data1	1488	1792
10:52:23.488	rmnet_data0	2703	4489
10:52:23.488	wlan0	1350333	19418601
10:52:24.531	rmnet_ipa0	19716	23377
10:52:24.531	rmnet_data2	0	0
10:52:24.531	rmnet_data1	1488	1792
10:52:24.531	rmnet_data0	2703	4489
10:52:24.531	wlan0	1350385	19418783
10:52:25.578	rmnet_ipa0	19716	23377
10:52:25.578	rmnet_data2	0	0
10:52:25.578	rmnet_data1	1488	1792
10:52:25.578	rmnet_data0	2703	4489
10:52:25.578	wlan0	1350479	19418962
10:52:26.625	rmnet_ipa0	19716	23377
10:52:26.625	rmnet_data2	0	0
10:52:26.625	rmnet_data1	1488	1792
10:52:26.625	rmnet_data0	2703	4489
10:52:26.625	wlan0	1350531	19418962
10:52:27.671	rmnet_ipa0	19716	23377
10:52:27.671	rmnet_data2	0	0
10:52:27.671	rmnet_data1	1488	1792
10:52:27.671	rmnet_data0	2703	4489
10:52:27.671	wlan0	1350531	19419065
10:52:28.718	rmnet_ipa0	19716	23377
10:52:28.718	rmnet_data2	0	0
10:52:28.718	rmnet_data1	1488	1792
10:52:28.718	rmnet_data0	2703	4489
10:52:28.718	wlan0	1350624	19419131
10:52:29.764	rmnet_ipa0	19716	23377
10:52:29.764	rmnet_data2	0	0
10:52:29.764	rmnet_data1	1488	1792
10:52:29.764	rmnet_data0	2703	4489
10:52:29.764	wlan0	1350624	19419131
10:52:30.810	rmnet_ipa0	19716	23377
10:52:30.810	rmnet_data2	0	0
10:52:30.810	rmnet_data1	1488	1792
10:52:30.810	rmnet_data0	2703	4489
10:52:30.810	wlan0	1350624	19419131
10:52:31.844	rmnet_ipa0	19716	23377
10:52:31.844	rmnet_data2	0	0
10:52:31.844	rmnet_data1	1488	1792
10:52:31.844	rmnet_data0	2703	4489
10:52:31.844	wlan0	1350624	19419131
10:52:32.891	rmnet_ipa0	19716	23377
10:52:32.891	rmnet_data2	0	0
10:52:32.891	rmnet_data1	1488	1792
10:52:32.891	rmnet_data0	2703	4489
10:52:32.891	wlan0	1350624	19419131
10:52:33.940	rmnet_ipa0	19716	23377
10:52:33.940	rmnet_data2	0	0
10:52:33.940	rmnet_data1	1488	1792
10:52:33.940	rmnet_data0	2703	4489
10:52:33.940	wlan0	1350624	19419131
10:52:34.988	rmnet_ipa0	19716	23377
10:52:34.988	rmnet_data2	0	0
10:52:34.988	rmnet_data1	1488	1792
10:52:34.988	rmnet_data0	2703	4489
10:52:34.988	wlan0	1350718	19419197
10:52:36.041	rmnet_ipa0	19716	23377
10:52:36.041	rmnet_data2	0	0
10:52:36.041	rmnet_data1	1488	1792
10:52:36.041	rmnet_data0	2703	4489
10:52:36.041	wlan0	1350812	19419263
10:52:37.078	rmnet_ipa0	19716	23377
10:52:37.078	rmnet_data2	0	0
10:52:37.078	rmnet_data1	1488	1792
10:52:37.078	rmnet_data0	2703	4489
10:52:37.078	wlan0	1351318	19419511
10:52:38.117	rmnet_ipa0	19716	23377
10:52:38.117	rmnet_data2	0	0
10:52:38.117	rmnet_data1	1488	1792
10:52:38.117	rmnet_data0	2703	4489
10:52:38.117	wlan0	1351412	19419511
10:52:39.154	rmnet_ipa0	19716	23377
10:52:39.154	rmnet_data2	0	0
10:52:39.154	rmnet_data1	1488	1792
10:52:39.154	rmnet_data0	2703	4489
10:52:39.154	wlan0	1351412	19419577
10:52:40.200	rmnet_ipa0	19716	23377
10:52:40.200	rmnet_data2	0	0
10:52:40.200	rmnet_data1	1488	1792
10:52:40.200	rmnet_data0	2703	4489
10:52:40.200	wlan0	1351412	19419577
10:52:41.247	rmnet_ipa0	19716	23377
10:52:41.247	rmnet_data2	0	0
10:52:41.247	rmnet_data1	1488	1792
10:52:41.247	rmnet_data0	2703	4489
10:52:41.247	wlan0	1351412	19419577
10:52:42.293	rmnet_ipa0	19716	23377
10:52:42.293	rmnet_data2	0	0
10:52:42.293	rmnet_data1	1488	1792
10:52:42.293	rmnet_data0	2703	4489
10:52:42.293	wlan0	1351412	19419577
10:52:43.328	rmnet_ipa0	19716	23377
10:52:43.328	rmnet_data2	0	0
10:52:43.328	rmnet_data1	1488	1792
10:52:43.328	rmnet_data0	2703	4489
10:52:43.328	wlan0	1351412	19419577
10:52:44.372	rmnet_ipa0	19716	23377
10:52:44.372	rmnet_data2	0	0
10:52:44.372	rmnet_data1	1488	1792
10:52:44.372	rmnet_data0	2703	4489
10:52:44.372	wlan0	1351412	19419577
10:52:45.421	rmnet_ipa0	19716	23377
10:52:45.421	rmnet_data2	0	0
10:52:45.421	rmnet_data1	1488	1792
10:52:45.421	rmnet_data0	2703	4489
10:52:45.421	wlan0	1351412	19419577
10:52:46.457	rmnet_ipa0	19716	23377
10:52:46.457	rmnet_data2	0	0
10:52:46.457	rmnet_data1	1488	1792
10:52:46.457	rmnet_data0	2703	4489
10:52:46.457	wlan0	1351412	19419577
10:52:47.504	rmnet_ipa0	19716	23377
10:52:47.504	rmnet_data2	0	0
10:52:47.504	rmnet_data1	1488	1792
10:52:47.504	rmnet_data0	2703	4489
10:52:47.504	wlan0	1351506	19419643
10:52:48.550	rmnet_ipa0	19716	23377
10:52:48.550	rmnet_data2	0	0
10:52:48.550	rmnet_data1	1488	1792
10:52:48.550	rmnet_data0	2703	4489
10:52:48.550	wlan0	1351506	19419643
10:52:49.593	rmnet_ipa0	19716	23377
10:52:49.593	rmnet_data2	0	0
10:52:49.593	rmnet_data1	1488	1792
10:52:49.593	rmnet_data0	2703	4489
10:52:49.593	wlan0	1352122	19419957
10:52:50.641	rmnet_ipa0	19716	23377
10:52:50.641	rmnet_data2	0	0
10:52:50.641	rmnet_data1	1488	1792
10:52:50.641	rmnet_data0	2703	4489
10:52:50.641	wlan0	1352216	19420023
10:52:51.691	rmnet_ipa0	19716	23377
10:52:51.691	rmnet_data2	0	0
10:52:51.691	rmnet_data1	1488	1792
10:52:51.691	rmnet_data0	2703	4489
10:52:51.691	wlan0	1352216	19420023
10:52:52.726	rmnet_ipa0	19716	23377
10:52:52.726	rmnet_data2	0	0
10:52:52.726	rmnet_data1	1488	1792
10:52:52.726	rmnet_data0	2703	4489
10:52:52.726	wlan0	1352216	19420023
10:52:53.775	rmnet_ipa0	19716	23377
10:52:53.775	rmnet_data2	0	0
10:52:53.775	rmnet_data1	1488	1792
10:52:53.775	rmnet_data0	2703	4489
10:52:53.775	wlan0	1352216	19420189
10:52:54.821	rmnet_ipa0	19716	23377
10:52:54.821	rmnet_data2	0	0
10:52:54.821	rmnet_data1	1488	1792
10:52:54.821	rmnet_data0	2703	4489
10:52:54.821	wlan0	1352414	19420255
10:52:55.871	rmnet_ipa0	19716	23377
10:52:55.871	rmnet_data2	0	0
10:52:55.871	rmnet_data1	1488	1792
10:52:55.871	rmnet_data0	2703	4489
10:52:55.871	wlan0	1352414	19420255
10:52:56.916	rmnet_ipa0	19716	23377
10:52:56.916	rmnet_data2	0	0
10:52:56.916	rmnet_data1	1488	1792
10:52:56.916	rmnet_data0	2703	4489
10:52:56.916	wlan0	1352414	19420255
10:52:57.964	rmnet_ipa0	19716	23377
10:52:57.964	rmnet_data2	0	0
10:52:57.964	rmnet_data1	1488	1792
10:52:57.964	rmnet_data0	2703	4489
10:52:57.964	wlan0	1352414	19420255
10:52:59.011	rmnet_ipa0	19716	23377
10:52:59.011	rmnet_data2	0	0
10:52:59.011	rmnet_data1	1488	1792
10:52:59.011	rmnet_data0	2703	4489
10:52:59.011	wlan0	1352508	19420424
10:53:00.055	rmnet_ipa0	19716	23377
10:53:00.055	rmnet_data2	0	0
10:53:00.055	rmnet_data1	1488	1792
10:53:00.055	rmnet_data0	2703	4489
10:53:00.055	wlan0	1352601	19420490
10:53:01.093	rmnet_ipa0	19716	23377
10:53:01.093	rmnet_data2	0	0
10:53:01.093	rmnet_data1	1488	1792
10:53:01.093	rmnet_data0	2703	4489
10:53:01.093	wlan0	1352601	19420490
10:53:02.139	rmnet_ipa0	19716	23377
10:53:02.139	rmnet_data2	0	0
10:53:02.139	rmnet_data1	1488	1792
10:53:02.139	rmnet_data0	2703	4489
10:53:02.139	wlan0	1352601	19420490
10:53:03.189	rmnet_ipa0	19716	23377
10:53:03.189	rmnet_data2	0	0
10:53:03.189	rmnet_data1	1488	1792
10:53:03.189	rmnet_data0	2703	4489
10:53:03.189	wlan0	1353113	19420804
10:53:04.238	rmnet_ipa0	19716	23377
10:53:04.238	rmnet_data2	0	0
10:53:04.238	rmnet_data1	1488	1792
10:53:04.238	rmnet_data0	2703	4489
10:53:04.238	wlan0	1353165	19420804
10:53:05.275	rmnet_ipa0	19716	23377
10:53:05.275	rmnet_data2	0	0
10:53:05.275	rmnet_data1	1488	1792
10:53:05.275	rmnet_data0	2703	4489
10:53:05.275	wlan0	1353459	19420870
10:53:06.319	rmnet_ipa0	19716	23377
10:53:06.319	rmnet_data2	0	0
10:53:06.319	rmnet_data1	1488	1792
10:53:06.319	rmnet_data0	2703	4489
10:53:06.319	wlan0	1353659	19420870
10:53:07.360	rmnet_ipa0	19716	23377
10:53:07.360	rmnet_data2	0	0
10:53:07.360	rmnet_data1	1488	1792
10:53:07.360	rmnet_data0	2703	4489
10:53:07.360	wlan0	1353859	19420870
10:53:08.398	rmnet_ipa0	19716	23377
10:53:08.398	rmnet_data2	0	0
10:53:08.398	rmnet_data1	1488	1792
10:53:08.398	rmnet_data0	2703	4489
10:53:08.398	wlan0	1353859	19420870
10:53:09.438	rmnet_ipa0	19716	23377
10:53:09.438	rmnet_data2	0	0
10:53:09.438	rmnet_data1	1488	1792
10:53:09.438	rmnet_data0	2703	4489
10:53:09.438	wlan0	1354059	19420912
10:53:10.475	rmnet_ipa0	19716	23377
10:53:10.475	rmnet_data2	0	0
10:53:10.475	rmnet_data1	1488	1792
10:53:10.475	rmnet_data0	2703	4489
10:53:10.475	wlan0	1354087	19420954
10:53:11.518	rmnet_ipa0	19716	23377
10:53:11.518	rmnet_data2	0	0
10:53:11.518	rmnet_data1	1488	1792
10:53:11.518	rmnet_data0	2703	4489
10:53:11.518	wlan0	1354115	19420996
10:53:12.564	rmnet_ipa0	19716	23377
10:53:12.564	rmnet_data2	0	0
10:53:12.564	rmnet_data1	1488	1792
10:53:12.564	rmnet_data0	2703	4489
10:53:12.564	wlan0	1354237	19421062
10:53:13.600	rmnet_ipa0	19716	23377
10:53:13.600	rmnet_data2	0	0
10:53:13.600	rmnet_data1	1488	1792
10:53:13.600	rmnet_data0	2703	4489
10:53:13.600	wlan0	1354237	19421062
10:53:14.632	rmnet_ipa0	19716	23377
10:53:14.632	rmnet_data2	0	0
10:53:14.632	rmnet_data1	1488	1792
10:53:14.632	rmnet_data0	2703	4489
10:53:14.632	wlan0	1354237	19421062
10:53:15.679	rmnet_ipa0	19716	23377
10:53:15.679	rmnet_data2	0	0
10:53:15.679	rmnet_data1	1488	1792
10:53:15.679	rmnet_data0	2703	4489
10:53:15.679	wlan0	1354237	19421062
10:53:16.719	rmnet_ipa0	19716	23377
10:53:16.719	rmnet_data2	0	0
10:53:16.719	rmnet_data1	1488	1792
10:53:16.719	rmnet_data0	2703	4489
10:53:16.719	wlan0	1354237	19421062
10:53:17.762	rmnet_ipa0	19716	23377
10:53:17.762	rmnet_data2	0	0
10:53:17.762	rmnet_data1	1488	1792
10:53:17.762	rmnet_data0	2703	4489
10:53:17.762	wlan0	1354785	19421376
10:53:18.809	rmnet_ipa0	19716	23377
10:53:18.809	rmnet_data2	0	0
10:53:18.809	rmnet_data1	1488	1792
10:53:18.809	rmnet_data0	2703	4489
10:53:18.809	wlan0	1354879	19421608
10:53:19.846	rmnet_ipa0	19716	23377
10:53:19.846	rmnet_data2	0	0
10:53:19.846	rmnet_data1	1488	1792
10:53:19.846	rmnet_data0	2703	4489
10:53:19.846	wlan0	1355025	19421674
10:53:20.884	rmnet_ipa0	19716	23377
10:53:20.884	rmnet_data2	0	0
10:53:20.884	rmnet_data1	1488	1792
10:53:20.884	rmnet_data0	2703	4489
10:53:20.884	wlan0	1355025	19421674
10:53:21.934	rmnet_ipa0	19716	23377
10:53:21.934	rmnet_data2	0	0
10:53:21.934	rmnet_data1	1488	1792
10:53:21.934	rmnet_data0	2703	4489
10:53:21.934	wlan0	1355025	19421674
10:53:22.985	rmnet_ipa0	19716	23377
10:53:22.985	rmnet_data2	0	0
10:53:22.985	rmnet_data1	1488	1792
10:53:22.985	rmnet_data0	2703	4489
10:53:22.985	wlan0	1355025	19421674
10:53:24.032	rmnet_ipa0	19716	23377
10:53:24.032	rmnet_data2	0	0
10:53:24.032	rmnet_data1	1488	1792
10:53:24.032	rmnet_data0	2703	4489
10:53:24.032	wlan0	1355025	19421674
10:53:25.079	rmnet_ipa0	19716	23377
10:53:25.079	rmnet_data2	0	0
10:53:25.079	rmnet_data1	1488	1792
10:53:25.079	rmnet_data0	2703	4489
10:53:25.079	wlan0	1355025	19421674
10:53:26.130	rmnet_ipa0	19716	23377
10:53:26.130	rmnet_data2	0	0
10:53:26.130	rmnet_data1	1488	1792
10:53:26.130	rmnet_data0	2703	4489
10:53:26.130	wlan0	1355119	19421740
10:53:27.181	rmnet_ipa0	19716	23377
10:53:27.181	rmnet_data2	0	0
10:53:27.181	rmnet_data1	1488	1792
10:53:27.181	rmnet_data0	2703	4489
10:53:27.181	wlan0	1355119	19421740
10:53:28.227	rmnet_ipa0	19716	23377
10:53:28.227	rmnet_data2	0	0
10:53:28.227	rmnet_data1	1488	1792
10:53:28.227	rmnet_data0	2703	4489
10:53:28.227	wlan0	1355119	19421740
10:53:29.271	rmnet_ipa0	19716	23377
10:53:29.271	rmnet_data2	0	0
10:53:29.271	rmnet_data1	1488	1792
10:53:29.271	rmnet_data0	2703	4489
10:53:29.271	wlan0	1355119	19421740
10:53:30.316	rmnet_ipa0	19716	23377
10:53:30.316	rmnet_data2	0	0
10:53:30.316	rmnet_data1	1488	1792
10:53:30.316	rmnet_data0	2703	4489
10:53:30.316	wlan0	1355212	19421909
10:53:31.356	rmnet_ipa0	19716	23377
10:53:31.356	rmnet_data2	0	0
10:53:31.356	rmnet_data1	1488	1792
10:53:31.356	rmnet_data0	2703	4489
10:53:31.356	wlan0	1355212	19421909
10:53:32.404	rmnet_ipa0	19716	23377
10:53:32.404	rmnet_data2	0	0
10:53:32.404	rmnet_data1	1488	1792
10:53:32.404	rmnet_data0	2703	4489
10:53:32.404	wlan0	1355776	19422223
10:53:33.450	rmnet_ipa0	19716	23377
10:53:33.450	rmnet_data2	0	0
10:53:33.450	rmnet_data1	1488	1792
10:53:33.450	rmnet_data0	2703	4489
10:53:33.450	wlan0	1355922	19422455
10:53:34.495	rmnet_ipa0	19716	23377
10:53:34.495	rmnet_data2	0	0
10:53:34.495	rmnet_data1	1488	1792
10:53:34.495	rmnet_data0	2703	4489
10:53:34.495	wlan0	1355922	19422455
10:53:35.533	rmnet_ipa0	19716	23377
10:53:35.533	rmnet_data2	0	0
10:53:35.533	rmnet_data1	1488	1792
10:53:35.533	rmnet_data0	2703	4489
10:53:35.533	wlan0	1355922	19422455
10:53:36.579	rmnet_ipa0	19716	23377
10:53:36.579	rmnet_data2	0	0
10:53:36.579	rmnet_data1	1488	1792
10:53:36.579	rmnet_data0	2703	4489
10:53:36.579	wlan0	1355922	19422455
10:53:37.625	rmnet_ipa0	19716	23377
10:53:37.625	rmnet_data2	0	0
10:53:37.625	rmnet_data1	1488	1792
10:53:37.625	rmnet_data0	2703	4489
10:53:37.625	wlan0	1355922	19422455
10:53:38.670	rmnet_ipa0	19716	23377
10:53:38.670	rmnet_data2	0	0
10:53:38.670	rmnet_data1	1488	1792
10:53:38.670	rmnet_data0	2703	4489
10:53:38.670	wlan0	1355922	19422455
10:53:39.717	rmnet_ipa0	19716	23377
10:53:39.717	rmnet_data2	0	0
10:53:39.717	rmnet_data1	1488	1792
10:53:39.717	rmnet_data0	2703	4489
10:53:39.717	wlan0	1355922	19422455
10:53:40.763	rmnet_ipa0	19716	23377
10:53:40.763	rmnet_data2	0	0
10:53:40.763	rmnet_data1	1488	1792
10:53:40.763	rmnet_data0	2703	4489
10:53:40.763	wlan0	1355922	19422455
10:53:41.806	rmnet_ipa0	19716	23377
10:53:41.806	rmnet_data2	0	0
10:53:41.806	rmnet_data1	1488	1792
10:53:41.806	rmnet_data0	2703	4489
10:53:41.806	wlan0	1355922	19422455
10:53:42.851	rmnet_ipa0	19716	23377
10:53:42.851	rmnet_data2	0	0
10:53:42.851	rmnet_data1	1488	1792
10:53:42.851	rmnet_data0	2703	4489
10:53:42.851	wlan0	1355922	19422455
10:53:43.887	rmnet_ipa0	19716	23377
10:53:43.887	rmnet_data2	0	0
10:53:43.887	rmnet_data1	1488	1792
10:53:43.887	rmnet_data0	2703	4489
10:53:43.887	wlan0	1355922	19422521
10:53:44.934	rmnet_ipa0	19716	23377
10:53:44.934	rmnet_data2	0	0
10:53:44.934	rmnet_data1	1488	1792
10:53:44.934	rmnet_data0	2703	4489
10:53:44.934	wlan0	1355974	19422521
10:53:45.979	rmnet_ipa0	19716	23377
10:53:45.979	rmnet_data2	0	0
10:53:45.979	rmnet_data1	1488	1792
10:53:45.979	rmnet_data0	2703	4489
10:53:45.979	wlan0	1355974	19422521
10:53:47.024	rmnet_ipa0	19716	23377
10:53:47.024	rmnet_data2	0	0
10:53:47.024	rmnet_data1	1488	1792
10:53:47.024	rmnet_data0	2703	4489
10:53:47.024	wlan0	1355974	19422521
10:53:48.068	rmnet_ipa0	19716	23377
10:53:48.068	rmnet_data2	0	0
10:53:48.068	rmnet_data1	1488	1792
10:53:48.068	rmnet_data0	2703	4489
10:53:48.068	wlan0	1355974	19422521
10:53:49.108	rmnet_ipa0	19716	23377
10:53:49.108	rmnet_data2	0	0
10:53:49.108	rmnet_data1	1488	1792
10:53:49.108	rmnet_data0	2703	4489
10:53:49.108	wlan0	1355974	19422521
10:53:50.156	rmnet_ipa0	19716	23377
10:53:50.156	rmnet_data2	0	0
10:53:50.156	rmnet_data1	1488	1792
10:53:50.156	rmnet_data0	2703	4489
10:53:50.156	wlan0	1355974	19422521
10:53:51.201	rmnet_ipa0	19716	23377
10:53:51.201	rmnet_data2	0	0
10:53:51.201	rmnet_data1	1488	1792
10:53:51.201	rmnet_data0	2703	4489
10:53:51.201	wlan0	1355974	19422521
10:53:52.243	rmnet_ipa0	19716	23377
10:53:52.243	rmnet_data2	0	0
10:53:52.243	rmnet_data1	1488	1792
10:53:52.243	rmnet_data0	2703	4489
10:53:52.243	wlan0	1355974	19422521
10:53:53.292	rmnet_ipa0	19716	23377
10:53:53.292	rmnet_data2	0	0
10:53:53.292	rmnet_data1	1488	1792
10:53:53.292	rmnet_data0	2703	4489
10:53:53.292	wlan0	1355974	19422521
10:53:54.339	rmnet_ipa0	19716	23377
10:53:54.339	rmnet_data2	0	0
10:53:54.339	rmnet_data1	1488	1792
10:53:54.339	rmnet_data0	2703	4489
10:53:54.339	wlan0	1355974	19422587
10:53:55.385	rmnet_ipa0	19716	23377
10:53:55.385	rmnet_data2	0	0
10:53:55.385	rmnet_data1	1488	1792
10:53:55.385	rmnet_data0	2703	4489
10:53:55.385	wlan0	1356026	19422587
10:53:56.428	rmnet_ipa0	19716	23377
10:53:56.428	rmnet_data2	0	0
10:53:56.428	rmnet_data1	1488	1792
10:53:56.428	rmnet_data0	2703	4489
10:53:56.428	wlan0	1356026	19422587
10:53:57.455	rmnet_ipa0	19716	23377
10:53:57.455	rmnet_data2	0	0
10:53:57.455	rmnet_data1	1488	1792
10:53:57.455	rmnet_data0	2703	4489
10:53:57.455	wlan0	1356026	19422587
10:53:58.504	rmnet_ipa0	19716	23377
10:53:58.504	rmnet_data2	0	0
10:53:58.504	rmnet_data1	1488	1792
10:53:58.504	rmnet_data0	2703	4489
10:53:58.504	wlan0	1356026	19422587
10:53:59.546	rmnet_ipa0	19716	23377
10:53:59.546	rmnet_data2	0	0
10:53:59.546	rmnet_data1	1488	1792
10:53:59.546	rmnet_data0	2703	4489
10:53:59.546	wlan0	1356054	19422629
10:54:00.592	rmnet_ipa0	19716	23377
10:54:00.592	rmnet_data2	0	0
10:54:00.592	rmnet_data1	1488	1792
10:54:00.592	rmnet_data0	2703	4489
10:54:00.592	wlan0	1356054	19422732
10:54:01.640	rmnet_ipa0	19716	23377
10:54:01.640	rmnet_data2	0	0
10:54:01.640	rmnet_data1	1488	1792
10:54:01.640	rmnet_data0	2703	4489
10:54:01.640	wlan0	1356147	19422798
10:54:02.690	rmnet_ipa0	19716	23377
10:54:02.690	rmnet_data2	0	0
10:54:02.690	rmnet_data1	1488	1792
10:54:02.690	rmnet_data0	2703	4489
10:54:02.690	wlan0	1356147	19422798
10:54:03.736	rmnet_ipa0	19716	23377
10:54:03.736	rmnet_data2	0	0
10:54:03.736	rmnet_data1	1488	1792
10:54:03.736	rmnet_data0	2703	4489
10:54:03.736	wlan0	1356147	19422798
10:54:04.785	rmnet_ipa0	19716	23377
10:54:04.785	rmnet_data2	0	0
10:54:04.785	rmnet_data1	1488	1792
10:54:04.785	rmnet_data0	2703	4489
10:54:04.785	wlan0	1356147	19422798
10:54:05.831	rmnet_ipa0	19716	23377
10:54:05.831	rmnet_data2	0	0
10:54:05.831	rmnet_data1	1488	1792
10:54:05.831	rmnet_data0	2703	4489
10:54:05.831	wlan0	1356147	19422864
10:54:06.878	rmnet_ipa0	19716	23377
10:54:06.878	rmnet_data2	0	0
10:54:06.878	rmnet_data1	1488	1792
10:54:06.878	rmnet_data0	2703	4489
10:54:06.878	wlan0	1356199	19422864
10:54:07.922	rmnet_ipa0	19716	23377
10:54:07.922	rmnet_data2	0	0
10:54:07.922	rmnet_data1	1488	1792
10:54:07.922	rmnet_data0	2703	4489
10:54:07.922	wlan0	1356199	19422864
10:54:08.967	rmnet_ipa0	19716	23377
10:54:08.967	rmnet_data2	0	0
10:54:08.967	rmnet_data1	1488	1792
10:54:08.967	rmnet_data0	2703	4489
10:54:08.967	wlan0	1356199	19422864
10:54:10.008	rmnet_ipa0	19716	23377
10:54:10.008	rmnet_data2	0	0
10:54:10.008	rmnet_data1	1488	1792
10:54:10.008	rmnet_data0	2703	4489
10:54:10.008	wlan0	1356199	19422906
10:54:11.041	rmnet_ipa0	19716	23377
10:54:11.041	rmnet_data2	0	0
10:54:11.041	rmnet_data1	1488	1792
10:54:11.041	rmnet_data0	2703	4489
10:54:11.041	wlan0	1356255	19422990
10:54:12.083	rmnet_ipa0	19716	23377
10:54:12.083	rmnet_data2	0	0
10:54:12.083	rmnet_data1	1488	1792
10:54:12.083	rmnet_data0	2703	4489
10:54:12.083	wlan0	1356283	19422990
10:54:13.123	rmnet_ipa0	19716	23377
10:54:13.123	rmnet_data2	0	0
10:54:13.123	rmnet_data1	1488	1792
10:54:13.123	rmnet_data0	2703	4489
10:54:13.123	wlan0	1356283	19422990
10:54:14.169	rmnet_ipa0	19716	23377
10:54:14.169	rmnet_data2	0	0
10:54:14.169	rmnet_data1	1488	1792
10:54:14.169	rmnet_data0	2703	4489
10:54:14.169	wlan0	1356283	19422990
10:54:15.215	rmnet_ipa0	19716	23377
10:54:15.215	rmnet_data2	0	0
10:54:15.215	rmnet_data1	1488	1792
10:54:15.215	rmnet_data0	2703	4489
10:54:15.215	wlan0	1356283	19422990
10:54:16.260	rmnet_ipa0	19716	23377
10:54:16.260	rmnet_data2	0	0
10:54:16.260	rmnet_data1	1488	1792
10:54:16.260	rmnet_data0	2703	4489
10:54:16.260	wlan0	1356283	19423056
10:54:17.308	rmnet_ipa0	19716	23377
10:54:17.308	rmnet_data2	0	0
10:54:17.308	rmnet_data1	1488	1792
10:54:17.308	rmnet_data0	2703	4489
10:54:17.308	wlan0	1356335	19423056
10:54:18.353	rmnet_ipa0	19716	23377
10:54:18.353	rmnet_data2	0	0
10:54:18.353	rmnet_data1	1488	1792
10:54:18.353	rmnet_data0	2703	4489
10:54:18.353	wlan0	1356335	19423056
10:54:19.399	rmnet_ipa0	19716	23377
10:54:19.399	rmnet_data2	0	0
10:54:19.399	rmnet_data1	1488	1792
10:54:19.399	rmnet_data0	2703	4489
10:54:19.399	wlan0	1356335	19423056
10:54:20.443	rmnet_ipa0	19716	23377
10:54:20.443	rmnet_data2	0	0
10:54:20.443	rmnet_data1	1488	1792
10:54:20.443	rmnet_data0	2703	4489
10:54:20.443	wlan0	1356335	19423056
10:54:21.489	rmnet_ipa0	19716	23377
10:54:21.489	rmnet_data2	0	0
10:54:21.489	rmnet_data1	1488	1792
10:54:21.489	rmnet_data0	2703	4489
10:54:21.489	wlan0	1356335	19423056
10:54:22.531	rmnet_ipa0	19716	23377
10:54:22.531	rmnet_data2	0	0
10:54:22.531	rmnet_data1	1488	1792
10:54:22.531	rmnet_data0	2703	4489
10:54:22.531	wlan0	1356335	19423056
10:54:23.579	rmnet_ipa0	19716	23377
10:54:23.579	rmnet_data2	0	0
10:54:23.579	rmnet_data1	1488	1792
10:54:23.579	rmnet_data0	2703	4489
10:54:23.579	wlan0	1356335	19423056
10:54:24.616	rmnet_ipa0	19716	23377
10:54:24.616	rmnet_data2	0	0
10:54:24.616	rmnet_data1	1488	1792
10:54:24.616	rmnet_data0	2703	4489
10:54:24.616	wlan0	1356335	19423056
10:54:25.654	rmnet_ipa0	19716	23377
10:54:25.654	rmnet_data2	0	0
10:54:25.654	rmnet_data1	1488	1792
10:54:25.654	rmnet_data0	2703	4489
10:54:25.654	wlan0	1356335	19423056
10:54:26.702	rmnet_ipa0	19716	23377
10:54:26.702	rmnet_data2	0	0
10:54:26.702	rmnet_data1	1488	1792
10:54:26.702	rmnet_data0	2703	4489
10:54:26.702	wlan0	1356335	19423056
10:54:27.748	rmnet_ipa0	19716	23377
10:54:27.748	rmnet_data2	0	0
10:54:27.748	rmnet_data1	1488	1792
10:54:27.748	rmnet_data0	2703	4489
10:54:27.748	wlan0	1356335	19423122
10:54:28.791	rmnet_ipa0	19716	23377
10:54:28.791	rmnet_data2	0	0
10:54:28.791	rmnet_data1	1488	1792
10:54:28.791	rmnet_data0	2703	4489
10:54:28.791	wlan0	1356387	19423122
10:54:29.831	rmnet_ipa0	19716	23377
10:54:29.831	rmnet_data2	0	0
10:54:29.831	rmnet_data1	1488	1792
10:54:29.831	rmnet_data0	2703	4489
10:54:29.831	wlan0	1356387	19423122
10:54:30.880	rmnet_ipa0	19716	23377
10:54:30.880	rmnet_data2	0	0
10:54:30.880	rmnet_data1	1488	1792
10:54:30.880	rmnet_data0	2703	4489
10:54:30.880	wlan0	1356387	19423122
10:54:31.927	rmnet_ipa0	19716	23377
10:54:31.927	rmnet_data2	0	0
10:54:31.927	rmnet_data1	1488	1792
10:54:31.927	rmnet_data0	2703	4489
10:54:31.927	wlan0	1356480	19423291
10:54:32.960	rmnet_ipa0	19716	23377
10:54:32.960	rmnet_data2	0	0
10:54:32.960	rmnet_data1	1488	1792
10:54:32.960	rmnet_data0	2703	4489
10:54:32.960	wlan0	1356480	19423291
10:54:34.005	rmnet_ipa0	19716	23377
10:54:34.005	rmnet_data2	0	0
10:54:34.005	rmnet_data1	1488	1792
10:54:34.005	rmnet_data0	2703	4489
10:54:34.005	wlan0	1356480	19423291
10:54:35.054	rmnet_ipa0	19716	23377
10:54:35.054	rmnet_data2	0	0
10:54:35.054	rmnet_data1	1488	1792
10:54:35.054	rmnet_data0	2703	4489
10:54:35.054	wlan0	1356480	19423291
10:54:36.103	rmnet_ipa0	19716	23377
10:54:36.103	rmnet_data2	0	0
10:54:36.103	rmnet_data1	1488	1792
10:54:36.103	rmnet_data0	2703	4489
10:54:36.103	wlan0	1356480	19423291
10:54:37.151	rmnet_ipa0	19716	23377
10:54:37.151	rmnet_data2	0	0
10:54:37.151	rmnet_data1	1488	1792
10:54:37.151	rmnet_data0	2703	4489
10:54:37.151	wlan0	1356480	19423291
10:54:38.189	rmnet_ipa0	19716	23377
10:54:38.189	rmnet_data2	0	0
10:54:38.189	rmnet_data1	1488	1792
10:54:38.189	rmnet_data0	2703	4489
10:54:38.189	wlan0	1356480	19423357
10:54:39.234	rmnet_ipa0	19716	23377
10:54:39.234	rmnet_data2	0	0
10:54:39.234	rmnet_data1	1488	1792
10:54:39.234	rmnet_data0	2703	4489
10:54:39.234	wlan0	1356532	19423357
10:54:40.286	rmnet_ipa0	19716	23377
10:54:40.286	rmnet_data2	0	0
10:54:40.286	rmnet_data1	1488	1792
10:54:40.286	rmnet_data0	2703	4489
10:54:40.286	wlan0	1356532	19423357
10:54:41.336	rmnet_ipa0	19716	23377
10:54:41.336	rmnet_data2	0	0
10:54:41.336	rmnet_data1	1488	1792
10:54:41.336	rmnet_data0	2703	4489
10:54:41.336	wlan0	1356532	19423357
10:54:42.384	rmnet_ipa0	19716	23377
10:54:42.384	rmnet_data2	0	0
10:54:42.384	rmnet_data1	1488	1792
10:54:42.384	rmnet_data0	2703	4489
10:54:42.384	wlan0	1356532	19423357
10:54:43.427	rmnet_ipa0	19716	23377
10:54:43.427	rmnet_data2	0	0
10:54:43.427	rmnet_data1	1488	1792
10:54:43.427	rmnet_data0	2703	4489
10:54:43.427	wlan0	1356532	19423357
10:54:44.473	rmnet_ipa0	19716	23377
10:54:44.473	rmnet_data2	0	0
10:54:44.473	rmnet_data1	1488	1792
10:54:44.473	rmnet_data0	2703	4489
10:54:44.473	wlan0	1356532	19423357
10:54:45.524	rmnet_ipa0	19716	23377
10:54:45.524	rmnet_data2	0	0
10:54:45.524	rmnet_data1	1488	1792
10:54:45.524	rmnet_data0	2703	4489
10:54:45.524	wlan0	1356532	19423357
10:54:46.559	rmnet_ipa0	19716	23377
10:54:46.559	rmnet_data2	0	0
10:54:46.559	rmnet_data1	1488	1792
10:54:46.559	rmnet_data0	2703	4489
10:54:46.559	wlan0	1356532	19423357
10:54:47.607	rmnet_ipa0	19716	23377
10:54:47.607	rmnet_data2	0	0
10:54:47.607	rmnet_data1	1488	1792
10:54:47.607	rmnet_data0	2703	4489
10:54:47.607	wlan0	1356532	19423357
10:54:48.646	rmnet_ipa0	19716	23377
10:54:48.646	rmnet_data2	0	0
10:54:48.646	rmnet_data1	1488	1792
10:54:48.646	rmnet_data0	2703	4489
10:54:48.646	wlan0	1356532	19423357
10:54:49.685	rmnet_ipa0	19716	23377
10:54:49.685	rmnet_data2	0	0
10:54:49.685	rmnet_data1	1488	1792
10:54:49.685	rmnet_data0	2703	4489
10:54:49.685	wlan0	1356584	19423423
10:54:50.733	rmnet_ipa0	19716	23377
10:54:50.733	rmnet_data2	0	0
10:54:50.733	rmnet_data1	1488	1792
10:54:50.733	rmnet_data0	2703	4489
10:54:50.733	wlan0	1356584	19423423
10:54:51.777	rmnet_ipa0	19716	23377
10:54:51.777	rmnet_data2	0	0
10:54:51.777	rmnet_data1	1488	1792
10:54:51.777	rmnet_data0	2703	4489
10:54:51.777	wlan0	1356584	19423423
10:54:52.819	rmnet_ipa0	19716	23377
10:54:52.819	rmnet_data2	0	0
10:54:52.819	rmnet_data1	1488	1792
10:54:52.819	rmnet_data0	2703	4489
10:54:52.819	wlan0	1356584	19423423
10:54:53.858	rmnet_ipa0	19716	23377
10:54:53.858	rmnet_data2	0	0
10:54:53.858	rmnet_data1	1488	1792
10:54:53.858	rmnet_data0	2703	4489
10:54:53.858	wlan0	1356584	19423465
10:54:54.908	rmnet_ipa0	19716	23377
10:54:54.908	rmnet_data2	0	0
10:54:54.908	rmnet_data1	1488	1792
10:54:54.908	rmnet_data0	2703	4489
10:54:54.908	wlan0	1356612	19423465
10:54:55.955	rmnet_ipa0	19716	23377
10:54:55.955	rmnet_data2	0	0
10:54:55.955	rmnet_data1	1488	1792
10:54:55.955	rmnet_data0	2703	4489
10:54:55.955	wlan0	1356612	19423465
10:54:57.001	rmnet_ipa0	19716	23377
10:54:57.001	rmnet_data2	0	0
10:54:57.001	rmnet_data1	1488	1792
10:54:57.001	rmnet_data0	2703	4489
10:54:57.001	wlan0	1356612	19423465
10:54:58.047	rmnet_ipa0	19716	23377
10:54:58.047	rmnet_data2	0	0
10:54:58.047	rmnet_data1	1488	1792
10:54:58.047	rmnet_data0	2703	4489
10:54:58.047	wlan0	1356612	19423465
10:54:59.094	rmnet_ipa0	19716	23377
10:54:59.094	rmnet_data2	0	0
10:54:59.094	rmnet_data1	1488	1792
10:54:59.094	rmnet_data0	2703	4489
10:54:59.094	wlan0	1356612	19423465
10:55:00.128	rmnet_ipa0	19716	23377
10:55:00.128	rmnet_data2	0	0
10:55:00.128	rmnet_data1	1488	1792
10:55:00.128	rmnet_data0	2703	4489
10:55:00.128	wlan0	1356612	19423531
10:55:01.176	rmnet_ipa0	19716	23377
10:55:01.176	rmnet_data2	0	0
10:55:01.176	rmnet_data1	1488	1792
10:55:01.176	rmnet_data0	2703	4489
10:55:01.176	wlan0	1356664	19423531
10:55:02.225	rmnet_ipa0	19716	23377
10:55:02.225	rmnet_data2	0	0
10:55:02.225	rmnet_data1	1488	1792
10:55:02.225	rmnet_data0	2703	4489
10:55:02.225	wlan0	1356664	19423634
10:55:03.273	rmnet_ipa0	19716	23377
10:55:03.273	rmnet_data2	0	0
10:55:03.273	rmnet_data1	1488	1792
10:55:03.273	rmnet_data0	2703	4489
10:55:03.273	wlan0	1356757	19423700
10:55:04.320	rmnet_ipa0	19716	23377
10:55:04.320	rmnet_data2	0	0
10:55:04.320	rmnet_data1	1488	1792
10:55:04.320	rmnet_data0	2703	4489
10:55:04.320	wlan0	1356757	19423700
10:55:05.367	rmnet_ipa0	19716	23377
10:55:05.367	rmnet_data2	0	0
10:55:05.367	rmnet_data1	1488	1792
10:55:05.367	rmnet_data0	2703	4489
10:55:05.367	wlan0	1356957	19423700
10:55:06.412	rmnet_ipa0	19716	23377
10:55:06.412	rmnet_data2	0	0
10:55:06.412	rmnet_data1	1488	1792
10:55:06.412	rmnet_data0	2703	4489
10:55:06.412	wlan0	1357157	19423700
10:55:07.461	rmnet_ipa0	19716	23377
10:55:07.461	rmnet_data2	0	0
10:55:07.461	rmnet_data1	1488	1792
10:55:07.461	rmnet_data0	2703	4489
10:55:07.461	wlan0	1357157	19423700
10:55:08.513	rmnet_ipa0	19716	23377
10:55:08.513	rmnet_data2	0	0
10:55:08.513	rmnet_data1	1488	1792
10:55:08.513	rmnet_data0	2703	4489
10:55:08.513	wlan0	1357157	19423700
10:55:09.557	rmnet_ipa0	19716	23377
10:55:09.557	rmnet_data2	0	0
10:55:09.557	rmnet_data1	1488	1792
10:55:09.557	rmnet_data0	2703	4489
10:55:09.557	wlan0	1357157	19423742
10:55:10.604	rmnet_ipa0	19716	23377
10:55:10.604	rmnet_data2	0	0
10:55:10.604	rmnet_data1	1488	1792
10:55:10.604	rmnet_data0	2703	4489
10:55:10.604	wlan0	1357185	19423850
10:55:11.650	rmnet_ipa0	19716	23377
10:55:11.650	rmnet_data2	0	0
10:55:11.650	rmnet_data1	1488	1792
10:55:11.650	rmnet_data0	2703	4489
10:55:11.650	wlan0	1357265	19423892
10:55:12.697	rmnet_ipa0	19716	23377
10:55:12.697	rmnet_data2	0	0
10:55:12.697	rmnet_data1	1488	1792
10:55:12.697	rmnet_data0	2703	4489
10:55:12.697	wlan0	1357293	19423892
10:55:13.733	rmnet_ipa0	19716	23377
10:55:13.733	rmnet_data2	0	0
10:55:13.733	rmnet_data1	1488	1792
10:55:13.733	rmnet_data0	2703	4489
10:55:13.733	wlan0	1357293	19423892
10:55:14.780	rmnet_ipa0	19716	23377
10:55:14.780	rmnet_data2	0	0
10:55:14.780	rmnet_data1	1488	1792
10:55:14.780	rmnet_data0	2703	4489
10:55:14.780	wlan0	1357293	19423892
10:55:15.820	rmnet_ipa0	19716	23377
10:55:15.820	rmnet_data2	0	0
10:55:15.820	rmnet_data1	1488	1792
10:55:15.820	rmnet_data0	2703	4489
10:55:15.820	wlan0	1357393	19423958
10:55:16.869	rmnet_ipa0	19716	23377
10:55:16.869	rmnet_data2	0	0
10:55:16.869	rmnet_data1	1488	1792
10:55:16.869	rmnet_data0	2703	4489
10:55:16.869	wlan0	1357393	19423958
10:55:17.919	rmnet_ipa0	19716	23377
10:55:17.919	rmnet_data2	0	0
10:55:17.919	rmnet_data1	1488	1792
10:55:17.919	rmnet_data0	2703	4489
10:55:17.919	wlan0	1357393	19423958
10:55:18.969	rmnet_ipa0	19716	23377
10:55:18.969	rmnet_data2	0	0
10:55:18.969	rmnet_data1	1488	1792
10:55:18.969	rmnet_data0	2703	4489
10:55:18.969	wlan0	1357393	19423958
10:55:20.016	rmnet_ipa0	19716	23377
10:55:20.016	rmnet_data2	0	0
10:55:20.016	rmnet_data1	1488	1792
10:55:20.016	rmnet_data0	2703	4489
10:55:20.016	wlan0	1357393	19423958
10:55:21.062	rmnet_ipa0	19716	23377
10:55:21.062	rmnet_data2	0	0
10:55:21.062	rmnet_data1	1488	1792
10:55:21.062	rmnet_data0	2703	4489
10:55:21.062	wlan0	1357393	19423958
10:55:22.107	rmnet_ipa0	19716	23377
10:55:22.107	rmnet_data2	0	0
10:55:22.107	rmnet_data1	1488	1792
10:55:22.107	rmnet_data0	2703	4489
10:55:22.107	wlan0	1357393	19423958
10:55:23.155	rmnet_ipa0	19716	23377
10:55:23.155	rmnet_data2	0	0
10:55:23.155	rmnet_data1	1488	1792
10:55:23.155	rmnet_data0	2703	4489
10:55:23.155	wlan0	1357393	19423958
10:55:24.204	rmnet_ipa0	19716	23377
10:55:24.204	rmnet_data2	0	0
10:55:24.204	rmnet_data1	1488	1792
10:55:24.204	rmnet_data0	2703	4489
10:55:24.204	wlan0	1357393	19423958
