code	name	last_modified	transfer_auto	transfer_evidence	vital_auto	vital_evidence	health_sensitive_auto	health_evidence	medical_basis_auto	medical_evidence	law_first_line
AL	Albania	28 January 2025	COND	General principles (Article 39) Personal data that is being processed or will be processed after transfer may only be transferred to a foreign country or international organization or further transferred from one foreign country or international organization to another, if adequate protection for th	yes	If appropriate safeguards are not in place, the transfer may only occur if one of the following conditions is met: the data subject has explicitly consented to the proposed international transfer, after having been clearly informed of the possible risks of such transfer; the transfer is necessary fo	yes	Definition of Sensitive Personal Data Data Protection Law defines sensitive data as special categories of personal data that reveal racial or ethnic origin, political opinions, religious beliefs or philosophical views, trade union membership, genetic data, biometric data, data concerning a person’s 	no		On 19 December 2024, the Parliament of the Republic of Albania passed Law No. 124/2024, titled“ On Personal Data Protection” (the“ Data Protection Law” ) (Official Gazette of the Republic of Albania No. 9, dated 17 January 2025).
DZ	Algeria	20 March 2026	AUTH	According to the provisions of the law No. 18-07, the data controller may only transfer personal data to a foreign State with the authorisation of the national authority in accordance with Law No. 18-07 and if that State ensures an adequate level of protection of the privacy and fundamental rights a	yes	However, Article 45 of the law No 18-07 provides derogations from the general provisions for transferring personal data (free translation):“ Article 45: In derogation from the provisions of Article 44 of this law [general provisions explained above], the data controller may transfer personal data to	yes	Definition of sensitive personal data Personal data revealing racial or ethnic origin, political opinions, religious or philosophical beliefs or trade union membership of the data subject or relating to health, including genetic data.	no		Law No. 18-07 of 10 June 2018 on protection of natural persons in personal data processing, as amended and supplemented notably by law No. 25-11 of 24 July 2025 (“Law No. 18-07”).
AO	Angola	30 December 2021	AUTH	International transfers of personal data to countries that do not ensure an adequate level of protection are subject to prior authorization from the APD, which will only be granted if specific requirements are met.	no		yes	Definition of sensitive personal data The Data Protection Law defines sensitive personal data as personal data related to: Philosophical or political beliefs Political affiliations or trade union membership Religion Private life Racial or ethnic origin Health or sex life (including genetic data) Rel	no		This content was last reviewed in 2021 and may not reflect recent legislative updates.
AR	Argentina	28 January 2025	COND	Transfers and disclosures to third parties Personal data may only be transferred for legitimate purposes of the transferor and the transferee, and generally with the prior consent of the data subject who must be informed of the transfer’s purpose and of the transferee’s identity.	no		yes	Definition of sensitive personal data Sensitive data includes personal data which reveal racial or ethnic origin, political opinions, religious, philosophical or moral convictions, trade union affiliation and information related to health and sexual activities.	no		Article 43 of the Federal Constitution, third paragraph, provides, in relevant part that any person may file an action to have access to personal data about such person and to information about the purpose with which they are kept, included in public data registries or banks, or in private data regi
AM	Armenia	20 January 2025	COND	Transfer to third parties shall mean an operation aimed at transferring personal data to a certain scope of persons or the public at large or at familiarizing with them, including disclosure of personal data through the mass media, posting in information communication networks or otherwise making pe	yes	The processor may transfer special category personal data to third parties or grant access to data without the personal data subject’s consent, where: the data processor is considered as a processor of special category personal data prescribed by law or an interstate agreement, the transfer of such 	yes	Definition of sensitive personal data Special Category is defined as any information related to a person's։ race; nationality or ethnicity; political views; religious or philosophical beliefs; membership in a professional union; health status; and sexual life.	no		Personal Data Protection Law as of 18.05.2015, number ՀՕ-49-Ն.
AW	Aruba	10 February 2025	COND	National Ordinance Person Registration By means of article 9 of the National Ordinance Person Registration, recorded data will only be made available to third parties in accordance with the purpose of the register and if obligated by law or done with the consent of the registered persons.	no		no		no		National Ordinance Person Registration ( Landsverordening persoonsregistratie, National Gazette 2011, Consolidated text no. 37) (“National Ordinance Person Registration”); General Data Protection Regulation (the“ GDPR”) – a regulation of the European Union which became effective on May 25, 2018 – ma
AU	Australia	11 March 2026	COND	Unless certain limited exemptions under the Privacy Act apply, personal information may only be disclosed to an organisation outside of Australia where the entity has taken reasonable steps to ensure that the overseas recipient does not breach the APPs (other than APP 1) in relation to the personal 	no		yes	"Definition of sensitive personal data Sensitive personal data (referred to as"" sensitive information"" in Australia) means information or an opinion about: Racial or ethnic origin; Political opinions; Membership of a political association; Religious beliefs or affiliations; Philosophical beliefs; Mem"	no		Australia regulates data privacy and protection through a mix of Federal, State and Territory laws.
AT	Austria	20 January 2025	AUTH	The GDPR has removed the need which existed in some Member States under the previous law to notify and in some cases seek prior approval of standard contractual clauses from supervisory authorities.	yes	The GDPR also includes a list of context specific derogations, permitting transfers to third countries where: explicit informed consent has been obtained; the transfer is necessary for the performance of a contract or the implementation of pre-contractual measures; the transfer is necessary for the 	yes	"The GDPR creates more restrictive rules for the processing of"" special categories"" (Article 9) of personal data (including data relating to race, religion, sexual life, data pertaining to health, genetics and biometrics) and personal data relating to criminal convictions and offences (Article 10)."	yes	Special Category Data Processing of special category data is prohibited (Article 9), except where one of the following exemptions applies (which, in effect, operate as secondary bases which must be established for the lawful processing of special category data, in addition to an Article 6 basis): wi	EU regulation The General Data Protection Regulation (Regulation (EU) 2016/679) ( GDPR ) is a European Union law which entered into force in 2016 and, following a two-year transition period, became directly applicable law in all Member States of the European Union on May 25, 2018, without requiring 
AZ	Azerbaijan	15 February 2022	COND	Transfer of personal data can be performed with a prior written consent of a data subject, unless the data is of open category.	no		yes	Definition of Sensitive Personal Data Personal data of special category includes information relating to race or nationality of an individual, his/her family life, religion and belief, health or conviction.	no		This content was last reviewed in 2022 and may not reflect recent legislative updates.
BS	Bahamas	28 January 2025	LOCAL	Under Section 17(1) the DPC may prohibit the transfer of personal data from The Bahamas to a place outside The Bahamas in cases where there is a failure to provide protection either by contract or otherwise equivalent to that provided under DPA, subject to certain exceptions.	no		yes	Definition of Sensitive Personal Data ‘Sensitive personal data’ is further defined in Section 2 DPA as personal data relating to: racial origin; political opinions or religious or other beliefs; physical or mental health (other than any such data reasonably kept by them in relation to the physical o	no		Data Protection (Privacy of Personal Information) Act (“DPA”).
BH	Bahrain	2 February 2026	AUTH	Data controllers would be permitted to transfer personal data directly to the states, countries and territories listed in the regulation, without obtaining prior authorization from the Authority.	yes	In this instance, one shall have to satisfy the terms and conditions prescribed for viewing the register before viewing that information; if the transfer is necessary for any of the following: to implement a contract between the data subject and the data controller, or to undertake preceding steps a	no		yes	Processing of sensitive personal data is also prohibited without the consent of the data subject, except when the processing: is required by the data controller to carry out their obligations; is necessary for the protection of the data subject; of the data is made available to the public by the dat	"Bahrain enacted Law No. 30 of 2018 with respect to Personal Data Protection ("" PDPL"" ) on July 12, 2018."
BD	Bangladesh	3 January 2024	AUTH	Furthermore, in our opinion, subscribers would not have the option of giving consent to the telcos to share their data, instead for such sharing, approval from the Commission will be required.	no		no		no		Cyber al Security Act 2023 ( CA 2023 ).
BB	Barbados	28 January 2024	COND	Transfer of personal data is unlawful unless certain conditions are satisfied.	no		no		no		"The Data Protection Act (the"" Act"" ) was passed on August 12, 2019, and came into force in March 2021."
BY	Belarus	13 February 2026	COND	The general rule is that cross-border transfer is prohibited, unless the relevant third country provides an appropriate level of protection of the personal data subjects’ rights.	no		yes	Definition of sensitive personal data Data Protection Law defines“ special personal data” which include information about race, nationality, political, religious and other convictions, health and sexual activity; criminal conviction records; biometric and genetic personal data.“ Biometric personal d	no		The fundamental legal act regulating personal data protection in Belarus is the Law on Personal Data Protection of 7 May 2021 No. 99-Z which entered into force on 15 November 2021 (Data Protection Law).
BE	Belgium	13 February 2026	AUTH	The GDPR has removed the need which existed in some Member States under the previous law to notify and in some cases seek prior approval of standard contractual clauses from supervisory authorities.	yes	The GDPR also includes a list of context specific derogations, permitting transfers to third countries where: explicit informed consent has been obtained; the transfer is necessary for the performance of a contract or the implementation of pre-contractual measures; the transfer is necessary for the 	yes	"The GDPR creates more restrictive rules for the processing of"" special categories"" (Article 9) of personal data (including data relating to race, religion, sexual life, data pertaining to health, genetics and biometrics) and personal data relating to criminal convictions and offences (Article 10)."	yes	Special Category Data Processing of special category data is prohibited (Article 9), except where one of the following exemptions applies (which, in effect, operate as secondary bases which must be established for the lawful processing of special category data, in addition to an Article 6 basis): wi	The GDPR has been integrated in Belgium through a number of laws.
BJ	Benin	20 January 2025	COND	A personal data processor may transfer data to a foreign country if the receiving country ensures an adequate level of protection for the privacy and human rights and freedoms of the persons concerned.	no		yes	Definition of Sensitive Personal Data Pursuant to Article 1 of the Digital Code, the following personal data is considered 'sensitive' and is subject to specific processing conditions: personal data revealing racial or ethnic origin, political opinions, religious or philosophical beliefs; trade unio	no		The data protection regime in Benin is governed by two pieces of legislations namely the Law No. 2017-20 of April 20, 2018 on the digital code amended by law no. 2020-35 of 06 January 2021 and the Law No. 2009-09 of May 22, 2009 Dealing with the Protection of Personally Identifiable Information.
BM	Bermuda	28 January 2024	COND	PIPA regulates the transfer of personal information to an overseas third party.	no		yes	"Definition of sensitive personal data PIPA provides for a definition of"" sensitive personal information"" as meaning"" any personal information relating to an individual’s place of origin, race, colour, national or ethnic origin, sex, sexual orientation, sexual life, marital status, physical or mental"	no		The Bermuda legislature passed a comprehensive legislative framework that specifically addresses issues of data protection in the form of the Personal Information Protection Act 2016 (PIPA).
BO	Bolivia	4 February 2026	COND	There are currenlty no specific requirements for the lawful transfer of personal data.	no		no		no		Bolivia does not have a comprehensive Data Protection Law.
BQ	Bonaire, Sint Eustatius and Saba	10 February 2025	COND	Personal Data Protection Act BES Article 42 of Personal Data Protection Act BES stipulates that personal data that is subject to processing or that are intended to be processed after its transfer may only be transferred to a country outside the European Union if, without prejudice to compliance with	no		yes	Definition of Sensitive Personal Data Personal Data Protection Act BES A person’s religion or belief, race, political views, health, sexual life as well as personal data concerning membership of a trade union.	no		Personal Data Protection Act BES (Wet bescherming persoonsgegevens BES) (“Personal Data Protection Act BES”); General Data Protection Regulation (the“ GDPR”) – a regulation of the European Union which became effective on May 25, 2018.
BA	Bosnia and Herzegovina	13 February 2026	COND	The transfer of personal data outside Bosnia and Herzegovina is allowed only under strict conditions to ensure that the rights of data subjects are protected: Adequacy of protection.	no		yes	Special categories of personal data mean personal data revealing racial or ethnic origin, political opinions, religious or philosophical beliefs, or trade union membership, as well as genetic data, biometric data processed for the purpose of uniquely identifying a natural person, data concerning hea	no		"The Law on the Protection of Personal Data of BiH (""Official Gazette of BiH"", no. 12/25) The Law on Personal Data Protection of Bosnia and Herzegovina (“ DP Law” ) was adopted on 30th January 2025 and entered into force on 8th March 2025."
BW	Botswana	18 March 2026	AUTH	Transborder transfers of personal data require prior authorisation to be granted by the Commissioner so as to assess and ensure that adequate levels of protection are provided by the country receiving the personal data.	yes	Notwithstanding the above, transborder transfers to countries which do not offer an adequate level of protection are allowed where the data subject consents to the proposed transfer or, where the transfer is: necessary for the performance of a contract between the data subject and the data controlle	yes	Definition of sensitive personal data Sensitive Personal Data is defined to mean personal data which reveals a data subject’s: racial or ethnic origin; political opinions; religious beliefs or philosophical beliefs; membership of a trade union; physical or mental health or condition; sexual life; or	yes	Furthermore, processing of sensitive personal data for health or medical purposes is allowed where the processing is done by a health professional and is necessary for preventative medicine as well as protection of public health, medical diagnosis, health care or the management of health and hospita	The Data Protection Act – Act No. 18 of 2024, (“ the DPA” ) is an Act which was assented to by Parliament on the 19th August 2024 and came into effect on the 29th October 2024.
BR	Brazil	30 March 2026	COND	The transfer of personal data to other jurisdictions is allowed only subject to compliance with the requirements of the LGPD.	yes	Prior specific and informed consent is needed for cross-border transfers, unless: The transfer is to countries or international organizations with an adequate level of protection of personal data There are adequate guarantees of compliance with the principles and rights of data subject provided by L	yes	Definition of sensitive personal data The LGPD defines sensitive personal data as any personal data concerning: Racial or ethnic origin Religious belief Political opinion Trade union Religious, philosophical or political organization membership Health or sex life Genetic or biometric data Related re	no		In force since September 18, 2020, the Brazilian General Data Protection Law (LGPD) is Brazil’s first comprehensive data protection regulation, and it broadly aligns with the EU General Data Protection Act (GDPR).
VG	British Virgin Islands	28 January 2025	COND	As set out under the General Principle, transfers of personal data by a data controller or a data processor to countries or territories outside the British Virgin Islands are only permitted where that country or territory ensures an adequate level of protection of data protection safeguards in relat	yes	The DPA also includes the following exceptions where the General Principle will not apply to a transfer: if the data subject has consented to the transfer (where consent must be freely given, specific, informed, and unambiguous and must be capable of being withdrawn at any time) where the transfer i	yes	Definitions in the British Virgin Islands Definition of personal data Personal data means any information in respect of commercial transactions which: (i) is being processed wholly or partly by means of equipment operating automatically in response to instructions given for that purpose; (ii) is rec	no		The British Virgin Islands' Data Protection Act, 2021 (DPA) came into force on 9 July 2021.
BN	Brunei	18 March 2026	COND	At present not a regulated activity.	no		no		no		"In Brunei Darussalam, the Personal Data Protection Order, 2025 (""PDPO"") was enacted on 8 January 2025, with most substantive provisions commencing on 1 January 2026, to govern the collection, use and disclosure of personal data in Brunei Darussalam."
BG	Bulgaria	12 February 2026	AUTH	The GDPR has removed the need which existed in some Member States under the previous law to notify and in some cases seek prior approval of standard contractual clauses from supervisory authorities.	yes	The GDPR also includes a list of context specific derogations, permitting transfers to third countries where: explicit informed consent has been obtained; the transfer is necessary for the performance of a contract or the implementation of pre-contractual measures; the transfer is necessary for the 	yes	"The GDPR creates more restrictive rules for the processing of"" special categories"" (Article 9) of personal data (including data relating to race, religion, sexual life, data pertaining to health, genetics and biometrics) and personal data relating to criminal convictions and offences (Article 10)."	yes	Special Category Data Processing of special category data is prohibited (Article 9), except where one of the following exemptions applies (which, in effect, operate as secondary bases which must be established for the lawful processing of special category data, in addition to an Article 6 basis): wi	EU regulation The General Data Protection Regulation (Regulation (EU) 2016/679) ( GDPR ) is a European Union law which entered into force in 2016 and, following a two-year transition period, became directly applicable law in all Member States of the European Union on May 25, 2018, without requiring 
BF	Burkina Faso	20 January 2025	COND	The provisions of the Law pertaining to international transfers are broadly drafted.	no		yes	Definition of Sensitive Personal Data Any personal data relating to the data subject's health or that reveal racial or ethnic origins, political, philosophical or religious opinions, union membership, morals, investigation and prosecution of offenders, criminal or administrative penalties, related s	yes	The processing of personal data can legally be carried out without the consent of the data subject(s), when it is necessary for: the performance of a contract to which the data subject is a party; or pre-contractual measures taken at the request of the data subject; compliance with a legal obligatio	The data protection regime in Burkina Faso is governed by the following laws and regulations: Law No. 001-2021 of March 30, 2021 on the protection of persons with regard to the processing of personal data.
BI	Burundi	17 January 2024	COND	No geographic transfer restrictions apply in Burundi.	no		no		no		Burundi does not have a law that specifically regulates personal data protection.
KH	Cambodia	13 February 2026	COND	There are no existing regulations or provisions on the restriction of the transfer of data, including international transfer, except for licensed banks and financial institutions licensed by the National Bank of Cambodia, which need to follow guidelines under the Technology Risk Management Guideline	no		no		no		The Ministry of Post and Telecommunications (MPTC) announced on 19 February 2021 their intention to prepare a comprehensive personal data protection law after finalizing the draft cybersecurity law.
CM	Cameroon	19 March 2026	AUTH	The transfer of personal data to a foreign country or to an international organisation is subject to prior authorisation being obtained from the Personal Data Protection Authority under conditions that guarantee the exercise of the data subject's rights.	no		yes	(Article 5 of the Data Protection Act) Definition of sensitive personal data Information relating in particular to religious, philosophical, political or trade union opinions and activities, banking transactions, racial or ethnic origin, linguistic or regional origin, sex life, genetics, biometrics,	no		The data protection regime in Cameroon is governed by the following laws and regulations: Law No. 2024/017 of 23 December 2024 on the protection of personal data Law N°2010/013 of 21 December 2010 governing electronic communications in Cameroon Law No. 2010/012 of 21 December 2010 on cybersecurity a
CA	Canada	26 January 2023	COND	When an organization transfers personal information to a third-party service provider ( ie, ‎who acts on behalf of the transferring organization -- although Canadian legislation does not use these terms, the transferring organization would be the“ controller” in GDPR parlance, and the service provid	no		no		no		This content was last reviewed in 2023 and may not reflect recent legislative updates.
CV	Cape Verde	16 January 2025	COND	The Data Protection Law stipulates that the international transfer of personal data is only permitted if the recipient country is considered to have adequate level of protection in respect of personal data processing.	yes	As a general rule, the transfer of personal data to countries that do not provide for an adequate level of protection of personal data can only be permitted if the data subject has given his consent or in some specific situations, namely if the transfer: is necessary for the performance of an agreem	yes	Definition of sensitive personal data Sensitive data is defined as personal data that refers to a person’s: philosophical or political convictions party or union affiliation religious faith private life ethnic origin health sex life genetic information and biometric data.	no		Data Protection Law (Law 133/V/2001 (as amended by Law 41/VIII/2013, Law 121/IX/2021 of 17 March 2021) and Law 132/V/2001, of 22 January 2001.
KY	Cayman Islands	28 January 2025	COND	As set out in the eighth principle, transfers of personal data by a data controller or a data processor to countries or territories outside the Cayman Islands are only permitted where that country or territory ensures an adequate level of protection for the rights and freedoms of data subjects in re	yes	The DPA also includes the following exceptions where the eighth principle will not apply to a transfer: if the data subject has consented to the transfer (where consent must be freely given, specific, informed and unambiguous and must be capable of being withdrawn at any time); where the transfer is	yes	The DPA creates more restrictive rules for the processing of ' sensitive personal data ', which includes personal data consisting of a data subject's racial or ethnic origin, political opinions, religious beliefs, trade union membership, genetic data, physical or mental health or condition, medical 	yes	Sensitive personal data In order for the processing of sensitive personal data to be considered lawful, in addition to meeting one of the above legal bases, one of the following conditions must be met: The data subject has given consent to the processing (where consent must be freely given, specific	The Data Protection Act (2021 revision) ( DPA ) is a Cayman Islands law, which first came into force on 30 September 2019.
TD	Chad	19 March 2026	COND	In light of Article 29 of the Act, the data controller cannot transfer personal data to another foreign country non-member of the CEMAC / CEAC unless that country provides a sufficient level of protection for the privacy, fundamental rights, and freedoms of individuals.	yes	A transfer to a non CEMAC / CEEAC country not offering a sufficient level of protection is possible if: the data subject agrees to the transfer; the transfer protects the life of the data subjects / holders; the transfer protects the public interest; the transfer is necessary to the performance of a	yes	Definition of sensitive personal data Data relating to religious, philosophical, political, trade union opinions or activities, sex or racial life, health, social measures, prosecutions, and criminal or administrative charges (Article 5 of the Act).	no		The data protection regime in Chad is mainly governed by the following laws and regulations: Act No. 007/PR/2015 of February 10, 2015, on Personal Data protection (‘ The Act ’); Decree No. 075/PR/2019 of January 21, 2019 implementing the provisions of application of the Act N°007/PR/2015 of February
CL	Chile	5 February 2026	COND	The transfer of personal data is considered a processing activity, so all of the aforementioned rules are applicable, including the requirement to rely on a legal basis (usually consent).	no		yes	Definition of sensitive data (Law 21.719) Sensitive Data refers to personal data relating to an individual’s physical or moral characteristics, or to facts or circumstances of their private or intimate life, that reveal ethnic or racial origin, political, trade-union or professional association affi	no		Protection of Personal Data is regulated under various laws in Chile.
CN	China	13 February 2026	AUTH	Transfers to overseas judicial or law enforcement authorities If an individual or organization wants to provide any data stored in the PRC to an overseas judicial or enforcement authority, it must obtain the approval of the Ministry of Justice in advance.	yes	"Exempted Transfers According to the Regulations on Facilitating and Regulating the Cross–border Data Transfers, the following cross-border data transfers are exempted from having to follow any one of the legitimising mechanisms above (""Exempted Transfers”): Collection outside of PRC the personal inf"	yes	Definition of sensitive personal information The PIPL defines sensitive personal information as information that, once leaked or illegally used, will easily lead to infringement of human dignity or harm to the personal or property safety of a natural person, including (but not limited to): biometric	no		There is not a single comprehensive data protection law in the People's Republic of China (PRC).
CO	Colombia	13 February 2026	COND	Per Law 1581, the transfer of personal data occurs if the data controller or the data processor located in Colombia transmits the personal data to a recipient, in or outside of Colombia, who is responsible for the personal data, i.e., a data controller.	no		yes	Data that reveals any of the below information is considered sensitive data and its processing is prohibited by law: Ethnic or racial origin Political orientation Religious or philosophic convictions Membership in labor unions, human right groups or social organizations Membership in any group that 	no		Colombia recognizes two fundamental personal data rights under Articles 15 and 20 of its Constitution: (1) the right to privacy and (2) the right to data rectification.
CI	Côte d’Ivoire	6 January 2025	AUTH	Article 26 also states that prior to any actual transfer of personal data to a third country, the data controller must obtain prior authorisation from ARTCI.	no		yes	Definition of sensitive personal data Article 1 of the 2013-450 law on the protection of personal data defines sensitive data as: 'any data relating to religious, philosophical, political or trade union opinions or activities, sexual or racial life, health, social measures, prosecutions or criminal 	no		The data protection regime in Côte d’Ivoire is governed by the following laws and regulations: Law No. 2024-532 of June 6, 2024, on Electronic Communications Law no. 2013-546 of 30 July 2013 on electronic transactions Law no. 2013-451 of 19 June 2013 on the fight against cybercrime Law no. 2013-450 
CR	Costa Rica	9 February 2026	COND	The transfer of personal information is authorized by the Laws if the data subject provides prior, unequivocal, express and valid written consent to the company that manages the database.	no		no		no		"Data privacy regulation in Costa Rica is contained in two laws, the"" Laws"": Law No. 7975, the Undisclosed Information Law, which makes it a crime to disclose confidential and/or personal information without authorization; and Law No. 8968, Protection in the Handling of the Personal Data of Individua"
HR	Croatia	10 February 2026	AUTH	The GDPR has removed the need which existed in some Member States under the previous law to notify and in some cases seek prior approval of standard contractual clauses from supervisory authorities.	yes	The GDPR also includes a list of context specific derogations, permitting transfers to third countries where: explicit informed consent has been obtained; the transfer is necessary for the performance of a contract or the implementation of pre-contractual measures; the transfer is necessary for the 	yes	"The GDPR creates more restrictive rules for the processing of"" special categories"" (Article 9) of personal data (including data relating to race, religion, sexual life, data pertaining to health, genetics and biometrics) and personal data relating to criminal convictions and offences (Article 10)."	yes	Special Category Data Processing of special category data is prohibited (Article 9), except where one of the following exemptions applies (which, in effect, operate as secondary bases which must be established for the lawful processing of special category data, in addition to an Article 6 basis): wi	EU regulation The General Data Protection Regulation (Regulation (EU) 2016/679) ( GDPR ) is a European Union law which entered into force in 2016 and, following a two-year transition period, became directly applicable law in all Member States of the European Union on May 25, 2018, without requiring 
CU	Cuba	16 February 2022	COND	Nothing in the Cuba rules is established concerning transfer.	no		no		no		This content was last reviewed in 2022 and may not reflect recent legislative updates.
CW	Curaçao	10 February 2025	COND	National Ordinance Personal Data Protection Contains no clauses.	no		yes	Definition of Sensitive Personal Data National Ordinance Personal Data Protection A person’s religion or belief, race, political views, health, sexual life as well as personal data concerning membership of a trade union.	no		National ordinance personal data protection (Landsverordening bescherming persoonsgegevens, National Gazette 2010, Consolidated text no. 84)“ (National Ordinance Personal Data Protection”); General Data Protection Regulation (the“ GDPR”) – a regulation of the European Union which became effective on
CY	Cyprus	12 March 2026	AUTH	The GDPR has removed the need which existed in some Member States under the previous law to notify and in some cases seek prior approval of standard contractual clauses from supervisory authorities.	yes	The GDPR also includes a list of context specific derogations, permitting transfers to third countries where: explicit informed consent has been obtained; the transfer is necessary for the performance of a contract or the implementation of pre-contractual measures; the transfer is necessary for the 	yes	"The GDPR creates more restrictive rules for the processing of"" special categories"" (Article 9) of personal data (including data relating to race, religion, sexual life, data pertaining to health, genetics and biometrics) and personal data relating to criminal convictions and offences (Article 10)."	yes	Special Category Data Processing of special category data is prohibited (Article 9), except where one of the following exemptions applies (which, in effect, operate as secondary bases which must be established for the lawful processing of special category data, in addition to an Article 6 basis): wi	EU regulation The General Data Protection Regulation (Regulation (EU) 2016/679) ( GDPR ) is a European Union law which entered into force in 2016 and, following a two-year transition period, became directly applicable law in all Member States of the European Union on May 25, 2018, without requiring 
CZ	Czech Republic	16 January 2024	AUTH	The GDPR has removed the need which existed in some Member States under the previous law to notify and in some cases seek prior approval of standard contractual clauses from supervisory authorities.	yes	The GDPR also includes a list of context specific derogations, permitting transfers to third countries where: explicit informed consent has been obtained; the transfer is necessary for the performance of a contract or the implementation of pre-contractual measures; the transfer is necessary for the 	yes	"The GDPR creates more restrictive rules for the processing of"" special categories"" (Article 9) of personal data (including data relating to race, religion, sexual life, data pertaining to health, genetics and biometrics) and personal data relating to criminal convictions and offences (Article 10)."	yes	Special Category Data Processing of special category data is prohibited (Article 9), except where one of the following exemptions applies (which, in effect, operate as secondary bases which must be established for the lawful processing of special category data, in addition to an Article 6 basis): wi	EU regulation The General Data Protection Regulation (Regulation (EU) 2016/679) ( GDPR ) is a European Union law which entered into force in 2016 and, following a two-year transition period, became directly applicable law in all Member States of the European Union on May 25, 2018, without requiring 
CD	Democratic Republic of Congo	4 February 2026	COND	The Digital Code distinguishes between the transmission and transfer of personal data.	no		yes	Definition of Sensitive Personal Data There is no separate definition of sensitive data, but the Digital Code prohibits, as a matter of principle, the processing of certain data which can be considered as sensitive, such as personal data relating to racial or ethnic origin, political opinions, relig	no		The protection of personal data is included in the law establishing the digital code N°23-010 of 13 March 2023 and published in the official journal on 11 April 2023 (the“ Digital Code Law” or“ Digital Code” ).
DK	Denmark	16 January 2025	AUTH	The GDPR has removed the need which existed in some Member States under the previous law to notify and in some cases seek prior approval of standard contractual clauses from supervisory authorities.	yes	The GDPR also includes a list of context specific derogations, permitting transfers to third countries where: explicit informed consent has been obtained; the transfer is necessary for the performance of a contract or the implementation of pre-contractual measures; the transfer is necessary for the 	yes	"The GDPR creates more restrictive rules for the processing of"" special categories"" (Article 9) of personal data (including data relating to race, religion, sexual life, data pertaining to health, genetics and biometrics) and personal data relating to criminal convictions and offences (Article 10)."	yes	Special Category Data Processing of special category data is prohibited (Article 9), except where one of the following exemptions applies (which, in effect, operate as secondary bases which must be established for the lawful processing of special category data, in addition to an Article 6 basis): wi	EU regulation The General Data Protection Regulation (Regulation (EU) 2016/679) ( GDPR ) is a European Union law which entered into force in 2016 and, following a two-year transition period, became directly applicable law in all Member States of the European Union on May 25, 2018, without requiring 
DO	Dominican Republic	28 January 2025	COND	Transfer is considered a form of 'treatment' of personal data under the DPL; hence, the rules apply, including consent requirements.	no		yes	Definition of sensitive personal data The term 'sensitive data' refers to personal data that reveals its subject´s: Political opinions Religious, philosophical or moral convictions Racial or ethnic origin Affiliation to labor unions or trade union membership, and Information concerning health or sex	no		Section 44 of the Dominican Constitution recognizes citizens’ right to access their personal data stored in public or private databases, as well as their right to information concerning the purpose and use of the same.
EC	Ecuador	10 February 2026	COND	International personal data transfers may be carried out if compliant with applicable data protection law and an adequate level of protection for data subjects is ensured, either because the destination country, organization, or recipient has been formally recognized as providing an adequate level o	yes	Additionally, international transfers may be permitted in exceptional circumstances, including when the data subject has given explicit and informed consent, when the transfer is necessary for the performance of a contract or pre-contractual measures, for compliance with a legal or regulatory obliga	yes	Definition of Sensitive Personal Data Article 4 of the Organic Law on Personal Data Protection defines sensitive personal data as information related to: ethnicity, gender identity, cultural identity, religion, ideology, political affiliation, judicial background, immigration status, sexual orientat	no		"Constitution The Constitution of Ecuador in its article 66, referring to the personal freedom rights of individuals in the Ecuadorian territory, the State recognizes and guarantees in section 19:"" The right to the protection of personal data, which includes the access and decision on information and"
EG	Egypt	13 February 2026	COND	Pursuant to Article (14) of the Law, it is prohibited to transfer any personal data that was collected or prepared for processing to a foreign country unless such country grants a level of protection of personal data, that does not fall below what is stipulated in the Law and subject to obtaining a 	no		yes	Definition of Sensitive Personal Data Pursuant to Article (1) of the Law, sensitive data shall mean data which discloses psychological, mental or physical health, or genetic, biometric or financial data, religious beliefs, political views, or criminal records.	no		"Personal Data Protection Law No.151 of 2020 (the"" Law"")."
SV	El Salvador	28 January 2024	COND	Transfer is not specifically regulated.	no		no		no		N/A.
GQ	Equatorial Guinea	6 March 2025	COND	Art. 21 is to the effect that: Personal data obtained by the General administration of the state cannot be communicated or given out unless it is for historic or, statistics of scientific purposes.	no		no		no		The applicable law is the Personal Data Protection Law Num. 1/2016 dated 22 July.
EE	Estonia	19 February 2026	AUTH	The GDPR has removed the need which existed in some Member States under the previous law to notify and in some cases seek prior approval of standard contractual clauses from supervisory authorities.	yes	The GDPR also includes a list of context specific derogations, permitting transfers to third countries where: explicit informed consent has been obtained; the transfer is necessary for the performance of a contract or the implementation of pre-contractual measures; the transfer is necessary for the 	yes	"The GDPR creates more restrictive rules for the processing of"" special categories"" (Article 9) of personal data (including data relating to race, religion, sexual life, data pertaining to health, genetics and biometrics) and personal data relating to criminal convictions and offences (Article 10)."	yes	Special Category Data Processing of special category data is prohibited (Article 9), except where one of the following exemptions applies (which, in effect, operate as secondary bases which must be established for the lawful processing of special category data, in addition to an Article 6 basis): wi	EU regulation The General Data Protection Regulation (Regulation (EU) 2016/679) ( GDPR ) is a European Union law which entered into force in 2016 and, following a two-year transition period, became directly applicable law in all Member States of the European Union on May 25, 2018, without requiring 
ET	Ethiopia	23 March 2026	COND	Transfer of data to a third party jurisdiction is allowed provided that the third party jurisdiction to which the data is to be transferred ensures appropriate levels of protection.	no		yes	Definition of sensitive personal data Article 2 (5) of the Personal Data Protection Proclamation No.1321/2024 defines“ Sensitive Personal Data” as a natural person's data on: racial or ethnic origins; genetic or biometric data; or physical or mental health or condition.	yes	The Freedom of the Mass Media and Access to Information Proclamation No. 590/2008, applicable to government entities, is understood to generally define personal data as information about an identifiable individual that relates, but is not limited, to: medical, education, academic, employment, financ	Ethiopia has several laws that relate to privacy and data security, including: Personal Data Protection Proclamation No.1321/2024 The 1995 Constitution of the Federal Democratic Republic of Ethiopia; The 2005 Criminal Code of the Federal Democratic Republic of Ethiopia: The 1960 Civil Code, the Comp
FM	Federated States of Micronesia	2 February 2026	COND	None.	no		no		no		"A Bill is pending before FSM Congress for the"" Personal Data Protection Act of 2025."" If enacted into law, this Act will regulate the protection of personal data by national government departments."
FJ	Fiji	19 March 2026	COND	No applicable laws.	no		no		no		There is no specific legislation for personal data protection in Fiji.
FI	Finland	13 February 2026	AUTH	The GDPR has removed the need which existed in some Member States under the previous law to notify and in some cases seek prior approval of standard contractual clauses from supervisory authorities.	yes	The GDPR also includes a list of context specific derogations, permitting transfers to third countries where: explicit informed consent has been obtained; the transfer is necessary for the performance of a contract or the implementation of pre-contractual measures; the transfer is necessary for the 	yes	"The GDPR creates more restrictive rules for the processing of"" special categories"" (Article 9) of personal data (including data relating to race, religion, sexual life, data pertaining to health, genetics and biometrics) and personal data relating to criminal convictions and offences (Article 10)."	yes	Special Category Data Processing of special category data is prohibited (Article 9), except where one of the following exemptions applies (which, in effect, operate as secondary bases which must be established for the lawful processing of special category data, in addition to an Article 6 basis): wi	EU regulation The General Data Protection Regulation (Regulation (EU) 2016/679) ( GDPR ) is a European Union law which entered into force in 2016 and, following a two-year transition period, became directly applicable law in all Member States of the European Union on May 25, 2018, without requiring 
FR	France	23 February 2026	AUTH	The GDPR has removed the need which existed in some Member States under the previous law to notify and in some cases seek prior approval of standard contractual clauses from supervisory authorities.	yes	The GDPR also includes a list of context specific derogations, permitting transfers to third countries where: explicit informed consent has been obtained; the transfer is necessary for the performance of a contract or the implementation of pre-contractual measures; the transfer is necessary for the 	yes	"The GDPR creates more restrictive rules for the processing of"" special categories"" (Article 9) of personal data (including data relating to race, religion, sexual life, data pertaining to health, genetics and biometrics) and personal data relating to criminal convictions and offences (Article 10)."	yes	Special category data Processing of special category data is prohibited (Article 9), except where one of the following exemptions applies (which, in effect, operate as secondary bases which must be established for the lawful processing of special category data, in addition to an Article 6 legal basi	EU regulation The General Data Protection Regulation (Regulation (EU) 2016/679) (“GDPR” or” Regulation” ) is a European Union law which entered into force in 2016 and, following a two-year transition period, became directly applicable law in all Member States of the European Union on May 25, 2018, w
GA	Gabon	6 January 2025	COND	Data transfers to another country are prohibited unless the other country ensures an adequate level of privacy protection and protection of fundamental rights and freedoms of individuals with regard to the processing operation.	no		yes	Definition of Sensitive Personal Data All personal data relating to religious, philosophical, political or trade union opinions or activities, sex life, health, social race, health, social measures, prosecution, criminal or administrative sanctions (Article 6 Of The Personal Data Act 2023 And Articl	no		The data protection regime in Gabon is governed by the following laws and regulations: Act no. 025/2023 of 09/07/2023 amending Act no. 001/2011 of 25 September 2011 on the protection of personal data; Law No. 26/2018 of 22 October 2018 regarding Electronic Communications in Gabon; Law No. 02/2004 of
GE	Georgia	13 March 2026	COND	Under Georgian law, the transfer of personal data to another country or international organization is allowed only if specific conditions are met.	yes	Transfers are permissible when they comply with the requirements established by the law and adequate safeguards for data protection and the rights of the data subject are ensured in the recipient country or organization. ¹ Transfers are also permitted if: the transfer is provided for under an intern	yes	The law also defines special categories of personal data, which include data revealing racial or ethnic origin, political opinions, religious or philosophical beliefs, trade union membership, health data, data concerning a person’s sex life, as well as genetic and biometric data processed for the pu	no		The primary legal framework governing the protection of personal data in Georgia is the Law of Georgia on Personal Data Protection, adopted on 14 June 2023.
DE	Germany	16 February 2026	AUTH	The GDPR has removed the need which existed in some Member States under the previous law to notify and in some cases seek prior approval of standard contractual clauses from supervisory authorities.	yes	The GDPR also includes a list of context specific derogations, permitting transfers to third countries where: explicit informed consent has been obtained; the transfer is necessary for the performance of a contract or the implementation of pre-contractual measures; the transfer is necessary for the 	yes	"The GDPR creates more restrictive rules for the processing of"" special categories"" (Article 9) of personal data (including data relating to race, religion, sexual life, data pertaining to health, genetics and biometrics) and personal data relating to criminal convictions and offences (Article 10)."	yes	Special Category Data Processing of special category data is prohibited (Article 9), except where one of the following exemptions applies (which, in effect, operate as secondary bases which must be established for the lawful processing of special category data, in addition to an Article 6 basis): wi	At a glance Germany adjusted its legal framework to align with the GDPR through the new German Federal Data Protection Act (BDSG), which came into force on May 25, 2018.
GH	Ghana	18 March 2026	FREE	There are no specific provisions in the Act on the transfer of personal data.	no		yes	However 'special personal data', is defined as personal data which relates to: the race, colour, ethnic or tribal origin of the data subject; the political opinion of the data subject; the religious beliefs or other beliefs of a similar nature, of the data subject; the physical, medical, mental heal	no		The primary legislation governing privacy / data protection in Ghana is the Data Protection Act, 2012 (Act 843).
GI	Gibraltar	19 January 2024	COND	Transfers from Gibraltar Transfers of personal data by a controller or a processor to third countries outside of Gibraltar are only permitted where the conditions laid down in Chapter V of the Gibraltar GDPR are met (Article 44).	yes	Article 49 of the UK GDPR also includes a list of context specific derogations, permitting transfers to third countries where: explicit informed consent has been obtained; the transfer is necessary for the performance of a contract or the implementation of pre-contractual measures; the transfer is n	yes	"The Gibraltar GDPR creates more restrictive rules for the processing of"" special categories"" (Article 9) of personal data (including data relating to race, religion, sexual life, data pertaining to health, genetics and biometrics) and personal data relating to criminal convictions and offences (Arti"	yes	Special Category Data Processing of special category data is prohibited (Article 9), except where one of the following exemptions applies (which, in effect, operate as secondary bases which must be established for the lawful processing of special category data, in addition to an Article 6 basis): wi	Following the UK’s exit from the European Union, Gibraltar ceased to be a territory within the European Union as of midnight 31st December 2020.
GR	Greece	16 January 2025	AUTH	The GDPR has removed the need which existed in some Member States under the previous law to notify and in some cases seek prior approval of standard contractual clauses from supervisory authorities.	yes	The GDPR also includes a list of context specific derogations, permitting transfers to third countries where: explicit informed consent has been obtained; the transfer is necessary for the performance of a contract or the implementation of pre-contractual measures; the transfer is necessary for the 	yes	"The GDPR creates more restrictive rules for the processing of"" special categories"" (Article 9) of personal data (including data relating to race, religion, sexual life, data pertaining to health, genetics and biometrics) and personal data relating to criminal convictions and offences (Article 10)."	yes	Special Category Data Processing of special category data is prohibited (Article 9), except where one of the following exemptions applies (which, in effect, operate as secondary bases which must be established for the lawful processing of special category data, in addition to an Article 6 basis): wi	EU regulation The General Data Protection Regulation (Regulation (EU) 2016/679) ( GDPR ) is a European Union law which entered into force in 2016 and, following a two-year transition period, became directly applicable law in all Member States of the European Union on May 25, 2018, without requiring 
GT	Guatemala	21 December 2021	COND	Transfer of Personal Data is not regulated, however, Art. 31 of the Law on Access to Public Information establishes that written consent is necessary for any type of information transfer and bans expressly the commercialisation of sensitive data and sensitive personal data.	no		yes	Definitions in Guatemala Definition of Personal Data Article 9, number 1 of the Law on Access to Public Information defines Personal Data as“ relative to any information pertaining to natural persons identified or identifiable.” Definition of Sensitive Personal Data Article 9, number 2 of the Law on	no		This content was last reviewed in 2021 and may not reflect recent legislative updates.
GG	Guernsey	28 February 2026	COND	The DPL 2017 differentiates between authorised jurisdictions and unauthorised jurisdictions .	yes	"Personal data must not be transferred outside of the Bailiwick of Guernsey by a controller or processor ("" Exporter"" ) to an unauthorised jurisdiction unless the Exporter is satisfied that: particular 'safeguards' are in place and there is a mechanism for data subjects to enforce their rights and ob"	yes	Definition of special category data 'Special category data' means personal data consisting of information as to a data subject's: racial or ethnic origin political opinions religious or philosophical beliefs trade union membership genetic data, meaning personal data relating to the inherited or acqu	no		"The Data Protection (Bailiwick of Guernsey) Law, 2017 (""DPL 2017"") came into force on 25 May 2018 to coincide with the enforcement of the EU's General Data Protection Regulation (EU) 2016/670 (""GDPR"")."
GN	Guinea	20 December 2021	AUTH	Before any effective transfer of personal data to the third country, the data controller must obtain prior authorisation from the personal data protection authority.	no		yes	L/2016/037/AN, sensitive data is all personal data, relating to religious, philosophical, political, trade union opinions or activities, sexual or racial life, health, social measures, prosecution, criminal and administrative sanctions.	no		This content was last reviewed in 2021 and may not reflect recent legislative updates.
HT	Haiti	16 January 2025	COND	If personal data is communicated to a third party, it has to be accessible with the possibility to be modified by the person on which they have been stored.	no		no		no		Arrêté fixant les règles relatives à la protection des données à caractère personnel, published in the official gazette, Le Moniteur, #87 of May 15, 2018.
HN	Honduras	10 February 2025	COND	Individuals and / or companies may not transfer, commercialize, sell, distribute or provide access to personal data contained in databases developed in the course of their job, except with the express and direct written consent of the person to whom that data refers, subject to certain exceptions.	no		yes	Definitions in Honduras Definition of personal data Public Personal Data under the Law of the Civil Registry is defined as: Public Data whose disclosure is not restricted in any way, and includes the following: Names and surnames ID number Date of birth and date of death Gender Domicile (but not add	no		Personal data protection is regulated mainly in: National Constitution : Article 182 provides the constitutional protection of habeas data, giving individuals the right 'to access any file or record, private or public, electronic or hand written, that contains information which may produce damage to
HK	Hong Kong, SAR	8 March 2026	LOCAL	Nevertheless, non‑binding best practice guidance published by the PCPD encourages compliance with the cross‑border transfer restrictions in section 33 of the Ordinance, which prohibit the transfer of personal data to a place outside Hong Kong unless certain conditions are met (including a white list	no		no		no		The Personal Data (Privacy) Ordinance (Cap. 486) (Ordinance) regulates the collection and handling of personal data.
HU	Hungary	13 March 2026	COND	EU regulation Transfers of personal data by a controller or a processor to third countries outside of the EU (and Norway, Liechtenstein and Iceland) are only permitted where the conditions laid down in the GDPR are met (Article 44).	yes	The GDPR also includes a list of context specific derogations, permitting transfers to third countries where: explicit informed consent has been obtained; the transfer is necessary for the performance of a contract or the implementation of pre-contractual measures; the transfer is necessary for the 	yes	"The GDPR creates more restrictive rules for the processing of"" special categories"" (Article 9) of personal data (including data relating to race, religion, sexual life, data pertaining to health, genetics and biometrics) and personal data relating to criminal convictions and offences (Article 10)."	yes	Special Category Data Processing of special category data is prohibited (Article 9), except where one of the following exemptions applies (which, in effect, operate as secondary bases which must be established for the lawful processing of special category data, in addition to an Article 6 basis): wi	EU regulation The General Data Protection Regulation (Regulation (EU) 2016/679) (GDPR) is a European Union law which entered into force in 2016 and, following a two-year transition period, became directly applicable law in all Member States of the European Union on May 25, 2018, without requiring im
IS	Iceland	16 January 2025	AUTH	The GDPR has removed the need which existed in some Member States under the previous law to notify and in some cases seek prior approval of standard contractual clauses from supervisory authorities.	yes	The GDPR also includes a list of context specific derogations, permitting transfers to third countries where: explicit informed consent has been obtained; the transfer is necessary for the performance of a contract or the implementation of pre-contractual measures; the transfer is necessary for the 	yes	"The GDPR creates more restrictive rules for the processing of"" special categories"" (Article 9) of personal data (including data relating to race, religion, sexual life, data pertaining to health, genetics and biometrics) and personal data relating to criminal convictions and offences (Article 10)."	yes	Special Category Data Processing of special category data is prohibited (Article 9), except where one of the following exemptions applies (which, in effect, operate as secondary bases which must be established for the lawful processing of special category data, in addition to an Article 6 basis): wi	EU regulation The General Data Protection Regulation (Regulation (EU) 2016/679) ( GDPR ) is a European Union law which entered into force in 2016 and, following a two-year transition period, became directly applicable law in all Member States of the European Union on May 25, 2018, without requiring 
IN	India	13 February 2026	LOCAL	Data localisation While the DPDP Act itself does not provide for data localisation requirements, it recognizes that other sector-specific statutes and regulations may have restrictions on storing certain classes of data, which may include personal data.	no		no		no		Until 2023, India did not have a standalone law or framework to govern data protection.
ID	Indonesia	13 February 2026	COND	Cross border transfers Transfers of personal data, including transfers outside of the territory of the Republic of Indonesia would principally require an underlying basis.	no		yes	"Definition of sensitive personal data Sensitive personal data under the PDP Law is referred to as"" specific personal data"", which would include any: health data and records, biometric data, (iii) genetic data, criminal records, children’s data, personal financial data, and / or any other data as (ma"	yes	With the enactment of the PDP Law, the lawfulness of processing personal data has been extended and is largely similar with the GDPR, which are currently as follows: consent: the data subject has given explicit consent to the processing of his / her personal data for one or more specific purposes as	"Specific regulations Indonesia has adopted an overarching framework for personal data protection through the enactment of Law No. 27 of 2022 concerning Personal Data Protection (""PDP Law"") since 17 October 2022."
IR	Iran	23 May 2019	COND	The Charter of Citizen’s Rights prohibits personal data transfers without express data subject consent.	no		yes	Under the E-Commerce Law“ sensitive personal data” has customarily been understood to mean data relating to family matters, criminal records, tribal or ethnic origins, moral and religious beliefs, ethical characteristics, sexual habits and data regarding health, physical or psychological status.	no		This content was last reviewed in 2019 and may not reflect recent legislative updates.
IE	Ireland	17 January 2025	AUTH	The GDPR has removed the need which existed in some Member States under the previous law to notify and in some cases seek prior approval of standard contractual clauses from supervisory authorities.	yes	The GDPR also includes a list of context specific derogations, permitting transfers to third countries where: explicit informed consent has been obtained; the transfer is necessary for the performance of a contract or the implementation of pre-contractual measures; the transfer is necessary for the 	yes	"The GDPR creates more restrictive rules for the processing of"" special categories"" (Article 9) of personal data (including data relating to race, religion, sexual life, data pertaining to health, genetics and biometrics) and personal data relating to criminal convictions and offences (Article 10)."	yes	Special Category Data Processing of special category data is prohibited (Article 9), except where one of the following exemptions applies (which, in effect, operate as secondary bases which must be established for the lawful processing of special category data, in addition to an Article 6 basis): wi	EU regulation The General Data Protection Regulation (Regulation (EU) 2016/679) ( GDPR ) is a European Union law which entered into force in 2016 and, following a two-year transition period, became directly applicable law in all Member States of the European Union on May 25, 2018, without requiring 
IL	Israel	25 December 2024	COND	"The transfer of Personal Data abroad is subject to the Privacy Protection Regulations (Transfer of Data to Databases Abroad), 5761-2001 ("" Transfer Regs"" ), pursuant to which Personal Data may be transferred abroad only to the extent that: the laws of the country to which the data is transferred ens"	no		yes	Definition of sensitive personal data Sensitive Data, as currently defined under the PPL, means: data on the personality, intimate affairs, state of health, economic position, opinions and beliefs of a person; and other information if designated as such by the Minister of Justice with the approval o	yes	On March 5, 2024, the IPA published Policy: Protection of Patients' Privacy in the Transmission of Medical Information Through Digital Means which includes recommendations for organizations, medical professionals, and healthcare institutions on transfer of medical information such as: limiting the u	The laws that govern the right to privacy in Israel are the Basic Law: Human Dignity and Liberty, 5752 -1992; the Protection of Privacy Law, 5741-1981 and the regulations promulgated thereunder (the 'PPL') and the guidelines of the Israel Privacy Authority (as defined below).
IT	Italy	16 January 2025	AUTH	The GDPR has removed the need which existed in some Member States under the previous law to notify and in some cases seek prior approval of standard contractual clauses from supervisory authorities.	yes	The GDPR also includes a list of context specific derogations, permitting transfers to third countries where: explicit informed consent has been obtained; the transfer is necessary for the performance of a contract or the implementation of pre-contractual measures; the transfer is necessary for the 	yes	"The GDPR creates more restrictive rules for the processing of"" special categories"" (Article 9) of personal data (including data relating to race, religion, sexual life, data pertaining to health, genetics and biometrics) and personal data relating to criminal convictions and offences (Article 10)."	yes	Special Category Data Processing of special category data is prohibited (Article 9), except where one of the following exemptions applies (which, in effect, operate as secondary bases which must be established for the lawful processing of special category data, in addition to an Article 6 basis): wi	EU regulation The General Data Protection Regulation (Regulation (EU) 2016/679) ( GDPR ) is a European Union law which entered into force in 2016 and, following a two year transition period, became directly applicable law in all Member States of the European Union on 25 May 2018, without requiring i
JP	Japan	12 February 2026	COND	Disclosing / sharing personal information Currently, personal data (meaning personal information stored in a database) may not be disclosed to a third party without the prior consent of the individual, unless the business operator handling the personal information adopts the opt-out method, provides	no		no		no		"The Act on the Protection of Personal Information ("" APPI"" ) regulates privacy protection issues in Japan and the Personal Information Protection Commission ("" PPC"" ), a central agency acts as a supervisory governmental organization on issues of privacy protection."
JE	Jersey	16 January 2025	COND	The DPJL (Article 67) provides that data controllers and processors may only transfer personal data out of the European Economic Area if one of the following conditions are met: The transfer is to a jurisdiction which has been held by the European Commission to provide an adequate level of protectio	yes	An exemption applies, the most commonly utilized of which are as follows: The transfer is specifically required by a Jersey court The data subject explicitly consents The transfer is necessary for the performance of a contract to which the data subject is party or the implementation of pre-contractu	yes	A 'data subject' is defined in the DPJL as an identified or identifiable, natural living person who can be identified, directly or indirectly, by reference to (but not limited to) an identifier such as: A name, an identification number or location data An online identifier (which may include an IP a	yes	The most frequently relied upon bases for processing special category data are as follows: The explicit consent of the data subject The processing is necessary to comply with a data controller’s legal obligations (other than one imposed by contract) The processing is necessary for the purposes of ex	The Data Protection (Jersey) Law, 2018 (DPJL) and the Data Protection Authority (Jersey) Law, 2018 (DPAJL) came into force on May 25, 2018.
JO	Jordan	8 February 2026	LOCAL	Additionally, Article (15) prohibits the transfer of data outside the Kingdom to any person, including recipients, where the level of data protection is lower than that required under the law, unless specific exceptions apply.	no		yes	Sensitive Personal Data : Any data or information related to a natural person that directly or indirectly indicates their origin, race, political opinions, religious beliefs, financial status, health, physical or mental condition, genetic data, biometric data, criminal record, or any information dee	no		Personal Data Protection Law No.
KZ	Kazakhstan	13 February 2026	COND	Transfers of personal data are allowed if they do not violate the rights and freedoms of a personal data subject and do not affect the legitimate interests of other individuals and / or legal entities.	no		no		no		The main legal act regulating personal data in Kazakhstan is the law of the Republic of Kazakhstan No. 94-V dated May 21, 2013 'On Personal Data and Its Protection' (the 'Law').
KE	Kenya	23 March 2026	COND	The transfer of personal data outside Kenya is highly regulated under the Act (Part VI of the Act).	yes	Any country or territory is taken to have appropriate safeguards if it has: a reciprocal data protection agreement with Kenya; ratified the African Union Convention on Cyber Security and Personal Data Protection (the Malabo Convention); or contractual binding corporate rules among a concerned group 	yes	Definition of sensitive personal data Sensitive personal data is defined as data revealing the natural person's race, health status, ethnic social origin, conscience, belief, genetic data, biometric data, property details, marital status, family details including names of the person's children, pare	no		The Data Protection Act, 2019 (the“ Act” ) came into force on 25th November, 2019 and is now the primary statute on data protection in Kenya.
XK	Kosovo	4 February 2025	COND	In the context of transfer of personal data, the LPPD addresses two situations: Transfer of personal data to countries and international organisations which ensure an adequate level of data protection, and Transfer of personal data to countries and international organisations which do not provide ad	no		yes	Definition of Sensitive Personal Data“ Sensitive Personal Data” is defined as“ personal data revealing ethnic or racial origin, political or philosophical views, religious affiliation, union membership or any data related to health condition or sexual life, any involvement in or removal from crimina	yes	Notwithstanding the above, exemptions to prohibition of processing of sensitive personal data include the following circumstances (Article 6(3)): The data subject has given his/her explicit consent to the processing of those personal data for one or more specific purposes, except where the relevant 	The Law on Protection of Personal Data No.06/L-082 (“ LPPD” ) is the Kosovan law which entered into force and became applicable on 13 February 2019.
KW	Kuwait	4 February 2025	COND	Pursuant to the Data Protection Regulation, service providers are required to inform their users about the purposes of data processing, provide a description of the categories of data subjects and types of personal data involved, and disclose any transfer of personal data to foreign countries, speci	no		no		no		To date, Kuwait does not have a dedicated personal data protection law applying to all juristic or natural personsw.
KG	Kyrgyzstan	4 February 2025	COND	The Law on Personal Data allows transfer of personal data both within the country and abroad.	no		no		no		The Constitution of the Kyrgyz Republic prohibits collection, storage, use and dissemination of confidential information, private life information is not allowed without consent confidential / private life information subject.
LA	Laos	27 March 2026	COND	The Law on Electronic Data Protection provides that the transfer of data must comply with the following requirements: the Information Owner has given its consent for the transfer of the electronic data; the individual or legal entity transferring the electronic data ensures that the receiving entity	no		no		yes	A list of examples of sensitive data is provided in the Instructions on the Implementation of the Law on Electronic Data (2018), which includes“ information on customers, financial information, CV, history of medical treatment, race, religion, project plan, budget plan, official secret, etc.” (Secti	In Laos, the comprehensive regulatory framework on data privacy focuses on data in its digital form – electronic data – and no other.
LV	Latvia	4 February 2025	AUTH	The GDPR has removed the need which existed in some Member States under the previous law to notify and in some cases seek prior approval of standard contractual clauses from supervisory authorities.	yes	The GDPR also includes a list of context specific derogations, permitting transfers to third countries where: Explicit informed consent has been obtained The transfer is necessary for the performance of a contract or the implementation of pre-contractual measures The transfer is necessary for the co	yes	The GDPR creates more restrictive rules for the processing of special categories (Article 9) of personal data (including data relating to race, religion, sexual life, data pertaining to health, genetics and biometrics) and personal data relating to criminal convictions and offences (Article 10).	yes	Note also that this basis cannot be relied upon by a public authority in the performance of its tasks) Special Category Data Processing of special category data is prohibited (Article 9), except where one of the following exemptions applies (which, in effect, operate as secondary bases which must be	EU regulation The General Data Protection Regulation (Regulation (EU) 2016/679) ( GDPR ) is a European Union law which entered into force in 2016 and, following a two-year transition period, became directly applicable law in all Member States of the European Union on May 25, 2018, without requiring 
LB	Lebanon	21 December 2022	COND	The Law is silent on cross-border data transfers.	no		no		no		This content was last reviewed in 2022 and may not reflect recent legislative updates.
LS	Lesotho	16 March 2026	COND	The DP Act distinguishes between the transfer of personal information to a recipient in a Member State of the South African Development Community (SADC) that has transposed the SADC data protection requirements and the transfer of personal information to a Member state that has not transposed the SA	no		yes	Definitions in Lesotho Definition of personal data The DP Act defines personal data or information as being information about an identifiable individual that is recorded in any form, including: Information relating to the race, national or ethnic origin, religion, age or marital status of the indivi	no		The right to privacy is recognized and protected under the Constitution of the Kingdom of Lesotho.
LR	Liberia	23 February 2024	COND	The transfer of data out of Liberia is not specifically addressed by any Liberian law.	no		no		no		Data Privacy Protection Laws.
LY	Libya	18 January 2024	FREE	There are no provisions relating to internal data transfer.	no		no		no		Currently, there is no specific data protection law in Libya.
LT	Lithuania	3 February 2025	AUTH	The GDPR has removed the need which existed in some Member States under the previous law to notify and in some cases seek prior approval of standard contractual clauses from supervisory authorities.	yes	The GDPR also includes a list of context specific derogations, permitting transfers to third countries where: Explicit informed consent has been obtained; The transfer is necessary for the performance of a contract or the implementation of pre-contractual measures; The transfer is necessary for the 	yes	The GDPR creates more restrictive rules for the processing of special categories (Article 9) of personal data (including data relating to race, religion, sexual life, data pertaining to health, genetics and biometrics) and personal data relating to criminal convictions and offences (Article 10).	yes	Special Category Data Processing of special category data is prohibited (Article 9), except where one of the following exemptions applies (which, in effect, operate as secondary bases which must be established for the lawful processing of special category data, in addition to an Article 6 basis): Wi	EU regulation The General Data Protection Regulation (Regulation (EU) 2016/679) ( GDPR ) is a European Union law which entered into force in 2016 and, following a two-year transition period, became directly applicable law in all Member States of the European Union on May 25, 2018, without requiring 
LU	Luxembourg	4 February 2025	AUTH	The GDPR has removed the need which existed in some Member States under the previous law to notify and in some cases seek prior approval of standard contractual clauses from supervisory authorities.	yes	The GDPR also includes a list of context specific derogations, permitting transfers to third countries where: Explicit informed consent has been obtained The transfer is necessary for the performance of a contract or the implementation of pre-contractual measures The transfer is necessary for the co	yes	The GDPR creates more restrictive rules for the processing of special categories (Article 9) of personal data (including data relating to race, religion, sexual life, data pertaining to health, genetics and biometrics) and personal data relating to criminal convictions and offences (Article 10).	yes	Note also that this basis cannot be relied upon by a public authority in the performance of its tasks) Special Category Data Processing of special category data is prohibited (Article 9), except where one of the following exemptions applies (which, in effect, operate as secondary bases which must be	EU regulation The General Data Protection Regulation (Regulation (EU) 2016/679) ( GDPR ) is a European Union law which entered into force in 2016 and, following a two-year transition period, became directly applicable law in all Member States of the European Union on May 25, 2018, without requiring 
MO	Macau SAR	4 February 2026	COND	The transfer of personal data outside Macau can only take place if the recipient country ensures an adequate level of personal data protection, unless the data subject has provided clear consent or the required legal conditions have been met, and the required filings have been made with the OPDP.	no		yes	Definition of sensitive personal data The Law defines sensitive personal data as any personal data revealing political persuasion or philosophical beliefs, political and joint trade union affiliation, religion, private life, racial or ethnical origin or data related to health or sex life, including 	no		Macau Personal Data Protection Law no. 8/2005 of August 22nd (Law).
MG	Madagascar	4 February 2025	COND	The transfer of a data subject's personal data to a third party country is allowed only if the country guarantees to individuals a sufficient level of protection in terms of privacy and fundamental rights and liberties.	no		yes	Definition of sensitive personal data Sensitive personal data means data which includes information relating to: Racial origin; Biometric and genetic information; Political opinion; Religious belief or other convictions; Trade-union affiliation; and / or Health or sexual life.	no		Law No. 2014-038 relating to protection of personal data is the main regulatory framework in Madagascar (the“ Data Protection Law” ).
MY	Malaysia	12 February 2026	COND	Pursuant to the Amendment Act, the data controllers may transfer any personal data of a data subject out of Malaysia to a country that has substantially similar laws or where the country ensures equivalent levels of protection to that of the PDPA.	yes	Even if these requirements are not satisfied, the cross-border transfer is permissible if it falls within the exceptions to this restriction under the PDPA, including the following: The data subject has given his or her consent to the transfer; The transfer is necessary for the performance of a cont	yes	Definition of sensitive personal data 'Sensitive personal data' means any personal data consisting of information as to the physical or mental health or condition of a data subject, his or her political opinions, his or her religious beliefs or other beliefs of a similar nature, the commission or al	no		Malaysia's first comprehensive personal data protection legislation, the Personal Data Protection Act 2010 (PDPA), was passed by the Malaysian Parliament on June 02, 2010 and came into force on November 15, 2013.
MT	Malta	12 February 2026	AUTH	The GDPR has removed the need which existed in some Member States under the previous law to notify and in some cases seek prior approval of standard contractual clauses from supervisory authorities.	yes	The GDPR also includes a list of context specific derogations, permitting transfers to third countries where: Explicit informed consent has been obtained The transfer is necessary for the performance of a contract or the implementation of pre-contractual measures The transfer is necessary for the co	yes	The GDPR creates more restrictive rules for the processing of special categories (Article 9) of personal data (including data relating to race, religion, sexual life, data pertaining to health, genetics and biometrics) and personal data relating to criminal convictions and offences (Article 10).	yes	Note also that this basis cannot be relied upon by a public authority in the performance of its tasks) Special Category Data Processing of special category data is prohibited (Article 9), except where one of the following exemptions applies (which, in effect, operate as secondary bases which must be	EU regulation The General Data Protection Regulation (Regulation (EU) 2016/679) ( GDPR ) is a European Union law which entered into force in 2016 and, following a two-year transition period, became directly applicable law in all Member States of the European Union on May 25, 2018, without requiring 
MU	Mauritius	16 March 2026	COND	A controller or processor may transfer personal data to another country where any of the following apply: It has provided to the Commissioner proof of appropriate safeguards with respect to the protection of the personal data; The data subject has given explicit consent to the proposed transfer, aft	yes	A controller or processor may transfer personal data to another country where any of the following apply: It has provided to the Commissioner proof of appropriate safeguards with respect to the protection of the personal data; The data subject has given explicit consent to the proposed transfer, aft	yes	Special categories of data include personal data pertaining to any of the following about a data subject: Racial or ethnic origin; Political opinion or adherence; Religious or philosophical beliefs; Membership of a trade union; Physical or mental health or condition; Sexual orientation, practices or	yes	It is also possible to process special categories of personal data when: Processing relates to personal data which are manifestly made public by the data subject; Processing is conducted in the course of its lawful activities by a not-for-profit body with political, philosophical, religious, or trad	Mauritius regulates data protection under the Data Protection Act 2017 (DPA 2017 or Act), proclaimed through Proclamation No. 3 of 2018 and effective on January 15, 2018.
MX	Mexico	28 January 2024	COND	Mexican privacy laws distinguish between 'transfers' of personal data (to third parties) and transmissions of personal data (to processors).	no		no		yes	On the other hand, consent from the data subject is not required (but a privacy notice must still be made available) for the processing of personal data where any of the following apply: The processing is required pursuant to an applicable Mexican law The data is contained in publicly available sour	The Federal Law on the Protection of Personal Data held by Private Parties (Ley Federal de Protección de Datos Personales en Posesión de los Particulares) was in force until July 6, 2010.
MD	Moldova	13 February 2026	COND	Transfers of personal data by a controller or a processor are permitted taking into account the principle of free movement of data to EU countries and to third countries that ensures an adequate level of protection of personal data subjects’ rights and of data intended for transfer.	yes	The Law on Personal Data Protection also includes a list of context specific derogations, permitting transfers to countries that do not ensure an adequate level of protection: if the transfer is provided under an international treaty to which Moldova is a signatory; the data subject consents to the 	yes	Such special categories include data related to race, ethnic origin, political opinions, religious or philosophical beliefs, social belonging, data concerning health or sex life, as well as data relating to criminal convictions, administrative sanctions or coercive procedural measures.	no		The main national legal acts regulating personal data protection in Moldova are: the Constitution of the Republic of Moldova (Article 28); the Law No. 133 of 08 July 2011 on Personal Data Protection; the Law No. 182 of 10 July 2008 regarding the approval of the National Centre for Personal Data Prot
MC	Monaco	6 February 2025	COND	Monaco is not part of the EU, so the DPL does not distinguish between EEA jurisdictions and non-EEA jurisdictions.	no		yes	Definition of sensitive personal data While not expressly defined under the DPL, sensitive personal data is considered to be personal data revealing racial or ethnic origin, political opinions, religious or philosophical beliefs, trade union membership, and the processing of data concerning health /	no		Within the Principality of Monaco (Monaco) data protection law have been recently updated by Data Protection Law n° 1.565 of December 3, 2024 (the“ DPL” ).
MN	Mongolia	20 March 2026	COND	Under the Data Protection Law, transfer of Personal Data is prohibited unless otherwise approved under the relevant laws or permitted by the Data Owner.	no		no		no		On 17 December 2021, the Parliament of Mongolia (the“ Parliament”) adopted the Law of Mongolia on Personal Data Protection (the“ Data Protection Law”) which came into effect and full force from 1 May 2022.
ME	Montenegro	13 February 2026	COND	Under the DP Law, personal data may be transferred to countries or international organizations, where an adequate level of personal data protection exists, subject to the DPA's approval.	no		yes	Definition of sensitive personal data Under the DP Law, sensitive personal data is data relating to: Ethnicity or race Political opinion, or religious or philosophical belief Trade union membership Information on health condition and sexual life Related resources Explore DLA Piper's Privacy Matters 	no		The Law on Protection of Personal Data, Official Journal of Montenegro, nos. 79/2008, 70/2009, 44/2012 22/2017 and 77/2024, (DP Law) is the governing data protection law.
MA	Morocco	20 March 2026	AUTH	Prior authorization from the National Commission is required before any transfer of personal data to a foreign state.	yes	Further, the person in charge of the processing operation can transfer personal data to a foreign state only if the said state ensures under its applicable legal framework an adequate level of protection for the privacy and fundamental rights and freedoms of individuals regarding the processing to w	yes	Definition of sensitive personal data Sensitive personal data is defined under the law as personal data which reveal the racial or ethnic origin, political opinions, religious or philosophical beliefs or union membership of the person concerned or relating to his health, including his genetic data (	no		Morocco’s law governing privacy and data protection is Law No 09-08, dated February 18, 2009 relating to protection of individuals with regard to the processing of personal data and its implementation Decree n° 2-09-165 of May 21, 2009 (together the DP Law).
MZ	Mozambique	17 February 2026	COND	The law does not generally restrict cross-border transfers of personal information.	no		yes	In addition, the AU Convention also considers personal data relating to sex-life, race, health, social measures, legal proceedings and penal or administrative sanctions as sensitive.	no		In Mozambique there is no specific legislation on data protection or privacy.
MM	Myanmar	11 February 2026	COND	By implication from relevant laws, transfer of personal data requires consent.	no		no		no		There is no general data protection law in Myanmar.
NA	Namibia	20 March 2026	FREE	There are no data transfer restrictions in place.	no		no		no		Namibia recognises the right to privacy as a fundamental human right under Article 13 of the Namibian Constitution.
NP	Nepal	20 March 2026	COND	The Data Center and Cloud Service Directives envisages, in its preamble, the encouragement of secure and confidential storage of data, generated by the government, public and private sectors through the use of information technology within the country.	no		yes	Definition of Sensitive Personal Data Privacy Act has listed following information as the“ sensitive information”: his or her caste, ethnicity or origin; political affiliation; religious faith or belief; physical or mental health or condition; dexual orientation or event relating to sexual life; fet	no		Individual Privacy Act, 2018 (2075) (“Privacy Act”) Individual Privacy Regulation, 2020 (2077) (“Privacy Regulation”) National Penal Code, 2017 (2074) (“Penal Code”) Advertisement Act, 2019 (2076) (“Advertisement Act”) Advertisement Regulation, 2020 (2076) (“Advertisement Regulation”) National Broad
NL	Netherlands	18 January 2024	AUTH	The GDPR has removed the need which existed in some Member States under the previous law to notify and in some cases seek prior approval of standard contractual clauses from supervisory authorities.	yes	The GDPR also includes a list of context specific derogations, permitting transfers to third countries where: Explicit informed consent has been obtained; The transfer is necessary for the performance of a contract or the implementation of pre-contractual measures; The transfer is necessary for the 	yes	The GDPR creates more restrictive rules for the processing of special categories (Article 9) of personal data (including data relating to race, religion, sexual life, data pertaining to health, genetics and biometrics) and personal data relating to criminal convictions and offences (Article 10).	yes	Note also that this basis cannot be relied upon by a public authority in the performance of its tasks) Special Category Data Processing of special category data is prohibited (Article 9), except where one of the following exemptions applies (which, in effect, operate as secondary bases which must be	EU regulation The General Data Protection Regulation (Regulation (EU) 2016/679) ( GDPR ) is a European Union law which entered into force in 2016 and, following a two year transition period, became directly applicable law in all Member States of the European Union on May 25, 2018, without requiring 
NZ	New Zealand	13 February 2026	COND	Generally, an agency should not disclose personal information to another entity unless the disclosure of the information is one of the purposes in connection with which the information was obtained or is directly related to the purposes in connection with which the information was obtained.	no		yes	The Privacy Commissioner has indicated that information about a person’s race, ethnicity, gender or sexual orientation, sex life, health, disability, age, religious, cultural or political beliefs, activities or memberships will generally be considered sensitive in nature.	no		The Privacy Act 2020 (Act) and its Information Privacy Principles (IPPs) govern how agencies collect, use, disclose, store, retain and give access to personal information.
NI	Nicaragua	28 January 2024	COND	Personal data may be assigned and transferred when the purposes are directly related to the legitimate interest of the assignor and the assignee and with the prior consent of the owner of the data, who must be informed about the purpose of the assignment and identify the assignee.	no		yes	Definition of Sensitive Personal Data Sensitive personal data: It is any information that reveals the racial, ethnic, political affiliation, religious, philosophical or moral, union, health or sexual life, criminal record or administrative, economic and financial misconduct; as well as credit and fi	no		Ley No. 787 Ley de Protección de Datos Personales (Law No. 787 Personal Data Protection Law) effective since 29th of March 2012 published in the Official Gazzette No. 61 same day.
NE	Niger	6 January 2025	COND	Transfer of personal data to another country is allowed only when that country provides a superior or equivalent level of protection for privacy, freedoms and fundamental rights of individuals regarding the processing of personal data (Article 62 of the Law).	no		yes	Definition of Sensitive Personal Data Any personal data relating to religious or philosophical opinions or activities, political affiliation, sex life, race, health, social measures, prosecutions, and criminal or administrative sanctions (Article 1 of the Law).	no		The data protection regime in Niger is governed by the following laws and regulations: Law n° 2023-31 of 04 July 2023 amending law n°2022-59 of 16 December 2022 on the protection of personal data; Law n°2022-59 of December 16, 2022 relating to the protection of personal data; Law No.2018-45 of July 
NG	Nigeria	17 March 2026	COND	The Nigeria Data Protection Act has provided in respect of transfer of personal data that such transfer is permissible if the recipient of the data affords its data subject to adequate data protection.	yes	In the absence of adequacy of protection as specified by the NDPA, transfer of personal data from Nigeria to another country is possible if at least one of the following conditions are met: The data subject has provided and not withdrawn consent to such transfer after having been informed of the pos	yes	Definition of sensitive personal data Sensitive Personal Data means personal data relating to an individual’s: genetic and biometric data, for the purpose of uniquely identifying a natural person, race or ethnic origin, religious or similar beliefs, such as those reflecting conscience or philosophy,	no		Principal regulation Nigeria Data Protection Act 2023 (NDPA) The NDPA has been enacted to safeguard the fundamental rights and freedoms, and the interests of data subjects, as guaranteed under the Constitution of the Federal Republic of Nigeria.
MK	North Macedonia	9 February 2026	AUTH	The DP Law itself does not require a special / individual prior approval by the DPA (“Transfer Approval”) if an adequacy decision issued by the DPA for the (importing) third country or international organization exists or the below safeguards are provided (on condition that enforceable data subject 	no		yes	Definition of sensitive personal data Under the DP Law, sensitive personal data is personal data which reveal: racial or ethnic origin; political opinions, religious or philosophical beliefs; membership in a trade union; genetic data, biometric data for the purpose of uniquely identifying a natural 	no		The Republic of North Macedonia regulates personal data protection issues with the Law on Personal Data Protection (Official Gazette of the Republic of North Macedonia, no. 42/20, 294/21, and 101/2025,“ DP Law”), effective 24 February 2020.
NO	Norway	16 January 2025	AUTH	The GDPR has removed the need which existed in some Member States under the previous law to notify and in some cases seek prior approval of standard contractual clauses from supervisory authorities.	yes	The GDPR also includes a list of context specific derogations, permitting transfers to third countries where: explicit informed consent has been obtained; the transfer is necessary for the performance of a contract or the implementation of pre-contractual measures; the transfer is necessary for the 	yes	"The GDPR creates more restrictive rules for the processing of"" special categories"" (Article 9) of personal data (including data relating to race, religion, sexual life, data pertaining to health, genetics and biometrics) and personal data relating to criminal convictions and offences (Article 10)."	yes	Special Category Data Processing of special category data is prohibited (Article 9), except where one of the following exemptions applies (which, in effect, operate as secondary bases which must be established for the lawful processing of special category data, in addition to an Article 6 basis): wi	"EU regulation The General Data Protection Regulation (Regulation (EU) 2016/679) ("" GDPR"" ) is a European Union law which entered into force in 2016 and, following a two-year transition period, became directly applicable law in all Member States of the European Union on May 25, 2018, without requirin"
PK	Pakistan	17 March 2026	AUTH	Data collated by banks, insurance firms, hospitals, defense establishments and other ‘sensitive’ institutions may not be transferred to any individual or body without authorization from the relevant regulator on a confidential basis.	no		yes	The PDPB however specifically provides a definition of“ sensitive personal data” to mean any personal data relating to: financial information excluding identification number, credit card data, debit card data, account number, or other payment instruments data; health data (physical, behavioural, psy	no		Pakistan currently has not enacted a specific data protection legislation, similar to data protection legislation enacted in other countries of the world.
PA	Panama	12 February 2026	COND	With regards to personal data, the Constitution states that individuals must give their consent in order for their personal data to be transferred or processed in any way.	no		yes	Sensitive Data Sensitive Data is defined by the Data Protection Law as the one that refers to the intimate sphere of its owner, or whose improper use could give rise to discrimination or entail a serious risk for the individual, such as information about the racial or ethnic origin, beliefs or relig	no		Panama has taken significant legislative steps in regulating data protection.
PY	Paraguay	30 March 2026	COND	The Personal Credit Data Protection Law establishes that international transfers of personal data to a recipient that is in a third country (as defined under the Law), or to an international organization where the guarantees, requirements and/or exceptions established in the Law are not met, is a vi	no		yes	Personal data is considered sensitive when it reveals aspects such as racial and ethnic origin; religious, philosophical and moral beliefs or convictions; trade union memberships; political opinion; data related to health, life, sexual preference or orientation, genetic or biometric data aimed at un	no		National Constitution, art. 135, Habeas Data Any person may file an action to have access to (i) personal data about such person or its property; and (ii) information about the use of such data and purpose for which it is kept, whether it is stored in public or private data registries.
PE	Peru	10 February 2026	COND	Transfer Where personal data is transferred to another entity, recipients must be required to handle such personal data in accordance with the provisions of the PDPL and its Regulation.	no		yes	Definition of sensitive personal data Any informatoin revealing or related to an individual's Genetics Biometrics Neural data Moral or emotional data Sexual or family life Personal habits regarding the most intimate sphere Union membership Physical or mental health Other similar informatoin impactin	yes	The data subject’s consent is not required in the following cases: The data are compiled or transferred for the fulfillment of governmental agency duties The data are contained or destined to be contained in a publicly available source The data are related to credit standing and financial solvency, 	Article 2 of the Political Constitution of Peru sets forth certain fundamental rights that every person has, including a right to privacy regarding information that affects personal and family privacy, which was the basis for the creation of a law that specifically protects the use of personal data 
PH	Philippines	16 March 2026	COND	Each PIC is responsible for Personal Information under its control or custody that have been transferred to a third party for processing, whether domestically or internationally, subject to cross-border arrangement and cooperation.	no		yes	"Definition of sensitive personal information"" Sensitive Personal Information"" is defined in the Act as Personal Information: about an individual’s race, ethnic origin, marital status, age, color, and religious, philosophical or political affiliations; about an individual’s health, education, genetic"	yes	The processing of Sensitive Personal Information is prohibited, except in the following cases: the data subject has given his or her specific consent prior to the processing, or in the case of privileged information, all parties to the exchange have given their consent prior to processing; the proce	The Data Privacy Act of 2012 (“ Act” or“ DPA” ) or Republic Act No. 10173, which took effect on 8 September 2012, is the governing law on data privacy matters in the Philippines.
PL	Poland	16 February 2026	COND	EU regulation The European Commission has the power to make an adequacy decision in respect of a third country, determining that it provides for an adequate level of data protection, and therefore personal data may be freely transferred to that country (Article 45(1) of GDPR).	no		yes	The GDPR creates more restrictive rules for the processing of special categories (Article 9) of personal data (including data relating to race, religion, sexual life, data pertaining to health, genetics and biometrics) and personal data relating to criminal convictions and offences (Article 10).	yes	Special category data Processing of special category data is prohibited (Article 9), except where one of the following exemptions applies (which, in effect, operate as secondary bases which must be established for the lawful processing of special category data, in addition to an Article 6 basis): Wi	EU regulation The General Data Protection Regulation (Regulation (EU) 2016/679) (GDPR) is a European Union law which entered into force in 2016 and, following a two-year transition period, became directly applicable in all Member States of the European Union on 25 May 2018, without requiring impleme
PT	Portugal	12 February 2026	AUTH	The GDPR has removed the need which existed in some Member States under the previous law to notify and in some cases seek prior approval of standard contractual clauses from supervisory authorities.	yes	The GDPR also includes a list of context specific derogations, permitting transfers to third countries where: Explicit informed consent has been obtained The transfer is necessary for the performance of a contract or the implementation of pre-contractual measures The transfer is necessary for the co	yes	The GDPR creates more restrictive rules for the processing of special categories (Article 9) of personal data (including data relating to race, religion, sexual life, data pertaining to health, genetics and biometrics) and personal data relating to criminal convictions and offences (Article 10).	yes	Note also that this basis cannot be relied upon by a public authority in the performance of its tasks) Special Category Data Processing of special category data is prohibited (Article 9), except where one of the following exemptions applies (which, in effect, operate as secondary bases which must be	EU regulation The General Data Protection Regulation (Regulation (EU) 2016/679) ( GDPR ) is a European Union law which entered into force in 2016 and, following a two-year transition period, became directly applicable law in all Member States of the European Union on May 25, 2018, without requiring 
QA	Qatar	17 January 2024	COND	Data controllers may collect, process and transfer personal data when the data subject consents, unless deemed necessary for realizing a 'lawful purpose' for the controller or for the third party to whom the personal data is sent.	no		yes	Definition of sensitive personal data Sensitive personal data means personal data consisting of information as to a natural person’s: Ethnic origin Health Physical or mental health or condition Religious beliefs Relationships Criminal records Related resources Explore DLA Piper's Privacy Matters blo	no		Note: Please also see Qatar Financial Center (a business center located on-shore in Qatar with its own regulations separate from those of the State of Qatar, including separate data protection regulations).
QA2	Qatar - Financial Centre	17 January 2024	COND	Data controllers may transfer personal data out of the QFC if the personal data is being transferred to a Recipient in a jurisdiction that the DPO has decided has laws and regulations that ensure an adequate level of protection for that personal data.	yes	In the absence of an adequate level of protection, data controllers may transfer personal data out of the QFC if any of the following are true: The data controller or data processor have appropriate adequate safeguards including enforceable rights and remedies for the data subjects which may be prov	yes	Definition of sensitive personal data Personal data revealing or relating to race or ethnicity, political affiliation or opinions, religious or philosophical beliefs, trade-union or organizational membership, criminal records, health or sex life, and genetic and biometric data used to identify an in	yes	Processing sensitive personal data Data controllers may process sensitive personal data when any of the following conditions are met: The data subject has given his / her explicit written consent to the processing; Processing is necessary for the purposes of carrying out the obligations and the exer	Note: Please also see Qatar .
CG	Republic of Congo	4 February 2026	COND	Cross-border transfer of personal data is only allowed if the receiving state offers a similar protection of personal data and the Commission is notified in advance of the intention to transfer data to a third country.	no		yes	Definition of sensitive personal data Genetic data, data relating to minors, data relating to offences, criminal convictions or security measures, biometric data and, all personal data revealing ethnic origin, parentage, political opinions, religious or philosophical beliefs, trade union membership,	no		"The protection of personal data is governed by the law on the protection of data with a personal character N° 29 - 2019 of 10 October 2019 and was published in the official journal on 7 November 2019 (the"" Law"" )."
RO	Romania	6 January 2025	AUTH	The GDPR has removed the need which existed in some Member States under the previous law to notify and in some cases seek prior approval of standard contractual clauses from supervisory authorities.	yes	The GDPR also includes a list of context specific derogations, permitting transfers to third countries where any of the following apply: Explicit informed consent has been obtained The transfer is necessary for the performance of a contract or the implementation of pre-contractual measures The trans	yes	The GDPR creates more restrictive rules for the processing of special categories of personal data (including data relating to race, religion, sexual life, data pertaining to health, genetics and biometrics) and personal data relating to criminal convictions and offences.	yes	Note also that this basis cannot be relied upon by a public authority in the performance of its tasks) Special Category Data Processing of special category data is prohibited, except where one of the following exemptions applies (which, in effect, operate as secondary bases which must be established	EU regulation The General Data Protection Regulation (Regulation (EU) 2016/679) (GDPR) is a European Union law which entered into force in 2016 and, following a two year transition period, became directly applicable law in all Member States of the European Union on May 25, 2018, without requiring im
RU	Russia	6 January 2025	AUTH	For the countries which do not provide the adequate protection of personal data for the purposes of the DPA, the transfer to those countries can be performed only after approval from the Agency is received.	no		yes	Such special categories include data related to race, national identity, political opinions, religious and philosophical beliefs, health state, intimacies.	no		Fundamental provisions of data protection law in Russia can be found in the Russian Constitution, international treaties and specific laws.
RW	Rwanda	6 January 2025	COND	The transfer of personal data outside of Rwanda is only permitted for the following cases (article 48): the DC or DP has obtained authorization from the NCSA after providing proof of appropriate safeguards with respect to the protection of personal data; the data subject has given his or her consent	yes	The transfer of personal data outside of Rwanda is only permitted for the following cases (article 48): the DC or DP has obtained authorization from the NCSA after providing proof of appropriate safeguards with respect to the protection of personal data; the data subject has given his or her consent	yes	Definition of Sensitive Personal Data The Data Protection Law defines sensitive personal data as“ information revealing a person’s race, health status, criminal records, medical records, social origin, religious or philosophical beliefs, political opinion, genetic or biometric information, sexual li	no		The law governing data protection in Rwanda is the Law n°058/2021 of 13/10/2021 relating to the protection of personal data and privacy (the“ Data Protection Law” ).
SA	Saudi Arabia	11 February 2026	AUTH	In certain contexts or sectors, specific approvals may be required – for example, in a banking context, approval from the Saudi Central Bank.	yes	The PDPL allows for the transfer of personal data outside of KSA for several purposes (for example, if such action is taken to meet an obligation to which the data subject is a party) and subject to various conditions (for example, the transfer or disclosure must not compromise the national security	yes	"Definitions in Saudi Arabia Definition of personal data Personal data is defined as"" every data – of whatever source or form – that would lead to the identification of the individual specifically, or make it possible to identify him directly or indirectly, including: name, personal identification nu"	no		The Personal Data Protection Law (issued pursuant to Royal Decree No.
SN	Senegal	19 March 2026	COND	Transfer of personal data to another country is prohibited unless the receiving country provides sufficient protection for the Data Subject’s private life, liberties and fundamental rights.	yes	A transfer to a country not offering a sufficient level of protection is possible if: the transfer is timely and non-massive, the Data Subject agrees to it, or if the transfer is necessary to: Protect the life of the Data Subjects/Holders; Protect the public interest; Comply with obligations allowin	yes	Definition of Sensitive Personal Data“ Sensitive Personal Data” means data relating to: religious, philosophical or political opinions or union activities; sex life; race; health; social measures and prosecutions; and criminal and administrative sanctions.	no		The data protection regime in Senegal is mainly governed by the following laws and regulations: Act No. 2008-12 of 25 January 2008 Concerning Personal Data Protection ('the Act') Decree No. 2008-721 of 30 June 2008 relating to the the implementation of Act No 2008-12 of 25 January 2008 Concerning Pe
RS	Serbia	13 February 2026	AUTH	Under the previous data protection law, the DPA’s prior approval was a precondition for a legitimate data transfer whenever a transfer was to be made to any country which had not signed and ratified the Council of Europe Convention for the Protection of Individuals with regard to Automatic Processin	no		no		no		In late 2018, Serbia updated its data protection law to better align with the EU General Data Protection Regulation.
SC	Seychelles	16 March 2026	COND	The Act permits the transfer of personal data outside Seychelles, provided that the transfer ensures an adequate level of protection for the rights and freedoms of data subjects.	no		no		no		The Data Protection Act, 2023 (Act 24 of 2023) came into force on 22 December 2023.
SG	Singapore	27 February 2026	COND	In disclosing or transferring personal data to onshore third parties (including affiliates), an organization should ensure that it has obtained the individual's deemed or express consent to such transfer (unless exemptions apply) and, if this was not done at the time the data was collected, addition	no		no		no		Singapore enacted the Personal Data Protection Act of 2012 (No. 26 of 2012) on October 15, 2012, and it was subsequently amended / enhanced via the Personal Data Protection (Amendment) Act 2020 (together, the“ Act” ).
SX	Sint Maarten	10 February 2025	COND	National Ordinance Personal Data Protection Contains no clauses.	no		yes	Definition of Sensitive Personal Data National Ordinance Personal Data Protection A person’s religion or belief, race, political views, health, sexual life as well as personal data concerning membership of a trade union.	no		National ordinance personal data protection (Landsverordening bescherming persoonsgegevens, National Gazette 2010, Consolidated text no. 2)“ (National Ordinance Personal Data Protection”); General Data Protection Regulation (the“ GDPR”) – a regulation of the European Union which became effective on 
SK	Slovak Republic	6 January 2025	AUTH	The GDPR has removed the need which existed in some Member States under the previous law to notify and in some cases seek prior approval of standard contractual clauses from supervisory authorities.	yes	The GDPR (Article 49) also includes a list of context specific derogations, permitting transfers to third countries where: explicit informed consent has been obtained; the transfer is necessary for the performance of a contract or the implementation of pre-contractual measures; the transfer is neces	yes	"The GDPR creates more restrictive rules for the processing of"" special categories"" (Article 9) of personal data (including data relating to race, religion, sexual life, data pertaining to health, genetics and biometrics) and personal data relating to criminal convictions and offences (Article 10)."	yes	Note also that this basis cannot be relied upon by a public authority in the performance of its tasks) Special Category Data Processing of special category data is prohibited (Article 9), except where one of the following exemptions applies (which, in effect, operate as secondary bases which must be	EU regulation The General Data Protection Regulation (Regulation (EU) 2016/679) ( GDPR ) is a European Union law which entered into force in 2016 and, following a two year transition period, became directly applicable law in all Member States of the European Union on 25 May 2018, without requiring i
SI	Slovenia	10 February 2026	AUTH	The GDPR has removed the need which existed in some Member States under the previous law to notify and in some cases seek prior approval of standard contractual clauses from supervisory authorities.	yes	The GDPR also includes a list of context specific derogations, permitting transfers to third countries where: explicit informed consent has been obtained; the transfer is necessary for the performance of a contract or the implementation of pre-contractual measures; the transfer is necessary for the 	no		yes	Special Category Data Processing of special category data is prohibited (Article 9 GDPR), except where one of the following exemptions applies (which, in effect, operate as secondary bases which must be established for the lawful processing of special category data, in addition to Article 6 GDPR bas	The new Slovenian Data Protection Act (ZVOP-2) which implements certain aspects of the GDPR has been adopted in December 2022 and has entered into force on 26 January 2023.
ZA	South Africa	16 February 2026	COND	POPIA caters for two scenarios relating to the transfer of personal information, namely where a responsible party in South Africa sends personal information to another country to be processed and where a responsible party in South Africa processes personal information that has been received from out	no		yes	Definition of sensitive personal data Special personal information is information concerning religious or philosophical beliefs, race or ethnic origin, trade union membership, political persuasion, health or sex life, biometric information and criminal behavior (to the extent that such information r	no		The right to privacy is recognized as a fundamental human right in the Bill of Rights of the Constitution of the Republic of South Africa and is protected in terms of the Constitution and the common law.
KR	South Korea	20 March 2026	COND	As a general rule, a personal data controller may not provide personal information to a third party without obtaining the prior opt in consent of the data subject.	no		no		yes	Definition of sensitive personal data Under the PIPA,“ sensitive information” is defined as personal information concerning an individual’s ideology, faith, labor union. membership, political views or membership in a political party, health or medical treatment information, sexual orientation, genet	The main laws that apply to the handling of data about individuals are the Personal Information Protection Act (“ PIPA” ), the Act on the Use and Protection of Credit Information (“ CIA” ) and the Act on the Protection and Use of Location Information (“ LIA” ).
ES	Spain	6 January 2025	AUTH	The GDPR has removed the need which existed in some Member States under the previous law to notify and in some cases seek prior approval of standard contractual clauses from supervisory authorities (which remains under NLOPD, however, when EU/AEPD standard contractual clauses are replaced by other s	yes	The GDPR also includes a list of context specific derogations, permitting transfers to third countries where: explicit informed consent has been obtained; the transfer is necessary for the performance of a contract or the implementation of pre-contractual measures; the transfer is necessary for the 	yes	"The GDPR creates more restrictive rules for the processing of"" special categories"" (Article 9) of personal data (including data relating to race, religion, sexual life, data pertaining to health, genetics and biometrics) and personal data relating to criminal convictions and offences (Article 10)."	yes	Special Category Data Processing of special category data is prohibited (Article 9), except where one of the following exemptions applies (which, in effect, operate as secondary bases which must be established for the lawful processing of special category data, in addition to an Article 6 basis): wi	EU regulation The General Data Protection Regulation (Regulation (EU) 2016/679) ( GDPR ) is a European Union law which entered into force in 2016 and, following a two year transition period, became directly applicable law in all Member States of the European Union on 25 May 2018, without requiring i
LK	Sri Lanka	17 February 2026	COND	The PDPA allows for cross-border data flow and the processing of data in a third country outside Sri Lanka, subject to the parameters set out in the PDPA.	yes	Accordingly, a controller or a processor (including public authorities) may only effect cross border data flows (defined in the PDPA to mean the movement of personal data out of the territory of Sri Lanka for the purpose of processing personal data in a third country) only where: the controller or p	yes	Special categories of personal data are defined to include personal data revealing racial or ethnic origin, political opinions, religious or philosophical beliefs, genetic data and biometric data, data concerning health or a natural person’s sex life or sexual orientation, personal data in relation 	yes	Special categories of personal data In addition to the aforesaid lawful grounds, if processing special categories of personal data, a controller is required to satisfy one of the following additional conditions, on the objective basis of being most appropriate: consent of the data subject, which in 	Sri Lanka until recently did not have legislation pertaining to protection of data and privacy, although different sector specific laws such as the Computer Crimes Act No. 24 of 2007, the Banking Act No. 30 of 1988, the Electronic Transactions Act No. 19 of 2006, the Right to Information Act No. 12 
SE	Sweden	13 February 2026	AUTH	The GDPR has removed the need which existed in some Member States under the previous law to notify and in some cases seek prior approval of standard contractual clauses from supervisory authorities.	yes	The GDPR also includes a list of context specific derogations, permitting transfers to third countries where: explicit informed consent has been obtained; the transfer is necessary for the performance of a contract or the implementation of pre-contractual measures; the transfer is necessary for the 	yes	"The GDPR creates more restrictive rules for the processing of"" special categories"" (Article 9) of personal data (including data relating to race, religion, sexual life, data pertaining to health, genetics and biometrics) and personal data relating to criminal convictions and offences (Article 10)."	yes	Special category data Processing of special category data is prohibited (Article 9), except where one of the following exemptions applies (which, in effect, operate as secondary bases which must be established for the lawful processing of special category data, in addition to an Article 6 basis): wi	EU regulation The General Data Protection Regulation (Regulation (EU) 2016/679) ( GDPR ) is a European Union law which entered into force in 2016 and, following a two year transition period, became directly applicable law in all Member States of the European Union on 25 May 2018, without requiring i
CH	Switzerland	6 January 2025	COND	Personal data may be transferred outside Switzerland if the destination country offers an adequate level of data protection.	yes	The disclosure is required in order to protect the life or the physical integrity of the data subject or of a third party and it is not possible to obtain the data subject's consent within a reasonable period of time.	yes	Definition of sensitive personal data Sensitive personal data is defined as: Data relating to religious, philosophical, political or trade union-related views or activities; data relating to health, the intimate sphere or the affiliation to a race or ethnicity; genetic data; biometric data that uniq	no		The processing of personal data is mainly regulated by the Federal Act on Data Protection of 25 September 2020 (FADP) and its ordinances, i.e., the Ordinance on Data Protection (ODP) and the Ordinance on Data Protection Certification.
TW	Taiwan	19 March 2026	COND	The privacy notice to data subjects must set out the extent to which personal data will be transferred to others.	no		yes	Definitions in Taiwan Definition of personal data The PDPA defines“ personal data” as the name, date of birth, identification card number, passport number, special traits, fingerprints, marital status, family, education, profession, medical history, medical treatment, genetic information, sexual lif	yes	Related resources Explore DLA Piper's Privacy Matters blog More Use our Data Privacy Scorebox to assess your organization's level of data protection maturity More Definitions in Taiwan Definition of personal data The PDPA defines“ personal data” as the name, date of birth, identification card number	The Taiwan Personal Data Protection Act (“PDPA”) as most recently amended on November 11, 2025 (which amendments have not yet come into effect) and the Enforcement Rules of the Personal Data Protection Act (“Enforcement Rules”) as most recently amended on March 2, 2016.
TJ	Tajikistan	27 January 2025	COND	Transfer of personal data is allowed if the rights and freedom of the data subject are not violated.	no		no		no		Personal Data Protection Law, No.1537 of 3 August 2018 Protection Data Law, No.631 of 15 May 2002 Informatization Law, No. 40 of 6 August 2001 – Legislation has passed (April 04, 2019, No 1595) that amends and supplements the Informatization Law but the amendments are only of a terminological nature
TZ	Tanzania	24 March 2026	COND	Transfers of personal data outside Tanzania are only allowed where the recipient country: provides adequate protection (i.e., essentially equivalent to that within Tanzania) and the data is necessary for public interest tasks or the transfer does not prejudice the data subject’s interests; or provid	no		yes	Definitions in Tanzania The PDPA defines“ personal data” as any information relating to an identified or identifiable person, that is recorded in any form, including: identity details (e.g. name, identification number) contact details (e.g. address, correspondence) demographic data (e.g. race, natio	no		Data protection is primarily governed by the Personal Data Protection Act, 2022 (“PDPA”), which came into force on 1 May 2023.
TH	Thailand	14 February 2026	LOCAL	In the event that the Data Controller uses or discloses Personal Data which is exempt from the consent requirement (i.e. other legal basis of processing), the Data Controller must maintain a record of such use or disclosure in the manner prescribed under the PDPA, for example the record must be kept	yes	Exemptions may apply such as in the following cases: the data subject has given consent and proper notification has been given by the Data Controller; the transfer is necessary for the performance of a contract between the Data Controller and data subject; or the transfer is necessary in order to pr	yes	"Personal Data is defined as"" any data pertaining to a person that enables the identification of that person, whether directly or indirectly, but specifically excluding data of the deceased ."" Sensitive Personal Data is defined as"" personal data relating to a person’s race, ethnicity, political opini"	no		"At a glance Thailand's Personal Data Protection Act ("" PDPA"" ) became law on May 28, 2019."
TO	Tonga	15 February 2022	COND	None.	no		no		no		This content was last reviewed in 2022 and may not reflect recent legislative updates.
TT	Trinidad and Tobago	26 January 2023	COND	Section 6(l) of the DPA provides that personal information may be transferred outside of Trinidad and Tobago only if the laws in the recipient country povide safeguards for the personal information comparable to those provided by Trinidad and Tobago law.	no		yes	Definitions in Trinidad and Tobago Definition of personal data Personal information is defined as information about an identifiable individual that is recorded in any form including: The name of the individual where it appears with other personal information relating to the individual or where the d	yes	Public Bodies Part III of the DPA provides that a public body may collect and process personal data when the following conditions are met: the collection of that information is expressly authorized by law and The information is collected for the purpose of law enforcement The information relates dir	This content was last reviewed in 2023 and may not reflect recent legislative updates.
TN	Tunisia	12 February 2026	AUTH	The transfer of personal data is treated in the 5th Chapter of the 2004 Act on the protection of personal data (Articles 47 to 52), and is generally prohibited or subject to strict measures, including prior authorization (submitted to the National Authority for Protection of Personal Data), and the 	yes	The transfer of personal data to a foreign country is prohibited whenever it may endanger public security or Tunisia's vital interests.	yes	Health data is defined by above-mentioned INPDP Decision No. 4 of September 5, 2018 as follows:“ sensitive personal data, which concerns all information related to the physical, mental or psychological health situation of the natural person concerned, as well as his hereditary or acquired genetic ch	no		Tunisia has established itself as a regional pioneer in the protection of personal data, initiating pioneering efforts in this field as early as 2002.
TR	Turkey	27 January 2025	COND	The LPPD distinguishes between the transfer of personal data to third parties in Turkey and the transfer of personal data to third countries.	yes	Moreover, in the absence of an adequacy decision or the appropriate safeguards, which are listed above, data controllers and data processors may transfer personal data abroad in incidental and non-repetitive manner, only in one of the following cases: The data subject gives explicit consent to the t	yes	"Definitions in Turkey Definition of personal data In the LLPD, personal data is defined as“ Any information relating to an identified or identifiable natural person.” Definition of sensitive personal data Sensitive personal data (Special Categories of Personal Data under the LPPD) is defined as"" per"	yes	Accordingly, the special categories of personal data shall only be processed, provided that: Explicit consent of the data subject is obtained; It is explicitly stipulated by law; Processing is necessary to protect the life or bodily integrity of the data subject or of another natural person where th	The main piece of legislation covering data protection in Turkey is the Law on the Protection of Personal Data No. 6698 dated April 7, 2016 (LPPD).
TM	Turkmenistan	23 December 2022	COND	For the purposes of cross-border transfers of personal data, the relevant consent of owner of personal data is required.	no		no		no		This content was last reviewed in 2022 and may not reflect recent legislative updates.
AE4	UAE - Abu Dhabi Global Market Free Zone	9 January 2024	COND	International transfers The DPR restricts the transfer of Personal Data out of the ADGM to a jurisdiction outside of the ADGM, or to an international organisation.	yes	The Commissioner does not require exporters relying on (i) – (v) above to conduct a detailed analysis of the laws of the importing jurisdiction, but recommends that exporters conduct due diligence on importing entities to ensure that they are capable of meeting their commitments under (i) – (v) abov	yes	Definition of Special Categories of Personal Data Personal Data revealing racial or ethnic origin, political opinions, religious or philosophical beliefs; Genetic Data, Biometric Data for the purpose of uniquely identifying a natural person, Data Concerning Health or data concerning a natural person	yes	Data Controllers may Process Special Categories of Personal Data when any of the following conditions are met: the Data Subject has given explicit Consent to the Processing of their Special Categories of Personal Data for one or more specified purposes; Processing is necessary for the purposes of ca	Note: Please also see UAE – General, UAE – DIFC, UAE – DHCC .
AE2	UAE - Dubai (DIFC)	27 January 2025	COND	As per Article 26 DPL, Personal Data may be transferred out of the DIFC: to a country or jurisdiction that has been determined to have adequate protections (available on the DIFC Commissioner for Data Protection website); or if it takes place in accordance with Article 27 DPL.	yes	Article 27 (3) DPL sets out the following derogations: a Data Subject has explicitly consented to a proposed transfer, after being informed of possible risks of such transfer due to the absence of an adequacy decision or appropriate safeguards; the transfer is necessary for the performance of a cont	yes	Definition of Special Categories of Personal Data Personal data revealing or concerning (directly or indirectly) racial or ethnic origin, communal origin, political affiliations or opinions, religious or philosophical beliefs, criminal record, trade-union membership and health or sex life and includ	yes	Data controllers may collect and Process Special Categories of Personal Data when any of the following conditions are met (as per Article 11 DPL), in addition to establishing one of the legal bases under Article 10, set out above: a Data Subject has given explicit consent, which complies with the co	Note: Please also see UAE – General, UAE – ADGM, UAE – DHCC .
AE3	UAE - Dubai Health Care City Free Zone	27 January 2025	COND	Patient Health Information may only be transferred to a third party located in a jurisdiction outside DHCC if: an adequate level of protection for that Patient Health Information is ensured by the laws and regulations that are applicable to the third party; and the transfer is either: authorized by 	no		no		no		Note: Please also see UAE – General, UAE – DIFC, UAE – ADGM .
AE	UAE - General	27 January 2025	COND	Data transfers out of the UAE may be subject to different laws.	no		yes	Definition of Sensitive Personal Data“ Sensitive Personal Data” is defined as any data that directly or indirectly reveals a natural person's family, racial origin, political or philosophical opinions, religious beliefs, criminal records, biometric data, or any data related to the health of such per	yes	Legal Bases for Processing (Article 4) The PDPL prohibits Processing Personal Data without the consent of the Data Subject, except in the following cases: if the Processing is necessary for the Controller or Data Subject to fulfill his / her obligations and exercise his / her legally established rig	Note: Please also see UAE – Dubai (DIFC), UAE – ADGM, UAE – DHCC.
UG	Uganda	13 February 2026	LOCAL	Regulation 30(2) of the Data Protection and Privacy Regulations prohibits any further transfer of personal data processed outside Uganda to a third country without the consent of the data subject.	no		yes	However, section 9 of the Data Protection and Privacy Act defines a related term,“ special personal data” , as data which relates to the religious or philosophical beliefs, political opinion, sexual life, financial information, health status or medical records of an individual.	no		A person’s right to informational privacy is protected, first, under Article 27 of the Constitution of the Republic of Uganda.
UA	Ukraine	27 January 2025	COND	In accordance with Data Protection Law, personal data may be transferred to foreign parties when there is an appropriate level of protection of personal data in the respective state of the transferee.	yes	Personal data may be transferred abroad based on one of the following grounds: Unambiguous consent of the personal data subject; Cross-border transfer is needed to enter into or perform a contract between the personal data owner and a third party in favor of the data subject; Necessity to protect th	no		no		"The Law of Ukraine No. 2297 VI"" On Personal Data Protection"" as of June 1, 2010 (Data Protection Law) is the main legislative act regulating personal data protection in Ukraine."
GB	United Kingdom	24 February 2026	COND	Transfers of personal data by a controller or a processor to third countries outside of the United Kingdom are only permitted where the conditions laid down in the UK GDPR are met (Article 44).	yes	Article 49 of the UK GDPR also includes a list of context specific derogations, permitting transfers to third countries where: explicit informed consent has been obtained; the transfer is necessary for the performance of a contract or the implementation of pre-contractual measures; the transfer is n	yes	"The UK GDPR creates more restrictive rules for the processing of"" special categories"" (Article 9) of personal data (including data relating to race, religion, sexual life, data pertaining to health, genetics and biometrics) and personal data relating to criminal convictions and offences (Article 10)"	yes	Special categories of personal data Processing of special categories of personal data is prohibited (Article 9), except where one of the following exemptions applies (which, in effect, operate as secondary bases which must be established for the lawful processing of special category data, in additio	"Following the UK’s exit from the European Union, the UK Government transposed the General Data Protection Regulation (Regulation (EU) 2016/679) into UK national law (thereby creating the"" UK GDPR"")."
US	United States	31 March 2026	COND	There are, generally, no geographic transfer restrictions that apply in the US, except regarding the storing of some governmental records and information.	no		yes	Some laws—such as data breach and security laws—apply more narrowly, to sensitive personal information, such as government identifiers, financial account information, password, biometrics, health insurance or medical information, and other information that can lead to identity fraud and theft or fin	no		United States privacy law is a complex patchwork of national, state and local privacy laws and regulations.
UY	Uruguay	6 March 2026	COND	Under Law No. 18,331, the communication or transfer of personal data to third parties must be consistent with the purposes for which the data was originally collected and generally requires the prior consent of the data subject, unless a statutory exception applies.	no		yes	Sensitive Personal Data Personal data revealing racial or ethnic origin, political opinions, religious or moral beliefs, trade union membership, or information concerning health or sexual life.	no		Law No. 18,331 (2008) – Personal Data Protection and Habeas Data Act; establishes the general legal framework for the processing and protection of personal data.
UZ	Uzbekistan	27 January 2025	COND	The Law on Personal Data defines the cross-border transfer of personal data as the transfer of personal data by the owner / operator outside the territory of the Republic of Uzbekistan.	no		yes	Under the foregoing Law, special personal data includes: data about racial or social origin; data about political, religious or ideological beliefs; data about membership in political parties and trade unions; data about physical and mental health; and data about private life and criminal records.	no		The main legal act governing processing and protection of personal data in Uzbekistan is the Law of the Republic of Uzbekistan No.
VE	Venezuela	12 December 2022	COND	According to the general principles dictated by the TSJ, there is a protection against the transfer of data to States whose legislation does not guarantee a level of protection similar to the one described.	no		no		no		This content was last reviewed in 2022 and may not reflect recent legislative updates.
VN	Vietnam	15 February 2026	LOCAL	Additional data localization requirements In addition to the above TIA requirements, data localization could also be imposed on certain businesses providing services in Vietnam.	yes	As regards exemptions, cases that are not required to comply with regulations on conducting the TIA include: cross-border transfer of personal data by competent state authorities; agencies or organizations storing the personal data of their employees on cloud computing services; personal data subjec	yes	Decree 356 further specifies the scope of sensitive personal data by providing a detailed list that includes: data revealing racial origin or ethnic origin; political, religious, and belief-related views; information on private life, personal secrets, and family secrets health conditions; biometric 	no		On 26 June 2025, Law No. 91/2025/QH15 on Personal Data Protection (“PDPL”) was officially enacted by the National Assembly and took effect on 1 January 2026.
ZM	Zambia	28 April 2026	LOCAL	The DPA provides that personal data must be processed and stored on a server or data centre located in the Republic.	no		no		yes	Sensitive personal data may not be processed unless: processing is necessary for the establishment, exercise or defence of a legal claim or whenever a court is exercising a judicial function; processing is necessary for the purposes of preventive or occupational medicine, for the assessment of the w	"Data Protection Act No. 3 of 2021 (the“ DPA"" ) and the Data Protection (Registration and Licensing) Regulations, 2021."
ZW	Zimbabwe	20 March 2026	COND	According to section 28 of the Act, data controllers may not transfer personal information to a third party in a foreign country unless an adequate level of protection is ensured.	no		no		yes	Several exceptions to the written consent requirement for genetic, biometric, and health data are outlined in the Act, including: Processing necessary to carry out the controller's obligations and rights in employment law; Processing necessary to comply with national security laws; Processing necess	Cyber and Data Protection Act [Chapter 12:07] (the“ Act” ); and Cyber and Data Protection (Licensing of Data Controllers and Appointment of Data Protection Officers) Regulations, 2024 (the“ Regulations” ).
