libEGL warning: DRI3 error: Could not get DRI3 device
libEGL warning: Ensure your X server supports DRI3 to get accelerated rendering

(dev.fhirfli.tremulator:233): Atk-CRITICAL **: 13:05:30.378: atk_socket_embed: assertion 'plug_id != NULL' failed
[IMPORTANT:flutter/shell/platform/embedder/embedder_surface_gl_impeller.cc(126)] Using the Impeller rendering backend (OpenGLESSDF).
(audio_device_buffer.cc:75): AudioDeviceBuffer::ctor
(audio_device_impl.cc:146): current platform is Linux
(audio_device_impl.cc:169): CreatePlatformSpecificObjects
(audio_device_impl.cc:930): PlatformAudioLayer
(audio_device_impl.cc:227): PulseAudio support is enabled.
(audio_device_impl.cc:232): Linux PulseAudio APIs will be utilized
(audio_device_impl.cc:276): AttachAudioBuffer
(audio_device_buffer.cc:216): SetRecordingSampleRate(0)
(audio_device_buffer.cc:222): SetPlayoutSampleRate(0)
(audio_device_buffer.cc:236): SetRecordingChannels(0)
(audio_device_buffer.cc:242): SetPlayoutChannels(0)
(audio_device_impl.cc:296): Init
(input_volume_stats_reporter.cc:95): Will not log any `WebRTC.Audio.Apm.AppliedInputVolume.*` histogram stats.
(input_volume_stats_reporter.cc:95): Will not log any `WebRTC.Audio.Apm.RecommendedInputVolume.*` histogram stats.
(audio_processing_impl.cc:484): Injected APM submodules:
Echo control factory: 0
Echo detector: 0
Capture analyzer: 0
Capture post processor: 1
Render pre processor: 1
Neural residual echo estimator 0
(audio_processing_impl.cc:499): AudioProcessing: AudioProcessing::Config{ pipeline: { maximum_internal_processing_rate: 32000, multi_channel_render: 1, multi_channel_capture: 1 }, pre_amplifier: { enabled: 0, fixed_gain_factor: 1 },capture_level_adjustment: { enabled: 0, pre_gain_factor: 1, post_gain_factor: 1, analog_mic_gain_emulation: { enabled: 0, initial_level: 255 }}, high_pass_filter: { enabled: 0 }, echo_canceller: { enabled: 0, enforce_high_pass_filtering: 1 }, noise_suppression: { enabled: 0, level: Moderate }, transient_suppression: { enabled: 0 }, gain_controller1: { enabled: 0, mode: AdaptiveAnalog, target_level_dbfs: 3, compression_gain_db: 9, enable_limiter: 1, analog_gain_controller { enabled: 1, startup_min_volume: 0, clipped_level_min: 70, enable_digital_adaptive: 1, clipped_level_step: 15, clipped_ratio_threshold: 0.1, clipped_wait_frames: 300, clipping_predictor:  { enabled: 0, mode: 0, window_length: 5, reference_window_length: 5, reference_window_delay: 5, clipping_threshold: -1, crest_factor_margin: 3, use_predicted_step: 1 }}}, gain_controller2: { enabled: 0, fixed_digital: { gain_db: 0 }, adaptive_digital: { enabled: 0, headroom_db: 5, max_gain_db: 50, initial_gain_db: 15, max_gain_change_db_per_second: 6, max_output_noise_level_dbfs: -50 }, input_volume_control : { enabled 0}}
(audio_processing_impl.cc:685): AudioProcessing::ApplyConfig: AudioProcessing::Config{ pipeline: { maximum_internal_processing_rate: 32000, multi_channel_render: 1, multi_channel_capture: 1 }, pre_amplifier: { enabled: 0, fixed_gain_factor: 1 },capture_level_adjustment: { enabled: 0, pre_gain_factor: 1, post_gain_factor: 1, analog_mic_gain_emulation: { enabled: 0, initial_level: 255 }}, high_pass_filter: { enabled: 0 }, echo_canceller: { enabled: 0, enforce_high_pass_filtering: 1 }, noise_suppression: { enabled: 0, level: Moderate }, transient_suppression: { enabled: 0 }, gain_controller1: { enabled: 0, mode: AdaptiveAnalog, target_level_dbfs: 3, compression_gain_db: 9, enable_limiter: 1, analog_gain_controller { enabled: 1, startup_min_volume: 0, clipped_level_min: 70, enable_digital_adaptive: 1, clipped_level_step: 15, clipped_ratio_threshold: 0.1, clipped_wait_frames: 300, clipping_predictor:  { enabled: 0, mode: 0, window_length: 5, reference_window_length: 5, reference_window_delay: 5, clipping_threshold: -1, crest_factor_margin: 3, use_predicted_step: 1 }}}, gain_controller2: { enabled: 0, fixed_digital: { gain_db: 0 }, adaptive_digital: { enabled: 0, headroom_db: 5, max_gain_db: 50, initial_gain_db: 15, max_gain_change_db_per_second: 6, max_output_noise_level_dbfs: -50 }, input_volume_control : { enabled 0}}
(webrtc_voice_engine.cc:492): WebRtcVoiceEngine::WebRtcVoiceEngine
(audio_device_impl.cc:903): SetObserver(b905a0a8)
(audio_device_impl.cc:905): output: -1
(audio_device_impl.cc:632): PlayoutDevices
(audio_device_impl.cc:635): output: 3
(audio_device_impl.cc:694): RecordingDevices
(audio_device_impl.cc:697): output: 1
(audio_device_impl.cc:676): RecordingDeviceName(0, ...)
(audio_device_impl.cc:685): output: name = default: mic.monitor
(audio_device_impl.cc:688): output: guid = 
(audio_device_impl.cc:676): RecordingDeviceName(0, ...)
(audio_device_impl.cc:685): output: name = default: mic.monitor
(audio_device_impl.cc:688): output: guid = 
(audio_device_impl.cc:808): Recording
(audio_device_impl.cc:702): SetRecordingDevice(0)
(audio_device_impl.cc:655): PlayoutDeviceName(0, ...)
(audio_device_impl.cc:664): output: name = default: Null Output
(audio_device_impl.cc:667): output: guid = 
(audio_device_impl.cc:655): PlayoutDeviceName(1, ...)
(audio_device_impl.cc:664): output: name = Null Output
(audio_device_impl.cc:667): output: guid = 
(audio_device_impl.cc:655): PlayoutDeviceName(2, ...)
(audio_device_impl.cc:664): output: name = Null Output
(audio_device_impl.cc:667): output: guid = 
(rtc_audio_source_impl.cc:9): RTCAudioSourceImpl: ctor 
(rtc_audio_track_impl.cc:8): AudioTrackImpl: ctor 
(rtc_audio_track_impl.cc:8): AudioTrackImpl: ctor 
(rtc_audio_source_impl.cc:13): ~RTCAudioSourceImpl: dtor 
(screen_capturer_x11.cc:518): ScreenCapturerX11::CreateRawScreenCapturer creates DesktopCapturer of type ScreenCapturerX11
(screen_capturer_x11.cc:175): Using XRandR extension v146646
(desktop_capturer.cc:125): DesktopCapturer::CreateScreenCapturer creates DesktopCapturer of type DesktopCapturerDifferWrapper over a base capturer
(screen_capturer_x11.cc:337): XRandR selected source: 292
(screen_capturer_x11.cc:518): ScreenCapturerX11::CreateRawScreenCapturer creates DesktopCapturer of type ScreenCapturerX11
(screen_capturer_x11.cc:175): Using XRandR extension v146646
(desktop_capturer.cc:125): DesktopCapturer::CreateScreenCapturer creates DesktopCapturer of type DesktopCapturerDifferWrapper over a base capturer
(rtc_video_source_impl.cc:14): RTCVideoSourceImpl: ctor 
(rtc_video_sink_adapter.cc:13): VideoSinkAdapter: ctor b911e790
(rtc_video_track_impl.cc:12): VideoTrackImpl: ctor 
(rtc_video_sink_adapter.cc:13): VideoSinkAdapter: ctor 5000ea60
(rtc_video_track_impl.cc:12): VideoTrackImpl: ctor 
(screen_capturer_x11.cc:337): XRandR selected source: 292
(rtc_video_source_impl.cc:26): ~RTCVideoSourceImpl: dtor 
(rtc_audio_track_impl.cc:8): AudioTrackImpl: ctor 
(rtc_audio_track_impl.cc:14): ~AudioTrackImpl: dtor 
(rtc_video_sink_adapter.cc:13): VideoSinkAdapter: ctor 50010600
(rtc_video_track_impl.cc:12): VideoTrackImpl: ctor 
(video_adapter.cc:285): Frame size changed: scaled 0 / out 1 / in 1 Changes: 1 Input: 1280x720 Scale: 1/1 Output: 1280x720 fps: 2147483647/-1 alignment: 1
(rtc_peerconnection_impl.cc:222): RTCPeerConnectionImpl: ctor
(peer_connection_factory.cc:411): Using default network controller factory
(bitrate_prober.cc:54): Bandwidth probing enabled, set to inactive
(cpu_info.cc:77): Available number of cores: 16
(transport_sequence_number_feedback_generator.cc:52): Maximum interval between transport feedback RTCP messages: 250 ms
(aimd_rate_control.cc:88): Using aimd rate control with back off factor 0.85
(remote_bitrate_estimator_single_stream.cc:59): RemoteBitrateEstimatorSingleStream: Instantiating.
(webrtc_voice_engine.cc:529): WebRtcVoiceEngine::Init
(audio_device_impl.cc:296): Init
(audio_device_impl.cc:640): SetPlayoutDevice(0)
(audio_device_impl.cc:329): InitSpeaker
(audio_device_impl.cc:544): StereoPlayoutIsAvailable
(audio_device_impl.cc:551): output: 1
(audio_device_impl.cc:556): SetStereoPlayout(1)
(audio_device_buffer.cc:242): SetPlayoutChannels(2)
(audio_device_impl.cc:702): SetRecordingDevice(0)
(audio_device_impl.cc:335): InitMicrophone
(audio_device_impl.cc:498): StereoRecordingIsAvailable
(audio_mixer_manager_pulse_linux.cc:428): input device index has not been set
(adm_helpers.cc:74): Failed to query stereo recording.
(audio_device_impl.cc:510): SetStereoRecording(0)
(audio_device_buffer.cc:236): SetRecordingChannels(1)
(webrtc_voice_engine.cc:609): WebRtcVoiceEngine::ApplyOptions: AudioOptions {aec: 1, agc: 1, ns: 1, hf: 1, swap: 0, audio_jitter_buffer_max_packets: 200, audio_jitter_buffer_fast_accelerate: 0, audio_jitter_buffer_min_delay_ms: 0, }
(audio_device_impl.cc:831): BuiltInAECIsAvailable
(audio_device_impl.cc:834): output: 0
(audio_device_impl.cc:847): BuiltInAGCIsAvailable
(audio_device_impl.cc:850): output: 0
(audio_device_impl.cc:863): BuiltInNSIsAvailable
(audio_device_impl.cc:866): output: 0
(audio_processing_impl.cc:685): AudioProcessing::ApplyConfig: AudioProcessing::Config{ pipeline: { maximum_internal_processing_rate: 32000, multi_channel_render: 1, multi_channel_capture: 1 }, pre_amplifier: { enabled: 0, fixed_gain_factor: 1 },capture_level_adjustment: { enabled: 0, pre_gain_factor: 1, post_gain_factor: 1, analog_mic_gain_emulation: { enabled: 0, initial_level: 255 }}, high_pass_filter: { enabled: 1 }, echo_canceller: { enabled: 1, enforce_high_pass_filtering: 1 }, noise_suppression: { enabled: 1, level: High }, transient_suppression: { enabled: 0 }, gain_controller1: { enabled: 1, mode: AdaptiveAnalog, target_level_dbfs: 3, compression_gain_db: 9, enable_limiter: 1, analog_gain_controller { enabled: 1, startup_min_volume: 0, clipped_level_min: 70, enable_digital_adaptive: 1, clipped_level_step: 15, clipped_ratio_threshold: 0.1, clipped_wait_frames: 300, clipping_predictor:  { enabled: 0, mode: 0, window_length: 5, reference_window_length: 5, reference_window_delay: 5, clipping_threshold: -1, crest_factor_margin: 3, use_predicted_step: 1 }}}, gain_controller2: { enabled: 0, fixed_digital: { gain_db: 0 }, adaptive_digital: { enabled: 0, headroom_db: 5, max_gain_db: 50, initial_gain_db: 15, max_gain_change_db_per_second: 6, max_output_noise_level_dbfs: -50 }, input_volume_control : { enabled 0}}
(transparent_mode.cc:243): AEC3 Transparent Mode: Legacy
(echo_canceller3.cc:820): AEC3 created with sample rate: 16000 Hz, num render channels: 1, num capture channels: 1
(clipping_predictor.cc:367): [AGC2] Clipping prediction disabled.
(agc_manager_direct.cc:495): [agc] analog controller enabled: yes
(agc_manager_direct.cc:498): [agc] Min mic level: 12 (overridden: no)
(audio_processing_impl.cc:618): AudioProcessing::InitializeLocked input sampleRate:16000 output sampleRate:16000
(transparent_mode.cc:243): AEC3 Transparent Mode: Legacy
(echo_canceller3.cc:820): AEC3 created with sample rate: 16000 Hz, num render channels: 1, num capture channels: 1
(webrtc_voice_engine.cc:649): Applied audio processing options: AudioOptions {aec: 1, agc: 1, ns: 1, hf: 1, swap: 0, audio_jitter_buffer_max_packets: 200, audio_jitter_buffer_fast_accelerate: 0, audio_jitter_buffer_min_delay_ms: 0, }
(audio_device_impl.cc:815): RegisterAudioCallback
(openssl_key_pair.cc:36): Making key pair
(openssl_key_pair.cc:89): Returning key pair
(boringssl_certificate.cc:186): Making certificate for WebRTC
(boringssl_certificate.cc:242): Returning certificate
(rtp_transmission_manager.cc:244): Adding audio transceiver in response to a call to AddTrack.
(rtc_audio_track_impl.cc:8): AudioTrackImpl: ctor 
(rtc_audio_track_impl.cc:14): ~AudioTrackImpl: dtor 
(rtp_transmission_manager.cc:244): Adding video transceiver in response to a call to AddTrack.
(rtc_video_sink_adapter.cc:13): VideoSinkAdapter: ctor 70001810
(rtc_video_track_impl.cc:12): VideoTrackImpl: ctor 
(rtc_video_track_impl.cc:18): ~VideoTrackImpl: dtor 
(rtc_video_sink_adapter.cc:18): ~VideoSinkAdapter: dtor 
(sctp_data_channel.cc:105): Accepting maxRetransmits < 0 for backwards compatibility
(sctp_data_channel.cc:115): Accepting maxRetransmitTime < 0 for backwards compatibility
(sctp_data_channel.cc:342): DataChannelObserver - adapter needed
(p2p_transport_channel.cc:560): Set backup connection ping interval to 25 s milliseconds.
(p2p_transport_channel.cc:569): Set ICE receiving timeout to 2500 ms milliseconds
(p2p_transport_channel.cc:576): Set ping most likely connection to 0
(p2p_transport_channel.cc:583): Set stable_writable_connection_ping_interval to 2500 ms
(p2p_transport_channel.cc:596): Set presume writable when fully relayed to 0
(p2p_transport_channel.cc:614): Set regather_on_failed_networks_interval to 300 s
(p2p_transport_channel.cc:624): Set receiving_switching_delay to 1 s
(jsep_transport_controller.cc:635): Creating DtlsSrtpTransport.
(dtls_srtp_transport.cc:54): Setting RTP Transport on 0 transport 44002610
(srtp_transport.cc:285): The params in SRTP transport are reset.
(p2p_transport_channel.cc:560): Set backup connection ping interval to 25 s milliseconds.
(p2p_transport_channel.cc:569): Set ICE receiving timeout to 2500 ms milliseconds
(p2p_transport_channel.cc:576): Set ping most likely connection to 0
(p2p_transport_channel.cc:583): Set stable_writable_connection_ping_interval to 2500 ms
(p2p_transport_channel.cc:596): Set presume writable when fully relayed to 0
(p2p_transport_channel.cc:614): Set regather_on_failed_networks_interval to 300 s
(p2p_transport_channel.cc:624): Set receiving_switching_delay to 1 s
(jsep_transport_controller.cc:635): Creating DtlsSrtpTransport.
(dtls_srtp_transport.cc:54): Setting RTP Transport on 1 transport 44004510
(srtp_transport.cc:285): The params in SRTP transport are reset.
(p2p_transport_channel.cc:560): Set backup connection ping interval to 25 s milliseconds.
(p2p_transport_channel.cc:569): Set ICE receiving timeout to 2500 ms milliseconds
(p2p_transport_channel.cc:576): Set ping most likely connection to 0
(p2p_transport_channel.cc:583): Set stable_writable_connection_ping_interval to 2500 ms
(p2p_transport_channel.cc:596): Set presume writable when fully relayed to 0
(p2p_transport_channel.cc:614): Set regather_on_failed_networks_interval to 300 s
(p2p_transport_channel.cc:624): Set receiving_switching_delay to 1 s
(jsep_transport_controller.cc:635): Creating DtlsSrtpTransport.
(dtls_srtp_transport.cc:54): Setting RTP Transport on 2 transport 44006620
(srtp_transport.cc:285): The params in SRTP transport are reset.
(p2p_transport_channel.cc:494): Set ICE ufrag: /anQ pwd: G9QvkfvavV4qpOYPaELdUKsQ on transport 0
(p2p_transport_channel.cc:494): Set ICE ufrag: /anQ pwd: G9QvkfvavV4qpOYPaELdUKsQ on transport 1
(p2p_transport_channel.cc:494): Set ICE ufrag: /anQ pwd: G9QvkfvavV4qpOYPaELdUKsQ on transport 2
(peer_connection.cc:2211): Creating data channel, mid=2
(webrtc_voice_engine.cc:1219): Setting voice channel options: AudioOptions {audio_jitter_buffer_max_packets: 200, audio_jitter_buffer_fast_accelerate: 0, audio_jitter_buffer_min_delay_ms: 0, }
(webrtc_voice_engine.cc:609): WebRtcVoiceEngine::ApplyOptions: AudioOptions {audio_jitter_buffer_max_packets: 200, audio_jitter_buffer_fast_accelerate: 0, audio_jitter_buffer_min_delay_ms: 0, }
(audio_processing_impl.cc:685): AudioProcessing::ApplyConfig: AudioProcessing::Config{ pipeline: { maximum_internal_processing_rate: 32000, multi_channel_render: 1, multi_channel_capture: 1 }, pre_amplifier: { enabled: 0, fixed_gain_factor: 1 },capture_level_adjustment: { enabled: 0, pre_gain_factor: 1, post_gain_factor: 1, analog_mic_gain_emulation: { enabled: 0, initial_level: 255 }}, high_pass_filter: { enabled: 1 }, echo_canceller: { enabled: 1, enforce_high_pass_filtering: 1 }, noise_suppression: { enabled: 1, level: High }, transient_suppression: { enabled: 0 }, gain_controller1: { enabled: 1, mode: AdaptiveAnalog, target_level_dbfs: 3, compression_gain_db: 9, enable_limiter: 1, analog_gain_controller { enabled: 1, startup_min_volume: 0, clipped_level_min: 70, enable_digital_adaptive: 1, clipped_level_step: 15, clipped_ratio_threshold: 0.1, clipped_wait_frames: 300, clipping_predictor:  { enabled: 0, mode: 0, window_length: 5, reference_window_length: 5, reference_window_delay: 5, clipping_threshold: -1, crest_factor_margin: 3, use_predicted_step: 1 }}}, gain_controller2: { enabled: 0, fixed_digital: { gain_db: 0 }, adaptive_digital: { enabled: 0, headroom_db: 5, max_gain_db: 50, initial_gain_db: 15, max_gain_change_db_per_second: 6, max_output_noise_level_dbfs: -50 }, input_volume_control : { enabled 0}}
(webrtc_voice_engine.cc:649): Applied audio processing options: AudioOptions {audio_jitter_buffer_max_packets: 200, audio_jitter_buffer_fast_accelerate: 0, audio_jitter_buffer_min_delay_ms: 0, }
(webrtc_voice_engine.cc:1239): Set voice send channel options. Current options: AudioOptions {audio_jitter_buffer_max_packets: 200, audio_jitter_buffer_fast_accelerate: 0, audio_jitter_buffer_min_delay_ms: 0, }
(webrtc_voice_engine.cc:2230): Setting voice channel options: AudioOptions {audio_jitter_buffer_max_packets: 200, audio_jitter_buffer_fast_accelerate: 0, audio_jitter_buffer_min_delay_ms: 0, }
(webrtc_voice_engine.cc:609): WebRtcVoiceEngine::ApplyOptions: AudioOptions {audio_jitter_buffer_max_packets: 200, audio_jitter_buffer_fast_accelerate: 0, audio_jitter_buffer_min_delay_ms: 0, }
(audio_processing_impl.cc:685): AudioProcessing::ApplyConfig: AudioProcessing::Config{ pipeline: { maximum_internal_processing_rate: 32000, multi_channel_render: 1, multi_channel_capture: 1 }, pre_amplifier: { enabled: 0, fixed_gain_factor: 1 },capture_level_adjustment: { enabled: 0, pre_gain_factor: 1, post_gain_factor: 1, analog_mic_gain_emulation: { enabled: 0, initial_level: 255 }}, high_pass_filter: { enabled: 1 }, echo_canceller: { enabled: 1, enforce_high_pass_filtering: 1 }, noise_suppression: { enabled: 1, level: High }, transient_suppression: { enabled: 0 }, gain_controller1: { enabled: 1, mode: AdaptiveAnalog, target_level_dbfs: 3, compression_gain_db: 9, enable_limiter: 1, analog_gain_controller { enabled: 1, startup_min_volume: 0, clipped_level_min: 70, enable_digital_adaptive: 1, clipped_level_step: 15, clipped_ratio_threshold: 0.1, clipped_wait_frames: 300, clipping_predictor:  { enabled: 0, mode: 0, window_length: 5, reference_window_length: 5, reference_window_delay: 5, clipping_threshold: -1, crest_factor_margin: 3, use_predicted_step: 1 }}}, gain_controller2: { enabled: 0, fixed_digital: { gain_db: 0 }, adaptive_digital: { enabled: 0, headroom_db: 5, max_gain_db: 50, initial_gain_db: 15, max_gain_change_db_per_second: 6, max_output_noise_level_dbfs: -50 }, input_volume_control : { enabled 0}}
(webrtc_voice_engine.cc:649): Applied audio processing options: AudioOptions {audio_jitter_buffer_max_packets: 200, audio_jitter_buffer_fast_accelerate: 0, audio_jitter_buffer_min_delay_ms: 0, }
(webrtc_voice_engine.cc:2266): Set voice receive channel options. Current options: AudioOptions {audio_jitter_buffer_max_packets: 200, audio_jitter_buffer_fast_accelerate: 0, audio_jitter_buffer_min_delay_ms: 0, }
(pacing_controller.cc:113): PacedSender paused.
(sdp_offer_answer.cc:3423): Session: 2409266948542234713 Old state: stable New state: have-local-offer
(webrtc_voice_engine.cc:2469): ResetUnsignaledRecvStream.
(webrtc_video_engine.cc:3147): ResetUnsignaledRecvStream.
(webrtc_voice_engine.cc:2166): WebRtcVoiceMediaChannel::SetReceiverParameters: {codecs: [AudioCodec[111:opus:48000:0:2], AudioCodec[63:red:48000:0:2], AudioCodec[9:G722:8000:0:1], AudioCodec[0:PCMU:8000:0:1], AudioCodec[8:PCMA:8000:0:1], AudioCodec[13:CN:8000:0:1], AudioCodec[110:telephone-event:48000:0:1], AudioCodec[126:telephone-event:8000:0:1]], extensions: [{uri: http://www.ietf.org/id/draft-holmer-rmcat-transport-wide-cc-extensions-01, id: 3}, {uri: http://www.webrtc.org/experiments/rtp-hdrext/abs-send-time, id: 2}, {uri: urn:ietf:params:rtp-hdrext:sdes:mid, id: 4}, {uri: urn:ietf:params:rtp-hdrext:ssrc-audio-level, id: 1}], rtcp: {reduced_size:1, remote_estimate:0}}
(webrtc_voice_engine.cc:1540): AddSendStream: {id:0449a707-62da-4429-92ee-1af94e5edf20;ssrcs:[3604599088];ssrc_groups:;cname:Pb8CKfwsjNKv/Oqs;stream_ids:b7734ab3-7f07-402f-863d-eabb13c463ff;}
(audio_coding_module.cc:221): Created
(audio_send_stream.cc:172): AudioSendStream: 3604599088
(audio_send_stream.cc:235): AudioSendStream::ConfigureStream: {rtp: {ssrc: 3604599088, csrcs: [], extmap-allow-mixed: true, extensions: [], c_name: Pb8CKfwsjNKv/Oqs}, rtcp_report_interval_ms: 5000, send_transport: (Transport), min_bitrate_bps: -1, max_bitrate_bps: -1, has audio_network_adaptor_config: false, has_dscp: false, send_codec_spec: <unset>}
(channel.cc:960): Add send stream ssrc: 3604599088 into {mid: 0, media_type: audio}
(channel.cc:633): Changing state, recv=0 send=0 for {mid: 0, media_type: audio}
(webrtc_video_engine.cc:2987): SetReceiverParameters: {codecs: [VideoCodec[96:VP8], VideoCodec[97:rtx], VideoCodec[103:H264], VideoCodec[104:rtx], VideoCodec[107:H264], VideoCodec[108:rtx], VideoCodec[109:H264], VideoCodec[114:rtx], VideoCodec[115:H264], VideoCodec[116:rtx], VideoCodec[117:H264], VideoCodec[118:rtx], VideoCodec[39:H264], VideoCodec[40:rtx], VideoCodec[45:AV1], VideoCodec[46:rtx], VideoCodec[98:VP9], VideoCodec[99:rtx], VideoCodec[100:VP9], VideoCodec[101:rtx], VideoCodec[119:red], VideoCodec[120:rtx], VideoCodec[121:ulpfec]], extensions: [{uri: http://www.ietf.org/id/draft-holmer-rmcat-transport-wide-cc-extensions-01, id: 3}, {uri: http://www.webrtc.org/experiments/rtp-hdrext/abs-send-time, id: 2}, {uri: http://www.webrtc.org/experiments/rtp-hdrext/color-space, id: 8}, {uri: http://www.webrtc.org/experiments/rtp-hdrext/playout-delay, id: 5}, {uri: http://www.webrtc.org/experiments/rtp-hdrext/video-content-type, id: 6}, {uri: http://www.webrtc.org/experiments/rtp-hdrext/video-timing, id: 7}, {uri: urn:3gpp:video-orientation, id: 13}, {uri: urn:ietf:params:rtp-hdrext:sdes:mid, id: 4}, {uri: urn:ietf:params:rtp-hdrext:sdes:repaired-rtp-stream-id, id: 11}, {uri: urn:ietf:params:rtp-hdrext:sdes:rtp-stream-id, id: 10}, {uri: urn:ietf:params:rtp-hdrext:toffset, id: 14}], rtcp: {reduced_size:1, remote_estimate:0}}
(webrtc_video_engine.cc:1578): AddSendStream: {id:1a0ec3e6-df52-4b63-9ae8-65c8d50e90c3;ssrcs:[127569758,3020950067];ssrc_groups:{semantics:FID;ssrcs:[127569758,3020950067]};cname:Pb8CKfwsjNKv/Oqs;stream_ids:b7734ab3-7f07-402f-863d-eabb13c463ff;}
(channel.cc:960): Add send stream ssrc: 127569758 into {mid: 1, media_type: video}
(channel.cc:633): Changing state, recv=0 send=0 for {mid: 1, media_type: video}
(webrtc_voice_engine.cc:1718): WebRtcVoiceSendChannel::MuteStream: APM:0
(webrtc_voice_engine.cc:1726): WebRtcVoiceSendChannel::MuteStream: ADM:0
(audio_device_impl.cc:808): Recording
(audio_device_impl.cc:727): InitRecording
(audio_device_impl.cc:746): RecordingIsInitialized
(audio_device_buffer.cc:216): SetRecordingSampleRate(44100)
(audio_device_buffer.cc:236): SetRecordingChannels(1)
(audio_device_impl.cc:733): output: 0
(audio_device_impl.cc:783): StartRecording
(audio_device_impl.cc:808): Recording
(audio_device_impl.cc:790): output: 0
(webrtc_voice_engine.cc:1219): Setting voice channel options: AudioOptions {aec: 1, agc: 1, ns: 1, hf: 0, }
(webrtc_voice_engine.cc:609): WebRtcVoiceEngine::ApplyOptions: AudioOptions {aec: 1, agc: 1, ns: 1, hf: 0, audio_jitter_buffer_max_packets: 200, audio_jitter_buffer_fast_accelerate: 0, audio_jitter_buffer_min_delay_ms: 0, }
(audio_device_impl.cc:831): BuiltInAECIsAvailable
(audio_device_impl.cc:834): output: 0
(audio_device_impl.cc:847): BuiltInAGCIsAvailable
(audio_device_impl.cc:850): output: 0
(audio_device_impl.cc:863): BuiltInNSIsAvailable
(audio_device_impl.cc:866): output: 0
(audio_processing_impl.cc:685): AudioProcessing::ApplyConfig: AudioProcessing::Config{ pipeline: { maximum_internal_processing_rate: 32000, multi_channel_render: 1, multi_channel_capture: 1 }, pre_amplifier: { enabled: 0, fixed_gain_factor: 1 },capture_level_adjustment: { enabled: 0, pre_gain_factor: 1, post_gain_factor: 1, analog_mic_gain_emulation: { enabled: 0, initial_level: 255 }}, high_pass_filter: { enabled: 0 }, echo_canceller: { enabled: 1, enforce_high_pass_filtering: 1 }, noise_suppression: { enabled: 1, level: High }, transient_suppression: { enabled: 0 }, gain_controller1: { enabled: 1, mode: AdaptiveAnalog, target_level_dbfs: 3, compression_gain_db: 9, enable_limiter: 1, analog_gain_controller { enabled: 1, startup_min_volume: 0, clipped_level_min: 70, enable_digital_adaptive: 1, clipped_level_step: 15, clipped_ratio_threshold: 0.1, clipped_wait_frames: 300, clipping_predictor:  { enabled: 0, mode: 0, window_length: 5, reference_window_length: 5, reference_window_delay: 5, clipping_threshold: -1, crest_factor_margin: 3, use_predicted_step: 1 }}}, gain_controller2: { enabled: 0, fixed_digital: { gain_db: 0 }, adaptive_digital: { enabled: 0, headroom_db: 5, max_gain_db: 50, initial_gain_db: 15, max_gain_change_db_per_second: 6, max_output_noise_level_dbfs: -50 }, input_volume_control : { enabled 0}}
(audio_processing_impl.cc:618): AudioProcessing::InitializeLocked input sampleRate:16000 output sampleRate:16000
(transparent_mode.cc:243): AEC3 Transparent Mode: Legacy
(echo_canceller3.cc:820): AEC3 created with sample rate: 16000 Hz, num render channels: 1, num capture channels: 1
(webrtc_voice_engine.cc:649): Applied audio processing options: AudioOptions {aec: 1, agc: 1, ns: 1, hf: 0, audio_jitter_buffer_max_packets: 200, audio_jitter_buffer_fast_accelerate: 0, audio_jitter_buffer_min_delay_ms: 0, }
(webrtc_voice_engine.cc:1239): Set voice send channel options. Current options: AudioOptions {aec: 1, agc: 1, ns: 1, hf: 0, audio_jitter_buffer_max_packets: 200, audio_jitter_buffer_fast_accelerate: 0, audio_jitter_buffer_min_delay_ms: 0, }
(webrtc_video_engine.cc:1549): SetVideoSend (ssrc= 127569758, options: VideoOptions {is_screencast : 0, }, source = (source))
(rtc_peerconnection_impl.cc:150): OnSetLocalDescriptionComplete
(basic_port_allocator.cc:372): Start getting ports with turn_port_prune_policy 0
(basic_port_allocator.cc:372): Start getting ports with turn_port_prune_policy 0
(basic_port_allocator.cc:372): Start getting ports with turn_port_prune_policy 0
(basic_port_allocator.cc:697): Count of networks: 3
(basic_port_allocator.cc:699): Net[eth0:172.18.0.x/16:Ethernet:id=1]
(basic_port_allocator.cc:699): Net[lo:0:0:0:x:x:x:x:x/128:Loopback:id=3]
(basic_port_allocator.cc:699): Net[lo:127.0.0.x/8:Loopback:id=2]
(basic_port_allocator.cc:125): Filtered out ignored networks:
(basic_port_allocator.cc:127): Net[lo:0:0:0:x:x:x:x:x/128:Loopback:id=3]
(basic_port_allocator.cc:127): Net[lo:127.0.0.x/8:Loopback:id=2]
(basic_port_allocator.cc:893): Network manager has started
(basic_port_allocator.cc:697): Count of networks: 3
(basic_port_allocator.cc:699): Net[eth0:172.18.0.x/16:Ethernet:id=1]
(basic_port_allocator.cc:699): Net[lo:0:0:0:x:x:x:x:x/128:Loopback:id=3]
(basic_port_allocator.cc:699): Net[lo:127.0.0.x/8:Loopback:id=2]
(basic_port_allocator.cc:125): Filtered out ignored networks:
(basic_port_allocator.cc:127): Net[lo:0:0:0:x:x:x:x:x/128:Loopback:id=3]
(basic_port_allocator.cc:127): Net[lo:127.0.0.x/8:Loopback:id=2]
(basic_port_allocator.cc:893): Network manager has started
(basic_port_allocator.cc:697): Count of networks: 3
(basic_port_allocator.cc:699): Net[eth0:172.18.0.x/16:Ethernet:id=1]
(basic_port_allocator.cc:699): Net[lo:0:0:0:x:x:x:x:x/128:Loopback:id=3]
(basic_port_allocator.cc:699): Net[lo:127.0.0.x/8:Loopback:id=2]
(basic_port_allocator.cc:125): Filtered out ignored networks:
(basic_port_allocator.cc:127): Net[lo:0:0:0:x:x:x:x:x/128:Loopback:id=3]
(basic_port_allocator.cc:127): Net[lo:127.0.0.x/8:Loopback:id=2]
(basic_port_allocator.cc:893): Network manager has started
(basic_port_allocator.cc:697): Count of networks: 3
(basic_port_allocator.cc:699): Net[eth0:172.18.0.x/16:Ethernet:id=1]
(basic_port_allocator.cc:699): Net[lo:0:0:0:x:x:x:x:x/128:Loopback:id=3]
(basic_port_allocator.cc:699): Net[lo:127.0.0.x/8:Loopback:id=2]
(basic_port_allocator.cc:125): Filtered out ignored networks:
(basic_port_allocator.cc:127): Net[lo:0:0:0:x:x:x:x:x/128:Loopback:id=3]
(basic_port_allocator.cc:127): Net[lo:127.0.0.x/8:Loopback:id=2]
(basic_port_allocator.cc:697): Count of networks: 3
(basic_port_allocator.cc:699): Net[eth0:172.18.0.x/16:Ethernet:id=1]
(basic_port_allocator.cc:699): Net[lo:0:0:0:x:x:x:x:x/128:Loopback:id=3]
(basic_port_allocator.cc:699): Net[lo:127.0.0.x/8:Loopback:id=2]
(basic_port_allocator.cc:125): Filtered out ignored networks:
(basic_port_allocator.cc:127): Net[lo:0:0:0:x:x:x:x:x/128:Loopback:id=3]
(basic_port_allocator.cc:127): Net[lo:127.0.0.x/8:Loopback:id=2]
(basic_port_allocator.cc:697): Count of networks: 3
(basic_port_allocator.cc:699): Net[eth0:172.18.0.x/16:Ethernet:id=1]
(basic_port_allocator.cc:699): Net[lo:0:0:0:x:x:x:x:x/128:Loopback:id=3]
(basic_port_allocator.cc:699): Net[lo:127.0.0.x/8:Loopback:id=2]
(basic_port_allocator.cc:125): Filtered out ignored networks:
(basic_port_allocator.cc:127): Net[lo:0:0:0:x:x:x:x:x/128:Loopback:id=3]
(basic_port_allocator.cc:127): Net[lo:127.0.0.x/8:Loopback:id=2]
(basic_port_allocator.cc:697): Count of networks: 3
(basic_port_allocator.cc:699): Net[eth0:172.18.0.x/16:Ethernet:id=1]
(basic_port_allocator.cc:699): Net[lo:0:0:0:x:x:x:x:x/128:Loopback:id=3]
(basic_port_allocator.cc:699): Net[lo:127.0.0.x/8:Loopback:id=2]
(basic_port_allocator.cc:125): Filtered out ignored networks:
(basic_port_allocator.cc:127): Net[lo:0:0:0:x:x:x:x:x/128:Loopback:id=3]
(basic_port_allocator.cc:127): Net[lo:127.0.0.x/8:Loopback:id=2]
(basic_port_allocator.cc:697): Count of networks: 3
(basic_port_allocator.cc:699): Net[eth0:172.18.0.x/16:Ethernet:id=1]
(basic_port_allocator.cc:699): Net[lo:0:0:0:x:x:x:x:x/128:Loopback:id=3]
(basic_port_allocator.cc:699): Net[lo:127.0.0.x/8:Loopback:id=2]
(basic_port_allocator.cc:125): Filtered out ignored networks:
(basic_port_allocator.cc:127): Net[lo:0:0:0:x:x:x:x:x/128:Loopback:id=3]
(basic_port_allocator.cc:127): Net[lo:127.0.0.x/8:Loopback:id=2]
(basic_port_allocator.cc:697): Count of networks: 3
(basic_port_allocator.cc:699): Net[eth0:172.18.0.x/16:Ethernet:id=1]
(basic_port_allocator.cc:699): Net[lo:0:0:0:x:x:x:x:x/128:Loopback:id=3]
(basic_port_allocator.cc:699): Net[lo:127.0.0.x/8:Loopback:id=2]
(basic_port_allocator.cc:125): Filtered out ignored networks:
(basic_port_allocator.cc:127): Net[lo:0:0:0:x:x:x:x:x/128:Loopback:id=3]
(basic_port_allocator.cc:127): Net[lo:127.0.0.x/8:Loopback:id=2]
(basic_port_allocator.cc:697): Count of networks: 3
(basic_port_allocator.cc:699): Net[eth0:172.18.0.x/16:Ethernet:id=1]
(basic_port_allocator.cc:699): Net[lo:0:0:0:x:x:x:x:x/128:Loopback:id=3]
(basic_port_allocator.cc:699): Net[lo:127.0.0.x/8:Loopback:id=2]
(basic_port_allocator.cc:125): Filtered out ignored networks:
(basic_port_allocator.cc:127): Net[lo:0:0:0:x:x:x:x:x/128:Loopback:id=3]
(basic_port_allocator.cc:127): Net[lo:127.0.0.x/8:Loopback:id=2]
(basic_port_allocator.cc:805): Allocate ports on eth0 
(basic_port_allocator.cc:697): Count of networks: 3
(basic_port_allocator.cc:699): Net[eth0:172.18.0.x/16:Ethernet:id=1]
(basic_port_allocator.cc:699): Net[lo:0:0:0:x:x:x:x:x/128:Loopback:id=3]
(basic_port_allocator.cc:699): Net[lo:127.0.0.x/8:Loopback:id=2]
(basic_port_allocator.cc:125): Filtered out ignored networks:
(basic_port_allocator.cc:127): Net[lo:0:0:0:x:x:x:x:x/128:Loopback:id=3]
(basic_port_allocator.cc:127): Net[lo:127.0.0.x/8:Loopback:id=2]
(basic_port_allocator.cc:805): Allocate ports on eth0 
(basic_port_allocator.cc:697): Count of networks: 3
(basic_port_allocator.cc:699): Net[eth0:172.18.0.x/16:Ethernet:id=1]
(basic_port_allocator.cc:699): Net[lo:0:0:0:x:x:x:x:x/128:Loopback:id=3]
(basic_port_allocator.cc:699): Net[lo:127.0.0.x/8:Loopback:id=2]
(basic_port_allocator.cc:125): Filtered out ignored networks:
(basic_port_allocator.cc:127): Net[lo:0:0:0:x:x:x:x:x/128:Loopback:id=3]
(basic_port_allocator.cc:127): Net[lo:127.0.0.x/8:Loopback:id=2]
(basic_port_allocator.cc:805): Allocate ports on eth0 
(basic_port_allocator.cc:1404): Net[eth0:172.18.0.x/16:Ethernet:id=1]: Allocation Phase=Udp
(port.cc:135): Port[4400bdf0:0:1:0:host:Net[eth0:172.18.0.x/16:Ethernet:id=1]]: Port created with network cost 0
(basic_port_allocator.cc:915): Adding allocated port for 0
(basic_port_allocator.cc:937): Port[4400bdf0:0:1:0:host:Net[eth0:172.18.0.x/16:Ethernet:id=1]]: Added port to allocator
(basic_port_allocator.cc:954): Port[4400bdf0:0:1:0:host:Net[eth0:172.18.0.x/16:Ethernet:id=1]]: Gathered candidate: Cand[:3942288155:1:udp:2122260223:172.18.0.x:49854:host::0:/anQ:G9QvkfvavV4qpOYPaELdUKsQ:1:0:0]
(basic_port_allocator.cc:987): Port[4400bdf0:0:1:0:host:Net[eth0:172.18.0.x/16:Ethernet:id=1]]: Port ready.
(basic_port_allocator.cc:1099): Port[4400bdf0:0:1:0:host:Net[eth0:172.18.0.x/16:Ethernet:id=1]]: Port completed gathering candidates.
(basic_port_allocator.cc:1404): Net[eth0:172.18.0.x/16:Ethernet:id=1]: Allocation Phase=Udp
(port.cc:135): Port[4400d640:1:1:0:host:Net[eth0:172.18.0.x/16:Ethernet:id=1]]: Port created with network cost 0
(basic_port_allocator.cc:915): Adding allocated port for 1
(basic_port_allocator.cc:937): Port[4400d640:1:1:0:host:Net[eth0:172.18.0.x/16:Ethernet:id=1]]: Added port to allocator
(basic_port_allocator.cc:954): Port[4400d640:1:1:0:host:Net[eth0:172.18.0.x/16:Ethernet:id=1]]: Gathered candidate: Cand[:3942288155:1:udp:2122260223:172.18.0.x:36241:host::0:/anQ:G9QvkfvavV4qpOYPaELdUKsQ:1:0:0]
(basic_port_allocator.cc:987): Port[4400d640:1:1:0:host:Net[eth0:172.18.0.x/16:Ethernet:id=1]]: Port ready.
(rtc_peerconnection_impl.cc:374): OnIceCandidate, mid 0, mline 0, sdpcandidate:3942288155 1 udp 2122260223 172.18.0.3 49854 typ host generation 0 ufrag /anQ network-id 1
(basic_port_allocator.cc:1099): Port[4400d640:1:1:0:host:Net[eth0:172.18.0.x/16:Ethernet:id=1]]: Port completed gathering candidates.
(basic_port_allocator.cc:1404): Net[eth0:172.18.0.x/16:Ethernet:id=1]: Allocation Phase=Udp
(rtc_peerconnection_impl.cc:374): OnIceCandidate, mid 1, mline 1, sdpcandidate:3942288155 1 udp 2122260223 172.18.0.3 36241 typ host generation 0 ufrag /anQ network-id 1
(port.cc:135): Port[4400e6b0:2:1:0:host:Net[eth0:172.18.0.x/16:Ethernet:id=1]]: Port created with network cost 0
(basic_port_allocator.cc:915): Adding allocated port for 2
(basic_port_allocator.cc:937): Port[4400e6b0:2:1:0:host:Net[eth0:172.18.0.x/16:Ethernet:id=1]]: Added port to allocator
(basic_port_allocator.cc:954): Port[4400e6b0:2:1:0:host:Net[eth0:172.18.0.x/16:Ethernet:id=1]]: Gathered candidate: Cand[:3942288155:1:udp:2122260223:172.18.0.x:49523:host::0:/anQ:G9QvkfvavV4qpOYPaELdUKsQ:1:0:0]
(basic_port_allocator.cc:987): Port[4400e6b0:2:1:0:host:Net[eth0:172.18.0.x/16:Ethernet:id=1]]: Port ready.
(basic_port_allocator.cc:1099): Port[4400e6b0:2:1:0:host:Net[eth0:172.18.0.x/16:Ethernet:id=1]]: Port completed gathering candidates.
(rtc_peerconnection_impl.cc:374): OnIceCandidate, mid 2, mline 2, sdpcandidate:3942288155 1 udp 2122260223 172.18.0.3 49523 typ host generation 0 ufrag /anQ network-id 1
(basic_port_allocator.cc:1404): Net[eth0:172.18.0.x/16:Ethernet:id=1]: Allocation Phase=Relay
(basic_port_allocator.cc:1404): Net[eth0:172.18.0.x/16:Ethernet:id=1]: Allocation Phase=Relay
(basic_port_allocator.cc:1404): Net[eth0:172.18.0.x/16:Ethernet:id=1]: Allocation Phase=Relay
(basic_port_allocator.cc:1404): Net[eth0:172.18.0.x/16:Ethernet:id=1]: Allocation Phase=Tcp
(port.cc:135): Port[4400f650:0:1:0:host:Net[eth0:172.18.0.x/16:Ethernet:id=1]]: Port created with network cost 0
(basic_port_allocator.cc:915): Adding allocated port for 0
(basic_port_allocator.cc:937): Port[4400f650:0:1:0:host:Net[eth0:172.18.0.x/16:Ethernet:id=1]]: Added port to allocator
(basic_port_allocator.cc:954): Port[4400f650:0:1:0:host:Net[eth0:172.18.0.x/16:Ethernet:id=1]]: Gathered candidate: Cand[:340811663:1:tcp:1518280447:172.18.0.x:34117:host::0:/anQ:G9QvkfvavV4qpOYPaELdUKsQ:1:0:0]
(basic_port_allocator.cc:987): Port[4400f650:0:1:0:host:Net[eth0:172.18.0.x/16:Ethernet:id=1]]: Port ready.
(basic_port_allocator.cc:1099): Port[4400f650:0:1:0:host:Net[eth0:172.18.0.x/16:Ethernet:id=1]]: Port completed gathering candidates.
(basic_port_allocator.cc:1173): All candidates gathered for 0:1:0
(p2p_transport_channel.cc:977): P2PTransportChannel: 0, component 1 gathering complete
(basic_port_allocator.cc:1404): Net[eth0:172.18.0.x/16:Ethernet:id=1]: Allocation Phase=Tcp
(port.cc:135): Port[44010640:1:1:0:host:Net[eth0:172.18.0.x/16:Ethernet:id=1]]: Port created with network cost 0
(basic_port_allocator.cc:915): Adding allocated port for 1
(basic_port_allocator.cc:937): Port[44010640:1:1:0:host:Net[eth0:172.18.0.x/16:Ethernet:id=1]]: Added port to allocator
(rtc_peerconnection_impl.cc:374): OnIceCandidate, mid 0, mline 0, sdpcandidate:340811663 1 tcp 1518280447 172.18.0.3 34117 typ host tcptype passive generation 0 ufrag /anQ network-id 1
(basic_port_allocator.cc:954): Port[44010640:1:1:0:host:Net[eth0:172.18.0.x/16:Ethernet:id=1]]: Gathered candidate: Cand[:340811663:1:tcp:1518280447:172.18.0.x:56065:host::0:/anQ:G9QvkfvavV4qpOYPaELdUKsQ:1:0:0]
(basic_port_allocator.cc:987): Port[44010640:1:1:0:host:Net[eth0:172.18.0.x/16:Ethernet:id=1]]: Port ready.
(basic_port_allocator.cc:1099): Port[44010640:1:1:0:host:Net[eth0:172.18.0.x/16:Ethernet:id=1]]: Port completed gathering candidates.
(basic_port_allocator.cc:1173): All candidates gathered for 1:1:0
(p2p_transport_channel.cc:977): P2PTransportChannel: 1, component 1 gathering complete
(rtc_peerconnection_impl.cc:374): OnIceCandidate, mid 1, mline 1, sdpcandidate:340811663 1 tcp 1518280447 172.18.0.3 56065 typ host tcptype passive generation 0 ufrag /anQ network-id 1
(basic_port_allocator.cc:1404): Net[eth0:172.18.0.x/16:Ethernet:id=1]: Allocation Phase=Tcp
(port.cc:135): Port[440117c0:2:1:0:host:Net[eth0:172.18.0.x/16:Ethernet:id=1]]: Port created with network cost 0
(basic_port_allocator.cc:915): Adding allocated port for 2
(basic_port_allocator.cc:937): Port[440117c0:2:1:0:host:Net[eth0:172.18.0.x/16:Ethernet:id=1]]: Added port to allocator
(basic_port_allocator.cc:954): Port[440117c0:2:1:0:host:Net[eth0:172.18.0.x/16:Ethernet:id=1]]: Gathered candidate: Cand[:340811663:1:tcp:1518280447:172.18.0.x:54797:host::0:/anQ:G9QvkfvavV4qpOYPaELdUKsQ:1:0:0]
(basic_port_allocator.cc:987): Port[440117c0:2:1:0:host:Net[eth0:172.18.0.x/16:Ethernet:id=1]]: Port ready.
(basic_port_allocator.cc:1099): Port[440117c0:2:1:0:host:Net[eth0:172.18.0.x/16:Ethernet:id=1]]: Port completed gathering candidates.
(basic_port_allocator.cc:1173): All candidates gathered for 2:1:0
(p2p_transport_channel.cc:977): P2PTransportChannel: 2, component 1 gathering complete
(rtc_peerconnection_impl.cc:374): OnIceCandidate, mid 2, mline 2, sdpcandidate:340811663 1 tcp 1518280447 172.18.0.3 54797 typ host tcptype passive generation 0 ufrag /anQ network-id 1
(port.cc:405): Received STUN BINDING request id=416c384151724d654a305252 from unknown address 172.18.0.x:58853
(connection.cc:268): Conn[44022870:0:Net[eth0:172.18.0.x/16:Ethernet:id=1]:nxYgi9WF:1:0:host:udp:172.18.0.x:49854->+xFpauOf:1:1853824767:prflx:udp:172.18.0.x:58853|C--W|-|0|0|7962116751024340479|-]: Connection created
(p2p_transport_channel.cc:1115): Adding connection from peer reflexive candidate: Cand[:1023056865:1:udp:1853824767:172.18.0.x:58853:prflx::0:97eK::1:0:0]
(connection.cc:879): Conn[44022870:0:Net[eth0:172.18.0.x/16:Ethernet:id=1]:nxYgi9WF:1:0:host:udp:172.18.0.x:49854->+xFpauOf:1:1853824767:prflx:udp:172.18.0.x:58853|CR-W|-|0|0|7962116751024340479|-]: Sent STUN BINDING response, to=172.18.0.x:58853, id=416c384151724d654a305252
(p2p_transport_channel.cc:1952): Channel[0|1|R_: Transport channel state changed from 0 to 2
(jsep_transport_controller.cc:1366): 0 Transport 1 state changed. Check if state is complete.
(peer_connection.cc:1929): Changing standardized IceConnectionState new => checking
(dtls_transport.cc:908): DtlsTransport[0|1|__]: Packet received before we know if we are doing DTLS or not.
(dtls_transport.cc:914): DtlsTransport[0|1|__]: Caching DTLS ClientHello packet until DTLS is started.
(dtls_transport.cc:606): DtlsTransport[0|1|__]: DTLS setup complete, dtls_in_stun: 0
(connection.cc:558): Conn[44022870:0:Net[eth0:172.18.0.x/16:Ethernet:id=1]:nxYgi9WF:1:0:host:udp:172.18.0.x:49854->+xFpauOf:1:1853824767:prflx:udp:172.18.0.x:58853|CR-W|-|0|0|7962116751024340479|-]: Received STUN BINDING request, id=646f36797244776f30463055
(connection.cc:879): Conn[44022870:0:Net[eth0:172.18.0.x/16:Ethernet:id=1]:nxYgi9WF:1:0:host:udp:172.18.0.x:49854->+xFpauOf:1:1853824767:prflx:udp:172.18.0.x:58853|CR-W|-|0|0|7962116751024340479|-]: Sent STUN BINDING response, to=172.18.0.x:58853, id=646f36797244776f30463055
(dtls_transport.cc:905): DtlsTransport[0|1|__]: Packet received before DTLS started.
(dtls_transport.cc:914): DtlsTransport[0|1|__]: Caching DTLS ClientHello packet until DTLS is started.
(connection.cc:558): Conn[44022870:0:Net[eth0:172.18.0.x/16:Ethernet:id=1]:nxYgi9WF:1:0:host:udp:172.18.0.x:49854->+xFpauOf:1:1853824767:prflx:udp:172.18.0.x:58853|CR-W|-|0|0|7962116751024340479|-]: Received STUN BINDING request, id=376965416c5a77386c793930
(connection.cc:879): Conn[44022870:0:Net[eth0:172.18.0.x/16:Ethernet:id=1]:nxYgi9WF:1:0:host:udp:172.18.0.x:49854->+xFpauOf:1:1853824767:prflx:udp:172.18.0.x:58853|CR-W|-|0|0|7962116751024340479|-]: Sent STUN BINDING response, to=172.18.0.x:58853, id=376965416c5a77386c793930
(rtc_peerconnection_impl.cc:531):  Received session description :v=0
o=- 6232275998711534621 2 IN IP4 127.0.0.1
s=-
t=0 0
a=group:BUNDLE 0 1 2
a=extmap-allow-mixed
a=msid-semantic: WMS 498d53cb-26f5-4306-bd42-37b4d69fae35
m=audio 58853 UDP/TLS/RTP/SAVPF 111 63 9 0 8 13 110 126
c=IN IP4 172.18.0.4
a=rtcp:9 IN IP4 0.0.0.0
a=candidate:1889175359 1 udp 2122260223 172.18.0.4 58853 typ host generation 0 network-id 1
a=ice-ufrag:97eK
a=ice-pwd:f5lLFGu7u9BGzigsQUP/0Dk5
a=ice-options:trickle
a=fingerprint:sha-256 D4:7C:D5:81:B8:9F:5D:05:3D:AD:CA:D0:DA:90:03:FC:94:45:D5:17:B0:A7:37:EF:FE:AE:46:C1:7D:78:A4:B1
a=setup:active
a=mid:0
a=extmap:1 urn:ietf:params:rtp-hdrext:ssrc-audio-level
a=extmap:2 http://www.webrtc.org/experiments/rtp-hdrext/abs-send-time
a=extmap:3 http://www.ietf.org/id/draft-holmer-rmcat-transport-wide-cc-extensions-01
a=extmap:4 urn:ietf:params:rtp-hdrext:sdes:mid
a=sendrecv
a=msid:498d53cb-26f5-4306-bd42-37b4d69fae35 119ee877-4521-48b9-a2c5-a8b48e07941e
a=rtcp-mux
a=rtcp-rsize
a=rtpmap:111 opus/48000/2
a=rtcp-fb:111 transport-cc
a=fmtp:111 minptime=10;useinbandfec=1
a=rtpmap:63 red/48000/2
a=fmtp:63 111/111
a=rtpmap:9 G722/8000
a=rtpmap:0 PCMU/8000
a=rtpmap:8 PCMA/8000
a=rtpmap:13 CN/8000
a=rtpmap:110 telephone-event/48000
a=rtpmap:126 telephone-event/8000
a=ssrc:2542596345 cname:2l7AIDFLEtoPiqd3
m=video 9 UDP/TLS/RTP/SAVPF 96 97 103 104 107 108 109 114 115 116 117 118 39 40 45 46 98 99 100 101 119 120 121
c=IN IP4 0.0.0.0
a=rtcp:9 IN IP4 0.0.0.0
a=ice-ufrag:97eK
a=ice-pwd:f5lLFGu7u9BGzigsQUP/0Dk5
a=ice-options:trickle
a=fingerprint:sha-256 D4:7C:D5:81:B8:9F:5D:05:3D:AD:CA:D0:DA:90:03:FC:94:45:D5:17:B0:A7:37:EF:FE:AE:46:C1:7D:78:A4:B1
a=setup:active
a=mid:1
a=extmap:14 urn:ietf:params:rtp-hdrext:toffset
a=extmap:2 http://www.webrtc.org/experiments/rtp-hdrext/abs-send-time
a=extmap:13 urn:3gpp:video-orientation
a=extmap:3 http://www.ietf.org/id/draft-holmer-rmcat-transport-wide-cc-extensions-01
a=extmap:5 http://www.webrtc.org/experiments/rtp-hdrext/playout-delay
a=extmap:6 http://www.webrtc.org/experiments/rtp-hdrext/video-content-type
a=extmap:7 http://www.webrtc.org/experiments/rtp-hdrext/video-timing
a=extmap:8 http://www.webrtc.org/experiments/rtp-hdrext/color-space
a=extmap:4 urn:ietf:params:rtp-hdrext:sdes:mid
a=extmap:10 urn:ietf:params:rtp-hdrext:sdes:rtp-stream-id
a=extmap:11 urn:ietf:params:rtp-hdrext:sdes:repaired-rtp-stream-id
a=recvonly
a=rtcp-mux
a=rtcp-rsize
a=rtpmap:96 VP8/90000
a=rtcp-fb:96 goog-remb
a=rtcp-fb:96 transport-cc
a=rtcp-fb:96 ccm fir
a=rtcp-fb:96 nack
a=rtcp-fb:96 nack pli
a=rtpmap:97 rtx/90000
a=fmtp:97 apt=96
a=rtpmap:103 H264/90000
a=rtcp-fb:103 goog-remb
a=rtcp-fb:103 transport-cc
a=rtcp-fb:103 ccm fir
a=rtcp-fb:103 nack
a=rtcp-fb:103 nack pli
a=fmtp:103 level-asymmetry-allowed=1;packetization-mode=1;profile-level-id=42001f
a=rtpmap:104 rtx/90000
a=fmtp:104 apt=103
a=rtpmap:107 H264/90000
a=rtcp-fb:107 goog-remb
a=rtcp-fb:107 transport-cc
a=rtcp-fb:107 ccm fir
a=rtcp-fb:107 nack
a=rtcp-fb:107 nack pli
a=fmtp:107 level-asymmetry-allowed=1;packetization-mode=0;profile-level-id=42001f
a=rtpmap:108 rtx/90000
a=fmtp:108 apt=107
a=rtpmap:109 H264/90000
a=rtcp-fb:109 goog-remb
a=rtcp-fb:109 transport-cc
a=rtcp-fb:109 ccm fir
a=rtcp-fb:109 nack
a=rtcp-fb:109 nack pli
a=fmtp:109 level-asymmetry-allowed=1;packetization-mode=1;profile-level-id=42e01f
a=rtpmap:114 rtx/90000
a=fmtp:114 apt=109
a=rtpmap:115 H264/90000
a=rtcp-fb:115 goog-remb
a=rtcp-fb:115 transport-cc
a=rtcp-fb:115 ccm fir
a=rtcp-fb:115 nack
a=rtcp-fb:115 nack pli
a=fmtp:115 level-asymmetry-allowed=1;packetization-mode=0;profile-level-id=42e01f
a=rtpmap:116 rtx/90000
a=fmtp:116 apt=115
a=rtpmap:117 H264/90000
a=rtcp-fb:117 goog-remb
a=rtcp-fb:117 transport-cc
a=rtcp-fb:117 ccm fir
a=rtcp-fb:117 nack
a=rtcp-fb:117 nack pli
a=fmtp:117 level-asymmetry-allowed=1;packetization-mode=1;profile-level-id=4d001f
a=rtpmap:118 rtx/90000
a=fmtp:118 apt=117
a=rtpmap:39 H264/90000
a=rtcp-fb:39 goog-remb
a=rtcp-fb:39 transport-cc
a=rtcp-fb:39 ccm fir
a=rtcp-fb:39 nack
a=rtcp-fb:39 nack pli
a=fmtp:39 level-asymmetry-allowed=1;packetization-mode=0;profile-level-id=4d001f
a=rtpmap:40 rtx/90000
a=fmtp:40 apt=39
a=rtpmap:45 AV1/90000
a=rtcp-fb:45 goog-remb
a=rtcp-fb:45 transport-cc
a=rtcp-fb:45 ccm fir
a=rtcp-fb:45 nack
a=rtcp-fb:45 nack pli
a=fmtp:45 level-idx=5;profile=0;tier=0
a=rtpmap:46 rtx/90000
a=fmtp:46 apt=45
a=rtpmap:98 VP9/90000
a=rtcp-fb:98 goog-remb
a=rtcp-fb:98 transport-cc
a=rtcp-fb:98 ccm fir
a=rtcp-fb:98 nack
a=rtcp-fb:98 nack pli
a=fmtp:98 profile-id=0
a=rtpmap:99 rtx/90000
a=fmtp:99 apt=98
a=rtpmap:100 VP9/90000
a=rtcp-fb:100 goog-remb
a=rtcp-fb:100 transport-cc
a=rtcp-fb:100 ccm fir
a=rtcp-fb:100 nack
a=rtcp-fb:100 nack pli
a=fmtp:100 profile-id=2
a=rtpmap:101 rtx/90000
a=fmtp:101 apt=100
a=rtpmap:119 red/90000
a=rtpmap:120 rtx/90000
a=fmtp:120 apt=119
a=rtpmap:121 ulpfec/90000
m=application 9 UDP/DTLS/SCTP webrtc-datachannel
c=IN IP4 0.0.0.0
a=ice-ufrag:97eK
a=ice-pwd:f5lLFGu7u9BGzigsQUP/0Dk5
a=ice-options:trickle
a=fingerprint:sha-256 D4:7C:D5:81:B8:9F:5D:05:3D:AD:CA:D0:DA:90:03:FC:94:45:D5:17:B0:A7:37:EF:FE:AE:46:C1:7D:78:A4:B1
a=setup:active
a=mid:2
a=sctp-port:5000
a=max-message-size:262144

(dtls_srtp_transport.cc:54): Setting RTP Transport on 0 transport 44002610
(p2p_transport_channel.cc:505): Received remote ICE parameters: ufrag=97eK, renomination disabled
(p2p_transport_channel.cc:576): Set ping most likely connection to 0
(p2p_transport_channel.cc:1743): Channel[0|1|R_: Have a pingable connection for the first time; starting to ping.
(peer_connection.cc:2211): Creating data channel, mid=2
(basic_ice_controller.cc:258): Selecting connection for triggered check: Conn[44022870:0:Net[eth0:172.18.0.x/16:Ethernet:id=1]:nxYgi9WF:1:0:host:udp:172.18.0.x:49854->+xFpauOf:1:1853824767:prflx:udp:172.18.0.x:58853|CR-W|-|0|0|7962116751024340479|-]
(connection.cc:1649): Conn[44022870:0:Net[eth0:172.18.0.x/16:Ethernet:id=1]:nxYgi9WF:1:0:host:udp:172.18.0.x:49854->+xFpauOf:1:1853824767:prflx:udp:172.18.0.x:58853|CR-W|-|0|0|7962116751024340479|-]: Sent STUN BINDING request, id=4e733771742b794839355153, use_candidate=1, nomination=0
(sdp_offer_answer.cc:3423): Session: 2409266948542234713 Old state: have-local-offer New state: stable
(channel.cc:610): Channel enabled: {mid: 0, media_type: audio}
(channel.cc:633): Changing state, recv=1 send=0 for {mid: 0, media_type: audio}
(channel.cc:610): Channel enabled: {mid: 1, media_type: video}
(channel.cc:633): Changing state, recv=1 send=0 for {mid: 1, media_type: video}
(connection.cc:1525): Conn[44022870:0:Net[eth0:172.18.0.x/16:Ethernet:id=1]:nxYgi9WF:1:0:host:udp:172.18.0.x:49854->+xFpauOf:1:1853824767:prflx:udp:172.18.0.x:58853|CR-I|-|0|0|7962116751024340479|-]: Received STUN BINDING response, id=4e733771742b794839355153, code=0, rtt=178 us, pings_since_last_response=4e733771742b794839355153 
(wrapping_active_ice_controller.cc:189): Switching selected connection due to: candidate pair state changed
(p2p_transport_channel.cc:1867): Channel[0|1|R_: New selected connection: Conn[44022870:0:Net[eth0:172.18.0.x/16:Ethernet:id=1]:nxYgi9WF:1:0:host:udp:172.18.0.x:49854->+xFpauOf:1:1853824767:prflx:udp:172.18.0.x:58853|CRWS|S|0|0|7962116751024340479|0]
(webrtc_voice_engine.cc:2469): ResetUnsignaledRecvStream.
(webrtc_video_engine.cc:3147): ResetUnsignaledRecvStream.
(channel.cc:756): Setting remote description for {mid: 0, media_type: audio}
(rtp_transceiver.cc:1431): Network route changed for mid=0
(rtp_transceiver.cc:1431): Network route changed for mid=1
(dtls_transport.cc:821): DtlsTransport[0|1|__]: ice_transport writable state changed to 1 dtls_state: kNew
(dtls_transport.cc:1219): DtlsTransport[0|1|__]: configuring DTLS handshake timeout 50ms based on ICE RTT 0
(dtls_transport.cc:1069): DtlsTransport[0|1|__]: DtlsTransportInternalImpl: Start DTLS handshake active=1 role=server
(openssl_adapter.cc:825): TLS server start_accept
(openssl_adapter.cc:825): TLS server read_client_hello
(openssl_adapter.cc:825): TLS server read_client_hello
(srtp_transport.cc:285): The params in SRTP transport are reset.
(dtls_transport.cc:1092): DtlsTransport[0|1|__]: Handling #2 cached DTLS ClientHello packet(s).
(openssl_adapter.cc:825): TLS server read_client_hello_after_ech
(openssl_adapter.cc:825): TLS server cert_callback
(openssl_adapter.cc:825): TLS 1.3 server select_parameters
(openssl_adapter.cc:825): TLS 1.3 server select_session
(openssl_adapter.cc:825): TLS 1.3 server send_server_hello
(openssl_adapter.cc:825): TLS 1.3 server send_server_certificate_verify
(openssl_adapter.cc:825): TLS 1.3 server send_server_finished
(openssl_adapter.cc:825): TLS 1.3 server send_half_rtt_ticket
(openssl_adapter.cc:825): TLS 1.3 server read_second_client_flight
(openssl_adapter.cc:825): TLS 1.3 server process_end_of_early_data
(openssl_adapter.cc:825): TLS 1.3 server read_client_encrypted_extensions
(openssl_adapter.cc:825): TLS 1.3 server read_client_certificate
(openssl_adapter.cc:825): TLS 1.3 server read_client_certificate
(openssl_adapter.cc:825): TLS 1.3 server read_client_certificate
(jsep_transport_controller.cc:1366): 0 Transport 1 state changed. Check if state is complete.
(openssl_stream_adapter.cc:903): DTLS retransmission
(openssl_adapter.cc:825): TLS 1.3 server read_client_certificate
(webrtc_voice_engine.cc:1248): WebRtcVoiceMediaChannel::SetSenderParameters: {codecs: [AudioCodec[111:opus:48000:0:2], AudioCodec[63:red:48000:0:2], AudioCodec[9:G722:8000:0:1], AudioCodec[0:PCMU:8000:0:1], AudioCodec[8:PCMA:8000:0:1], AudioCodec[13:CN:8000:0:1], AudioCodec[110:telephone-event:48000:0:1], AudioCodec[126:telephone-event:8000:0:1]], extensions: [{uri: http://www.ietf.org/id/draft-holmer-rmcat-transport-wide-cc-extensions-01, id: 3}, {uri: http://www.webrtc.org/experiments/rtp-hdrext/abs-send-time, id: 2}, {uri: urn:ietf:params:rtp-hdrext:sdes:mid, id: 4}, {uri: urn:ietf:params:rtp-hdrext:ssrc-audio-level, id: 1}], extmap-allow-mixed: true, max_bandwidth_bps: -1, mid: 0, options: AudioOptions {}, rtcp: {reduced_size:1, remote_estimate:0}}
(audio_send_stream.cc:235): AudioSendStream::ConfigureStream: {rtp: {ssrc: 3604599088, csrcs: [], extmap-allow-mixed: true, extensions: [], c_name: Pb8CKfwsjNKv/Oqs}, rtcp_report_interval_ms: 5000, send_transport: (Transport), min_bitrate_bps: 32000, max_bitrate_bps: 32000, has audio_network_adaptor_config: false, has_dscp: false, send_codec_spec: {nack_enabled: false, enable_non_sender_rtt: false, cng_payload_type: <unset>, red_payload_type: <unset>, payload_type: 111, format: {name: opus, clockrate_hz: 48000, num_channels: 2, parameters: {minptime: 10, useinbandfec: 1}}}}
(audio_send_stream.cc:235): AudioSendStream::ConfigureStream: {rtp: {ssrc: 3604599088, csrcs: [], extmap-allow-mixed: true, extensions: [{uri: http://www.ietf.org/id/draft-holmer-rmcat-transport-wide-cc-extensions-01, id: 3}, {uri: http://www.webrtc.org/experiments/rtp-hdrext/abs-send-time, id: 2}, {uri: urn:ietf:params:rtp-hdrext:sdes:mid, id: 4}, {uri: urn:ietf:params:rtp-hdrext:ssrc-audio-level, id: 1}], c_name: Pb8CKfwsjNKv/Oqs}, rtcp_report_interval_ms: 5000, send_transport: (Transport), min_bitrate_bps: 32000, max_bitrate_bps: 32000, has audio_network_adaptor_config: false, has_dscp: false, send_codec_spec: {nack_enabled: false, enable_non_sender_rtt: false, cng_payload_type: <unset>, red_payload_type: <unset>, payload_type: 111, format: {name: opus, clockrate_hz: 48000, num_channels: 2, parameters: {minptime: 10, useinbandfec: 1}}}}
(audio_send_stream.cc:235): AudioSendStream::ConfigureStream: {rtp: {ssrc: 3604599088, csrcs: [], extmap-allow-mixed: true, extensions: [{uri: http://www.ietf.org/id/draft-holmer-rmcat-transport-wide-cc-extensions-01, id: 3}, {uri: http://www.webrtc.org/experiments/rtp-hdrext/abs-send-time, id: 2}, {uri: urn:ietf:params:rtp-hdrext:sdes:mid, id: 4}, {uri: urn:ietf:params:rtp-hdrext:ssrc-audio-level, id: 1}], c_name: Pb8CKfwsjNKv/Oqs}, rtcp_report_interval_ms: 5000, send_transport: (Transport), min_bitrate_bps: 32000, max_bitrate_bps: 32000, has audio_network_adaptor_config: false, has_dscp: false, send_codec_spec: {nack_enabled: false, enable_non_sender_rtt: false, cng_payload_type: <unset>, red_payload_type: <unset>, payload_type: 111, format: {name: opus, clockrate_hz: 48000, num_channels: 2, parameters: {minptime: 10, useinbandfec: 1}}}}
(audio_send_stream.cc:235): AudioSendStream::ConfigureStream: {rtp: {ssrc: 3604599088, mid: 0, csrcs: [], extmap-allow-mixed: true, extensions: [{uri: http://www.ietf.org/id/draft-holmer-rmcat-transport-wide-cc-extensions-01, id: 3}, {uri: http://www.webrtc.org/experiments/rtp-hdrext/abs-send-time, id: 2}, {uri: urn:ietf:params:rtp-hdrext:sdes:mid, id: 4}, {uri: urn:ietf:params:rtp-hdrext:ssrc-audio-level, id: 1}], c_name: Pb8CKfwsjNKv/Oqs}, rtcp_report_interval_ms: 5000, send_transport: (Transport), min_bitrate_bps: 32000, max_bitrate_bps: 32000, has audio_network_adaptor_config: false, has_dscp: false, send_codec_spec: {nack_enabled: false, enable_non_sender_rtt: false, cng_payload_type: <unset>, red_payload_type: <unset>, payload_type: 111, format: {name: opus, clockrate_hz: 48000, num_channels: 2, parameters: {minptime: 10, useinbandfec: 1}}}}
(webrtc_voice_engine.cc:1749): WebRtcVoiceMediaChannel::SetMaxSendBitrate.
(audio_send_stream.cc:235): AudioSendStream::ConfigureStream: {rtp: {ssrc: 3604599088, mid: 0, csrcs: [], extmap-allow-mixed: true, extensions: [{uri: http://www.ietf.org/id/draft-holmer-rmcat-transport-wide-cc-extensions-01, id: 3}, {uri: http://www.webrtc.org/experiments/rtp-hdrext/abs-send-time, id: 2}, {uri: urn:ietf:params:rtp-hdrext:sdes:mid, id: 4}, {uri: urn:ietf:params:rtp-hdrext:ssrc-audio-level, id: 1}], c_name: Pb8CKfwsjNKv/Oqs}, rtcp_report_interval_ms: 5000, send_transport: (Transport), min_bitrate_bps: 32000, max_bitrate_bps: 32000, has audio_network_adaptor_config: false, has_dscp: false, send_codec_spec: {nack_enabled: false, enable_non_sender_rtt: false, cng_payload_type: <unset>, red_payload_type: <unset>, payload_type: 111, format: {name: opus, clockrate_hz: 48000, num_channels: 2, parameters: {minptime: 10, useinbandfec: 1}}}}
(webrtc_voice_engine.cc:1219): Setting voice channel options: AudioOptions {}
(webrtc_voice_engine.cc:609): WebRtcVoiceEngine::ApplyOptions: AudioOptions {aec: 1, agc: 1, ns: 1, hf: 0, audio_jitter_buffer_max_packets: 200, audio_jitter_buffer_fast_accelerate: 0, audio_jitter_buffer_min_delay_ms: 0, }
(audio_device_impl.cc:831): BuiltInAECIsAvailable
(audio_device_impl.cc:834): output: 0
(audio_device_impl.cc:847): BuiltInAGCIsAvailable
(audio_device_impl.cc:850): output: 0
(audio_device_impl.cc:863): BuiltInNSIsAvailable
(audio_device_impl.cc:866): output: 0
(audio_processing_impl.cc:685): AudioProcessing::ApplyConfig: AudioProcessing::Config{ pipeline: { maximum_internal_processing_rate: 32000, multi_channel_render: 1, multi_channel_capture: 1 }, pre_amplifier: { enabled: 0, fixed_gain_factor: 1 },capture_level_adjustment: { enabled: 0, pre_gain_factor: 1, post_gain_factor: 1, analog_mic_gain_emulation: { enabled: 0, initial_level: 255 }}, high_pass_filter: { enabled: 0 }, echo_canceller: { enabled: 1, enforce_high_pass_filtering: 1 }, noise_suppression: { enabled: 1, level: High }, transient_suppression: { enabled: 0 }, gain_controller1: { enabled: 1, mode: AdaptiveAnalog, target_level_dbfs: 3, compression_gain_db: 9, enable_limiter: 1, analog_gain_controller { enabled: 1, startup_min_volume: 0, clipped_level_min: 70, enable_digital_adaptive: 1, clipped_level_step: 15, clipped_ratio_threshold: 0.1, clipped_wait_frames: 300, clipping_predictor:  { enabled: 0, mode: 0, window_length: 5, reference_window_length: 5, reference_window_delay: 5, clipping_threshold: -1, crest_factor_margin: 3, use_predicted_step: 1 }}}, gain_controller2: { enabled: 0, fixed_digital: { gain_db: 0 }, adaptive_digital: { enabled: 0, headroom_db: 5, max_gain_db: 50, initial_gain_db: 15, max_gain_change_db_per_second: 6, max_output_noise_level_dbfs: -50 }, input_volume_control : { enabled 0}}
(webrtc_voice_engine.cc:649): Applied audio processing options: AudioOptions {aec: 1, agc: 1, ns: 1, hf: 0, audio_jitter_buffer_max_packets: 200, audio_jitter_buffer_fast_accelerate: 0, audio_jitter_buffer_min_delay_ms: 0, }
(webrtc_voice_engine.cc:1239): Set voice send channel options. Current options: AudioOptions {aec: 1, agc: 1, ns: 1, hf: 0, audio_jitter_buffer_max_packets: 200, audio_jitter_buffer_fast_accelerate: 0, audio_jitter_buffer_min_delay_ms: 0, }
(webrtc_voice_engine.cc:2166): WebRtcVoiceMediaChannel::SetReceiverParameters: {codecs: [AudioCodec[111:opus:48000:0:2], AudioCodec[63:red:48000:0:2], AudioCodec[9:G722:8000:0:1], AudioCodec[0:PCMU:8000:0:1], AudioCodec[8:PCMA:8000:0:1], AudioCodec[13:CN:8000:0:1], AudioCodec[110:telephone-event:48000:0:1], AudioCodec[126:telephone-event:8000:0:1]], extensions: [{uri: http://www.ietf.org/id/draft-holmer-rmcat-transport-wide-cc-extensions-01, id: 3}, {uri: http://www.webrtc.org/experiments/rtp-hdrext/abs-send-time, id: 2}, {uri: urn:ietf:params:rtp-hdrext:sdes:mid, id: 4}, {uri: urn:ietf:params:rtp-hdrext:ssrc-audio-level, id: 1}], rtcp: {reduced_size:1, remote_estimate:0}}
(webrtc_voice_engine.cc:2350): Changing RTCP mode on receive streams.
(openssl_adapter.cc:825): TLS 1.3 server read_client_certificate_verify
(openssl_adapter.cc:825): TLS 1.3 server read_channel_id
(openssl_adapter.cc:825): TLS 1.3 server read_client_finished
(openssl_adapter.cc:825): TLS 1.3 server send_new_session_ticket
(openssl_adapter.cc:825): TLS 1.3 server done
(openssl_adapter.cc:825): TLS server finish_server_handshake
(openssl_adapter.cc:825): TLS server done
(openssl_adapter.cc:825): TLS server done
(openssl_adapter.cc:825): TLS server done
(dtls_transport.cc:995): DtlsTransport[0|1|__]: DTLS handshake complete.
(jsep_transport_controller.cc:1304):  Transport 0 writability changed to 1.
(dtls_srtp_transport.cc:254): Extracting keys from transport: 0
(srtp_transport.cc:220): SRTP activated with negotiated parameters: send crypto_suite 1 recv crypto_suite 1 cryptex 0/0
(channel.cc:875): Channel writable ({mid: 0, media_type: audio}) for the first time
(channel.cc:875): Channel writable ({mid: 1, media_type: video}) for the first time
(webrtc_voice_engine.cc:2400): AddRecvStream: {id:119ee877-4521-48b9-a2c5-a8b48e07941e;ssrcs:[2542596345];ssrc_groups:;cname:2l7AIDFLEtoPiqd3;stream_ids:498d53cb-26f5-4306-bd42-37b4d69fae35;}
(neteq_impl.cc:160): NetEq config: sample_rate_hz=48000, max_packets_in_buffer=200, min_delay_ms=0, enable_fast_accelerate=false, enable_muted_state=true, enable_rtx_handling=false
(audio_receive_stream.cc:124): AudioReceiveStreamImpl: 2542596345
(audio_receive_stream.cc:168): AudioReceiveStreamImpl::Start: 2542596345
(audio_device_impl.cc:777): Playing
(audio_device_impl.cc:714): InitPlayout
(audio_device_impl.cc:740): PlayoutIsInitialized
(audio_device_buffer.cc:222): SetPlayoutSampleRate(44100)
(audio_device_buffer.cc:242): SetPlayoutChannels(2)
(audio_device_impl.cc:720): output: 0
(audio_device_impl.cc:752): StartPlayout
(audio_device_impl.cc:777): Playing
(audio_device_impl.cc:759): output: 0
(channel.cc:1045): Add remote ssrc: 2542596345 to {mid: 0, media_type: audio}
(audio_device_buffer.cc:356): Size of playout buffer: 882
(channel.cc:633): Changing state, recv=1 send=0 for {mid: 0, media_type: audio}
(rtp_transport_controller_send.cc:354): Network route changed on transport 0: new_route = [ connected: 1 local: [ 1/1 Ethernet turn: 0 ] remote: [ 1/1 Ethernet turn: 0 ] packet_overhead_bytes: 28 ]
(call.cc:1258): UpdateAggregateNetworkState: aggregate_state change to up
(pacing_controller.cc:120): PacedSender resumed.
(rtp_transport_controller_send.cc:811): Creating Goog CC Factory.
(alr_experiment.cc:69): Using ALR experiment settings: pacing factor: 1, max pacer queue length: 2875, ALR bandwidth usage percent: 80, ALR start budget level percent: 40, ALR end budget level percent: -60, ALR experiment group ID: 3
(trendline_estimator.cc:185): Using Trendline filter for delay change estimation with settings sort:false,cap:false,beginning_packets:7,end_packets:7,cap_uncertainty:0,window_size:20 and no network state predictor
(trendline_estimator.cc:185): Using Trendline filter for delay change estimation with settings sort:false,cap:false,beginning_packets:7,end_packets:7,cap_uncertainty:0,window_size:20 and no network state predictor
(aimd_rate_control.cc:88): Using aimd rate control with back off factor 0.85
(audio_processing_impl.cc:618): AudioProcessing::InitializeLocked input sampleRate:16000 output sampleRate:16000
(delay_based_bwe.cc:90): Initialized DelayBasedBwe with separate audio overuse detectionenabled:false,packet_threshold:10,time_threshold:1 s
(delay_based_bwe.cc:295): BWE Setting start bitrate to: 300 kbps
(bitrate_allocator.cc:500): Current BWE 300000
(bitrate_prober.cc:130): Probe cluster (bitrate_bps:min bytes:min packets): (900 kbps:1688:5, Inactive)
(bitrate_prober.cc:130): Probe cluster (bitrate_bps:min bytes:min packets): (1800 kbps:3375:5, Inactive)
(webrtc_voice_engine.cc:609): WebRtcVoiceEngine::ApplyOptions: AudioOptions {aec: 1, agc: 1, ns: 1, hf: 0, audio_jitter_buffer_max_packets: 200, audio_jitter_buffer_fast_accelerate: 0, audio_jitter_buffer_min_delay_ms: 0, }
(audio_device_impl.cc:831): BuiltInAECIsAvailable
(audio_device_impl.cc:834): output: 0
(audio_device_impl.cc:847): BuiltInAGCIsAvailable
(audio_device_impl.cc:850): output: 0
(audio_device_impl.cc:863): BuiltInNSIsAvailable
(audio_device_impl.cc:866): output: 0
(transparent_mode.cc:243): AEC3 Transparent Mode: Legacy
(echo_canceller3.cc:820): AEC3 created with sample rate: 16000 Hz, num render channels: 2, num capture channels: 1
(audio_processing_impl.cc:685): AudioProcessing::ApplyConfig: AudioProcessing::Config{ pipeline: { maximum_internal_processing_rate: 32000, multi_channel_render: 1, multi_channel_capture: 1 }, pre_amplifier: { enabled: 0, fixed_gain_factor: 1 },capture_level_adjustment: { enabled: 0, pre_gain_factor: 1, post_gain_factor: 1, analog_mic_gain_emulation: { enabled: 0, initial_level: 255 }}, high_pass_filter: { enabled: 0 }, echo_canceller: { enabled: 1, enforce_high_pass_filtering: 1 }, noise_suppression: { enabled: 1, level: High }, transient_suppression: { enabled: 0 }, gain_controller1: { enabled: 1, mode: AdaptiveAnalog, target_level_dbfs: 3, compression_gain_db: 9, enable_limiter: 1, analog_gain_controller { enabled: 1, startup_min_volume: 0, clipped_level_min: 70, enable_digital_adaptive: 1, clipped_level_step: 15, clipped_ratio_threshold: 0.1, clipped_wait_frames: 300, clipping_predictor:  { enabled: 0, mode: 0, window_length: 5, reference_window_length: 5, reference_window_delay: 5, clipping_threshold: -1, crest_factor_margin: 3, use_predicted_step: 1 }}}, gain_controller2: { enabled: 0, fixed_digital: { gain_db: 0 }, adaptive_digital: { enabled: 0, headroom_db: 5, max_gain_db: 50, initial_gain_db: 15, max_gain_change_db_per_second: 6, max_output_noise_level_dbfs: -50 }, input_volume_control : { enabled 0}}
(webrtc_voice_engine.cc:649): Applied audio processing options: AudioOptions {aec: 1, agc: 1, ns: 1, hf: 0, audio_jitter_buffer_max_packets: 200, audio_jitter_buffer_fast_accelerate: 0, audio_jitter_buffer_min_delay_ms: 0, }
(audio_device_impl.cc:746): RecordingIsInitialized
(audio_send_stream.cc:366): AudioSendStream::Start: 3604599088
(bitrate_allocator.cc:687): UpdateAllocationLimits : total_requested_min_bitrate: 60800 bps, total_requested_padding_bitrate: 0 bps, total_requested_max_bitrate: 60800 bps
(audio_device_impl.cc:808): Recording
(channel.cc:633): Changing state, recv=1 send=1 for {mid: 0, media_type: audio}
(channel.cc:633): Changing state, recv=1 send=0 for {mid: 1, media_type: video}
(channel.cc:756): Setting remote description for {mid: 1, media_type: video}
(webrtc_video_engine.cc:1233): SetSenderParameters: {codecs: [VideoCodec[96:VP8], VideoCodec[97:rtx], VideoCodec[103:H264], VideoCodec[104:rtx], VideoCodec[107:H264], VideoCodec[108:rtx], VideoCodec[109:H264], VideoCodec[114:rtx], VideoCodec[115:H264], VideoCodec[116:rtx], VideoCodec[117:H264], VideoCodec[118:rtx], VideoCodec[39:H264], VideoCodec[40:rtx], VideoCodec[45:AV1], VideoCodec[46:rtx], VideoCodec[98:VP9], VideoCodec[99:rtx], VideoCodec[100:VP9], VideoCodec[101:rtx], VideoCodec[119:red], VideoCodec[120:rtx], VideoCodec[121:ulpfec]], conference_mode: no, extensions: [{uri: http://www.ietf.org/id/draft-holmer-rmcat-transport-wide-cc-extensions-01, id: 3}, {uri: http://www.webrtc.org/experiments/rtp-hdrext/abs-send-time, id: 2}, {uri: http://www.webrtc.org/experiments/rtp-hdrext/color-space, id: 8}, {uri: http://www.webrtc.org/experiments/rtp-hdrext/playout-delay, id: 5}, {uri: http://www.webrtc.org/experiments/rtp-hdrext/video-content-type, id: 6}, {uri: http://www.webrtc.org/experiments/rtp-hdrext/video-timing, id: 7}, {uri: urn:3gpp:video-orientation, id: 13}, {uri: urn:ietf:params:rtp-hdrext:sdes:mid, id: 4}, {uri: urn:ietf:params:rtp-hdrext:sdes:repaired-rtp-stream-id, id: 11}, {uri: urn:ietf:params:rtp-hdrext:sdes:rtp-stream-id, id: 10}, {uri: urn:ietf:params:rtp-hdrext:toffset, id: 14}], extmap-allow-mixed: true, max_bandwidth_bps: -1, mid: 1, rtcp: {reduced_size:1, remote_estimate:0}}
(webrtc_video_engine.cc:1241): Negotiated codec: VideoCodec[96:VP8]
(webrtc_video_engine.cc:1241): Negotiated codec: VideoCodec[103:H264]
(webrtc_video_engine.cc:1241): Negotiated codec: VideoCodec[107:H264]
(webrtc_video_engine.cc:1241): Negotiated codec: VideoCodec[109:H264]
(webrtc_video_engine.cc:1241): Negotiated codec: VideoCodec[115:H264]
(webrtc_video_engine.cc:1241): Negotiated codec: VideoCodec[117:H264]
(webrtc_video_engine.cc:1241): Negotiated codec: VideoCodec[39:H264]
(webrtc_video_engine.cc:1241): Negotiated codec: VideoCodec[45:AV1]
(webrtc_video_engine.cc:1241): Negotiated codec: VideoCodec[98:VP9]
(webrtc_video_engine.cc:1241): Negotiated codec: VideoCodec[100:VP9]
(webrtc_video_engine.cc:2116): RecreateWebRtcStream (send) because of SetCodec.
(video_send_stream_impl.cc:524): VideoSendStreamImpl: {encoder_settings: { experiment_cpu_load_estimator: off}}, rtp: {ssrcs: [127569758], rids: [], mid: '1', rtcp_mode: RtcpMode::kReducedSize, max_packet_size: 1200, extmap-allow-mixed: true, extensions: [{uri: http://www.ietf.org/id/draft-holmer-rmcat-transport-wide-cc-extensions-01, id: 3}, {uri: http://www.webrtc.org/experiments/rtp-hdrext/abs-send-time, id: 2}, {uri: http://www.webrtc.org/experiments/rtp-hdrext/color-space, id: 8}, {uri: http://www.webrtc.org/experiments/rtp-hdrext/playout-delay, id: 5}, {uri: http://www.webrtc.org/experiments/rtp-hdrext/video-content-type, id: 6}, {uri: http://www.webrtc.org/experiments/rtp-hdrext/video-timing, id: 7}, {uri: urn:3gpp:video-orientation, id: 13}, {uri: urn:ietf:params:rtp-hdrext:sdes:mid, id: 4}, {uri: urn:ietf:params:rtp-hdrext:sdes:repaired-rtp-stream-id, id: 11}, {uri: urn:ietf:params:rtp-hdrext:sdes:rtp-stream-id, id: 10}], lntf: {enabled: false}, nack: {rtp_history_ms: 1000}, ulpfec: {ulpfec_payload_type: 121, red_payload_type: 119, red_rtx_payload_type: 120}, payload_name: VP8, payload_type: 96, raw_payload: false, stream_configs: [{ssrc: 127569758, rid: , payload_name: VP8, payload_type: 96, raw_payload: false, rtx: {ssrc: 3020950067, payload_type: 97}}], flexfec: {payload_type: -1, ssrc: 0, protected_media_ssrcs: []}, rtx: {ssrcs: [3020950067], payload_type: 97}, c_name: Pb8CKfwsjNKv/Oqs}, rtcp_report_interval_ms: 1000, send_transport: (Transport), render_delay_ms: 0, target_delay_ms: 0, suspend_below_min_bitrate: off}
(video_stream_encoder.cc:934): SetStartBitrate 150000
(video_send_stream_impl.cc:619): Encoder config: {codec_type: VP8, content_type: kRealtimeVideo, frame_drop_enabled: 1, encoder_specific_settings: (ptr), min_transmit_bitrate_bps: 0, number_of_streams: 1, legacy_conference_mode: 0, is_quality_scaling_allowed: 1, max_qp: -1, simulcast_layers[0]: {width: 0, height: 0, max_framerate: -1, min_bitrate_bps:-1, target_bitrate_bps:-1, max_bitrate_bps:-1, max_qp: -1, num_temporal_layers: 1, bitrate_priority: 0, active: 1, scale_down_by: -1}} VideoSendStream config: {encoder_settings: { experiment_cpu_load_estimator: off}}, rtp: {ssrcs: [127569758], rids: [], mid: '1', rtcp_mode: RtcpMode::kReducedSize, max_packet_size: 1200, extmap-allow-mixed: true, extensions: [{uri: http://www.ietf.org/id/draft-holmer-rmcat-transport-wide-cc-extensions-01, id: 3}, {uri: http://www.webrtc.org/experiments/rtp-hdrext/abs-send-time, id: 2}, {uri: http://www.webrtc.org/experiments/rtp-hdrext/color-space, id: 8}, {uri: http://www.webrtc.org/experiments/rtp-hdrext/playout-delay, id: 5}, {uri: http://www.webrtc.org/experiments/rtp-hdrext/video-content-type, id: 6}, {uri: http://www.webrtc.org/experiments/rtp-hdrext/video-timing, id: 7}, {uri: urn:3gpp:video-orientation, id: 13}, {uri: urn:ietf:params:rtp-hdrext:sdes:mid, id: 4}, {uri: urn:ietf:params:rtp-hdrext:sdes:repaired-rtp-stream-id, id: 11}, {uri: urn:ietf:params:rtp-hdrext:sdes:rtp-stream-id, id: 10}], lntf: {enabled: false}, nack: {rtp_history_ms: 1000}, ulpfec: {ulpfec_payload_type: 121, red_payload_type: 119, red_rtx_payload_type: 120}, payload_name: VP8, payload_type: 96, raw_payload: false, stream_configs: [{ssrc: 127569758, rid: , payload_name: VP8, payload_type: 96, raw_payload: false, rtx: {ssrc: 3020950067, payload_type: 97}}], flexfec: {payload_type: -1, ssrc: 0, protected_media_ssrcs: []}, rtx: {ssrcs: [3020950067], payload_type: 97}, c_name: Pb8CKfwsjNKv/Oqs}, rtcp_report_interval_ms: 1000, send_transport: (Transport), render_delay_ms: 0, target_delay_ms: 0, suspend_below_min_bitrate: off}
(video_send_stream_impl.cc:748): VideoSendStreamImpl::Stop
(video_stream_encoder.cc:1006): ConfigureEncoder requested.
(webrtc_video_engine.cc:2987): SetReceiverParameters: {codecs: [VideoCodec[96:VP8], VideoCodec[97:rtx], VideoCodec[103:H264], VideoCodec[104:rtx], VideoCodec[107:H264], VideoCodec[108:rtx], VideoCodec[109:H264], VideoCodec[114:rtx], VideoCodec[115:H264], VideoCodec[116:rtx], VideoCodec[117:H264], VideoCodec[118:rtx], VideoCodec[39:H264], VideoCodec[40:rtx], VideoCodec[45:AV1], VideoCodec[46:rtx], VideoCodec[98:VP9], VideoCodec[99:rtx], VideoCodec[100:VP9], VideoCodec[101:rtx], VideoCodec[119:red], VideoCodec[120:rtx], VideoCodec[121:ulpfec]], extensions: [{uri: http://www.ietf.org/id/draft-holmer-rmcat-transport-wide-cc-extensions-01, id: 3}, {uri: http://www.webrtc.org/experiments/rtp-hdrext/abs-send-time, id: 2}, {uri: http://www.webrtc.org/experiments/rtp-hdrext/color-space, id: 8}, {uri: http://www.webrtc.org/experiments/rtp-hdrext/playout-delay, id: 5}, {uri: http://www.webrtc.org/experiments/rtp-hdrext/video-content-type, id: 6}, {uri: http://www.webrtc.org/experiments/rtp-hdrext/video-timing, id: 7}, {uri: urn:3gpp:video-orientation, id: 13}, {uri: urn:ietf:params:rtp-hdrext:sdes:mid, id: 4}, {uri: urn:ietf:params:rtp-hdrext:sdes:repaired-rtp-stream-id, id: 11}, {uri: urn:ietf:params:rtp-hdrext:sdes:rtp-stream-id, id: 10}, {uri: urn:ietf:params:rtp-hdrext:toffset, id: 14}], rtcp: {reduced_size:1, remote_estimate:0}}
(channel.cc:633): Changing state, recv=1 send=1 for {mid: 1, media_type: video}
(peer_connection.cc:1907): Changing IceConnectionState new => checking
(sdp_offer_answer.cc:2564): Processing the MSIDs for MID=0 (streams=[498d53cb-26f5-4306-bd42-37b4d69fae35]).
(data_channel_controller.cc:499): AllocateSctpSids: Id assigned, ready to send.
(sdp_offer_answer.cc:2574): Processing the addition of a remote track for MID=0.
(rtp_transceiver.cc:891): Changing transceiver (MID=0) current direction from <not set> to kSendRecv
(rtp_transceiver.cc:891): Changing transceiver (MID=1) current direction from <not set> to kSendOnly
(webrtc_voice_engine.cc:2557): SetBaseMinimumPlayoutDelayMs() to 0 for recv stream with ssrc 2542596345
(webrtc_voice_engine.cc:2508): WRVMC::SetOutputVolume({ssrc=2542596345}, {volume=1.00})
(webrtc_voice_engine.cc:2518): WRVMC::SetOutputVolume => (stream with SSRC 2542596345 now uses volume 1.00)
(rtc_audio_track_impl.cc:8): AudioTrackImpl: ctor 
(rtc_audio_track_impl.cc:8): AudioTrackImpl: ctor 
(rtc_audio_track_impl.cc:8): AudioTrackImpl: ctor 
(rtc_audio_track_impl.cc:14): ~AudioTrackImpl: dtor 
(rtc_audio_track_impl.cc:8): AudioTrackImpl: ctor 
(sctp_data_channel.cc:703): DataChannel received OPEN_ACK message, sid = 1
(rtc_audio_track_impl.cc:14): ~AudioTrackImpl: dtor 
(rtc_audio_track_impl.cc:8): AudioTrackImpl: ctor 
(rtc_audio_track_impl.cc:14): ~AudioTrackImpl: dtor 
(rtc_audio_track_impl.cc:8): AudioTrackImpl: ctor 
(rtc_audio_track_impl.cc:14): ~AudioTrackImpl: dtor 
(rtc_media_stream_impl.cc:32): ~MediaStreamImpl: dtor 
(rtc_audio_track_impl.cc:14): ~AudioTrackImpl: dtor 
(rtc_audio_track_impl.cc:8): AudioTrackImpl: ctor 
(rtc_audio_track_impl.cc:8): AudioTrackImpl: ctor 
(rtc_audio_track_impl.cc:14): ~AudioTrackImpl: dtor 
(rtc_media_stream_impl.cc:32): ~MediaStreamImpl: dtor 
(rtc_audio_track_impl.cc:14): ~AudioTrackImpl: dtor 
(rtc_peerconnection_impl.cc:265): OnAddStream 498d53cb-26f5-4306-bd42-37b4d69fae35
(rtc_audio_track_impl.cc:8): AudioTrackImpl: ctor 
(rtc_peerconnection_impl.cc:159): OnSetRemoteDescriptionComplete
(peer_connection.cc:1929): Changing standardized IceConnectionState checking => connected
(peer_connection.cc:2514): Changing to ICE completed state because all transports are complete.
(peer_connection.cc:1907): Changing IceConnectionState checking => connected
(peer_connection.cc:1907): Changing IceConnectionState connected => completed
(peer_connection.cc:1929): Changing standardized IceConnectionState connected => completed
(webrtc_video_engine.cc:2520): VideoSendStream stats: 4686871, {input_fps: 0.0, encode_fps: 0, encode_ms: 0, encode_usage_perc: 0, target_bps: 0, media_bps: 0, suspended: false, bw_adapted_res: false, cpu_adapted_res: false, bw_adapted_fps: false, cpu_adapted_fps: false, #cpu_adaptations: 0, #quality_adaptations: 0}
(webrtc_video_engine.cc:1689): Call stats: 4686871, {send_bw_bps: 300000, recv_bw_bps: 0, max_pad_bps: 0, pacer_delay_ms: 0, rtt_ms: -1}
(video_stream_encoder.cc:1937): Video frame parameters changed: dimensions=1280x720, texture=0.
(video_stream_encoder.cc:1067): [VSE] ReconfigureEncoder [encoder_config={codec_type: VP8, content_type: kRealtimeVideo, frame_drop_enabled: 1, encoder_specific_settings: (ptr), min_transmit_bitrate_bps: 0, number_of_streams: 1, legacy_conference_mode: 0, is_quality_scaling_allowed: 1, max_qp: -1, simulcast_layers[0]: {width: 0, height: 0, max_framerate: -1, min_bitrate_bps:-1, target_bitrate_bps:-1, max_bitrate_bps:-1, max_qp: -1, num_temporal_layers: 1, bitrate_priority: 0, active: 1, scale_down_by: -1}}]
(sdp_video_format.cc:280): Matched SdpVideoFormat Codec name: VP8, parameters: { } with Codec name: VP8, parameters: { }, scalability_modes: [L1T1, L1T2, L1T3]
(video_stream_encoder.cc:1321): [VSE] ReconfigureEncoder: simulcast streams: {0: 1280x720 L1T1, min_kbps: 30, target_kbps: 2500, max_kbps: 2500, max_fps: 60, max_qp: 56, num_tl: 1, active: true}
(simulcast_encoder_adapter.cc:444): [SEA] InitEncode: total_streams_count: 1, active_streams_count: 1, separate_encoders_needed: true
(simulcast_encoder_adapter.cc:451): [SEA] InitEncode: Single-encoder mode
(resource_adaptation_processor.cc:128): Registered resource "EncoderUsageResource".
(quality_scaling_experiment.cc:53): QP thresholds: low: 29, high: 95
(quality_scaler.cc:221): QP thresholds: low: 29, high: 95
(resource_adaptation_processor.cc:128): Registered resource "QualityScalerResource".
(video_stream_encoder.cc:1984): Dropping frame. Too large for target bitrate.
(video_stream_adapter.cc:499): Scaling down resolution, max pixels: 552960
(video_stream_encoder_resource_manager.cc:723): Downgrade counts: fps: {quality:0cpu:0}, resolution {quality:1cpu:0}
(video_stream_encoder.cc:2601): Updating sink restrictions from QualityScalerResource to { max_pixels_per_frame=552960 }
(bitrate_allocator.cc:687): UpdateAllocationLimits : total_requested_min_bitrate: 90800 bps, total_requested_padding_bitrate: 0 bps, total_requested_max_bitrate: 2560800 bps
(video_stream_encoder.cc:2540): Video suspend state changed to: not suspended
(video_adapter.cc:285): Frame size changed: scaled 1 / out 19 / in 19 Changes: 2 Input: 1280x720 Scale: 3/4 Output: 960x540 fps: 2147483647/-1 alignment: 1
(video_stream_encoder.cc:1937): Video frame parameters changed: dimensions=960x540, texture=0.
(video_stream_encoder.cc:1067): [VSE] ReconfigureEncoder [encoder_config={codec_type: VP8, content_type: kRealtimeVideo, frame_drop_enabled: 1, encoder_specific_settings: (ptr), min_transmit_bitrate_bps: 0, number_of_streams: 1, legacy_conference_mode: 0, is_quality_scaling_allowed: 1, max_qp: -1, simulcast_layers[0]: {width: 0, height: 0, max_framerate: -1, min_bitrate_bps:-1, target_bitrate_bps:-1, max_bitrate_bps:-1, max_qp: -1, num_temporal_layers: 1, bitrate_priority: 0, active: 1, scale_down_by: -1}}]
(video_stream_encoder.cc:1321): [VSE] ReconfigureEncoder: simulcast streams: {0: 960x540 L1T1, min_kbps: 30, target_kbps: 2000, max_kbps: 2000, max_fps: 60, max_qp: 56, num_tl: 1, active: true}
(simulcast_encoder_adapter.cc:444): [SEA] InitEncode: total_streams_count: 1, active_streams_count: 1, separate_encoders_needed: true
(simulcast_encoder_adapter.cc:451): [SEA] InitEncode: Single-encoder mode
(video_stream_encoder.cc:1984): Dropping frame. Too large for target bitrate.
(video_stream_adapter.cc:499): Scaling down resolution, max pixels: 311040
(bitrate_allocator.cc:687): UpdateAllocationLimits : total_requested_min_bitrate: 90800 bps, total_requested_padding_bitrate: 0 bps, total_requested_max_bitrate: 2060800 bps
(video_stream_encoder_resource_manager.cc:723): Downgrade counts: fps: {quality:0cpu:0}, resolution {quality:2cpu:0}
(video_stream_encoder.cc:2601): Updating sink restrictions from QualityScalerResource to { max_pixels_per_frame=311040 }
(video_adapter.cc:285): Frame size changed: scaled 2 / out 20 / in 20 Changes: 3 Input: 1280x720 Scale: 1/2 Output: 640x360 fps: 2147483647/-1 alignment: 1
(video_stream_encoder.cc:1937): Video frame parameters changed: dimensions=640x360, texture=0.
(video_stream_encoder.cc:1067): [VSE] ReconfigureEncoder [encoder_config={codec_type: VP8, content_type: kRealtimeVideo, frame_drop_enabled: 1, encoder_specific_settings: (ptr), min_transmit_bitrate_bps: 0, number_of_streams: 1, legacy_conference_mode: 0, is_quality_scaling_allowed: 1, max_qp: -1, simulcast_layers[0]: {width: 0, height: 0, max_framerate: -1, min_bitrate_bps:-1, target_bitrate_bps:-1, max_bitrate_bps:-1, max_qp: -1, num_temporal_layers: 1, bitrate_priority: 0, active: 1, scale_down_by: -1}}]
(video_stream_encoder.cc:1321): [VSE] ReconfigureEncoder: simulcast streams: {0: 640x360 L1T1, min_kbps: 30, target_kbps: 1700, max_kbps: 1700, max_fps: 60, max_qp: 56, num_tl: 1, active: true}
(simulcast_encoder_adapter.cc:444): [SEA] InitEncode: total_streams_count: 1, active_streams_count: 1, separate_encoders_needed: true
(simulcast_encoder_adapter.cc:451): [SEA] InitEncode: Single-encoder mode
(video_stream_encoder.cc:1984): Dropping frame. Too large for target bitrate.
(video_stream_adapter.cc:499): Scaling down resolution, max pixels: 138240
(video_stream_encoder_resource_manager.cc:723): Downgrade counts: fps: {quality:0cpu:0}, resolution {quality:3cpu:0}
(video_stream_encoder.cc:2601): Updating sink restrictions from QualityScalerResource to { max_pixels_per_frame=138240 }
(bitrate_allocator.cc:687): UpdateAllocationLimits : total_requested_min_bitrate: 90800 bps, total_requested_padding_bitrate: 0 bps, total_requested_max_bitrate: 1760800 bps
(video_adapter.cc:285): Frame size changed: scaled 3 / out 21 / in 21 Changes: 4 Input: 1280x720 Scale: 3/8 Output: 480x270 fps: 2147483647/-1 alignment: 1
(video_stream_encoder.cc:1937): Video frame parameters changed: dimensions=480x270, texture=0.
(video_stream_encoder.cc:1067): [VSE] ReconfigureEncoder [encoder_config={codec_type: VP8, content_type: kRealtimeVideo, frame_drop_enabled: 1, encoder_specific_settings: (ptr), min_transmit_bitrate_bps: 0, number_of_streams: 1, legacy_conference_mode: 0, is_quality_scaling_allowed: 1, max_qp: -1, simulcast_layers[0]: {width: 0, height: 0, max_framerate: -1, min_bitrate_bps:-1, target_bitrate_bps:-1, max_bitrate_bps:-1, max_qp: -1, num_temporal_layers: 1, bitrate_priority: 0, active: 1, scale_down_by: -1}}]
(video_stream_encoder.cc:1321): [VSE] ReconfigureEncoder: simulcast streams: {0: 480x270 L1T1, min_kbps: 30, target_kbps: 1700, max_kbps: 1700, max_fps: 60, max_qp: 56, num_tl: 1, active: true}
(simulcast_encoder_adapter.cc:444): [SEA] InitEncode: total_streams_count: 1, active_streams_count: 1, separate_encoders_needed: true
(simulcast_encoder_adapter.cc:451): [SEA] InitEncode: Single-encoder mode
(video_stream_encoder.cc:1984): Dropping frame. Too large for target bitrate.
(video_stream_adapter.cc:499): Scaling down resolution, max pixels: 77760
(video_stream_encoder_resource_manager.cc:723): Downgrade counts: fps: {quality:0cpu:0}, resolution {quality:4cpu:0}
(video_stream_encoder.cc:2601): Updating sink restrictions from QualityScalerResource to { max_pixels_per_frame=77760 }
(video_adapter.cc:285): Frame size changed: scaled 4 / out 22 / in 22 Changes: 5 Input: 1280x720 Scale: 1/4 Output: 320x180 fps: 2147483647/-1 alignment: 1
(video_stream_encoder.cc:1937): Video frame parameters changed: dimensions=320x180, texture=0.
(video_stream_encoder.cc:1067): [VSE] ReconfigureEncoder [encoder_config={codec_type: VP8, content_type: kRealtimeVideo, frame_drop_enabled: 1, encoder_specific_settings: (ptr), min_transmit_bitrate_bps: 0, number_of_streams: 1, legacy_conference_mode: 0, is_quality_scaling_allowed: 1, max_qp: -1, simulcast_layers[0]: {width: 0, height: 0, max_framerate: -1, min_bitrate_bps:-1, target_bitrate_bps:-1, max_bitrate_bps:-1, max_qp: -1, num_temporal_layers: 1, bitrate_priority: 0, active: 1, scale_down_by: -1}}]
(video_stream_encoder.cc:1321): [VSE] ReconfigureEncoder: simulcast streams: {0: 320x180 L1T1, min_kbps: 30, target_kbps: 600, max_kbps: 600, max_fps: 60, max_qp: 56, num_tl: 1, active: true}
(simulcast_encoder_adapter.cc:444): [SEA] InitEncode: total_streams_count: 1, active_streams_count: 1, separate_encoders_needed: true
(simulcast_encoder_adapter.cc:451): [SEA] InitEncode: Single-encoder mode
(video_stream_encoder.cc:2096): [VSE] Encoder info changed to EncoderInfo { ScalingSettings { Thresholds { low = 29, high = 95}, min_pixels_per_frame = 57600 }, requested_resolution_alignment = 1, apply_alignment_to_all_simulcast_layers = 0, supports_native_handle = 0, implementation_name = 'libvpx', has_trusted_rate_controller = 1, is_hardware_accelerated = 0, enable_cpu_overuse_detection = 1, fps_allocation = [[ 1] ], resolution_bitrate_limits = [] , supports_simulcast = 1, preferred_pixel_formats = [kI420, kNV12], mapped_resolution = 320 x 180}
(bitrate_allocator.cc:687): UpdateAllocationLimits : total_requested_min_bitrate: 90800 bps, total_requested_padding_bitrate: 0 bps, total_requested_max_bitrate: 660800 bps
(video_send_stream_impl.cc:839): SignalEncoderActive, Encoder is active.
(rtp_sender_video.cc:775): Sent first RTP packet of the first video frame (pre-pacer)
(rtp_sender_video.cc:779): Sent last RTP packet of the first video frame (pre-pacer)
(trendline_estimator.cc:185): Using Trendline filter for delay change estimation with settings sort:false,cap:false,beginning_packets:7,end_packets:7,cap_uncertainty:0,window_size:20 and no network state predictor
(trendline_estimator.cc:185): Using Trendline filter for delay change estimation with settings sort:false,cap:false,beginning_packets:7,end_packets:7,cap_uncertainty:0,window_size:20 and no network state predictor
(probe_controller.cc:342): Measured bitrate: 301 kbps Minimum to probe further: 1260 kbps upper limit: +inf bps
(probe_bitrate_estimator.cc:164): Probing successful [cluster id: 1] [send: 2001 bytes / 18 ms = 889333 bps ] [receive: 2536 bytes / 18 ms = 1127111 bps]
(probe_bitrate_estimator.cc:164): Probing successful [cluster id: 1] [send: 2847 bytes / 25 ms = 911040 bps ] [receive: 2847 bytes / 25 ms = 911040 bps]
(probe_bitrate_estimator.cc:164): Probing successful [cluster id: 2] [send: 2018 bytes / 9 ms = 1793777 bps ] [receive: 2555 bytes / 8 ms = 2555 kbps]
(probe_bitrate_estimator.cc:164): Probing successful [cluster id: 2] [send: 2866 bytes / 13 ms = 1763692 bps ] [receive: 3403 bytes / 12 ms = 2268666 bps]
(probe_controller.cc:342): Measured bitrate: 1763692 bps Minimum to probe further: 1260 kbps upper limit: +inf bps
(bitrate_prober.cc:130): Probe cluster (bitrate_bps:min bytes:min packets): (1321600 bps:2478:5, Inactive)
(probe_bitrate_estimator.cc:164): Probing successful [cluster id: 3] [send: 1621 bytes / 10 ms = 1296800 bps ] [receive: 2158 bytes / 9 ms = 1918222 bps]
(probe_bitrate_estimator.cc:164): Probing successful [cluster id: 3] [send: 2469 bytes / 15 ms = 1316800 bps ] [receive: 3006 bytes / 15 ms = 1603200 bps]
(probe_bitrate_estimator.cc:164): Probing successful [cluster id: 3] [send: 3317 bytes / 20 ms = 1326800 bps ] [receive: 3854 bytes / 20 ms = 1541600 bps]
(audio_device_buffer.cc:281): Size of recording buffer: 441
(audio_processing_impl.cc:618): AudioProcessing::InitializeLocked input sampleRate:48000 output sampleRate:48000
(transparent_mode.cc:243): AEC3 Transparent Mode: Legacy
(echo_canceller3.cc:820): AEC3 created with sample rate: 32000 Hz, num render channels: 2, num capture channels: 1
(rtp_sender_audio.cc:270): First audio RTP packet sent to pacer
(bitrate_allocator.cc:687): UpdateAllocationLimits : total_requested_min_bitrate: 84400 bps, total_requested_padding_bitrate: 0 bps, total_requested_max_bitrate: 654400 bps
(quality_scaler.cc:300): Checking average QP 14 (36).
(quality_scaler.cc:300): Checking average QP 9 (30).
(remote_ntp_time_estimator.cc:94): RTP timestamp: 3956488195 in NTP clock: 4000626338506 estimated time in receiver NTP clock: 4000626338505
(quality_scaler.cc:300): Checking average QP 7 (26).
(video_stream_adapter.cc:554): Scaling up resolution, max pixels: 230400
(video_stream_encoder_resource_manager.cc:723): Downgrade counts: fps: {quality:0cpu:0}, resolution {quality:3cpu:0}
(video_stream_encoder.cc:2601): Updating sink restrictions from QualityScalerResource to { max_pixels_per_frame=230400 target_pixels_per_frame=96000 }
(resource_adaptation_processor.cc:226): Resource "QualityScalerResource" signalled kUnderuse. Adapted up successfully. Unfiltered adaptations: { res=3 fps=0 }
(video_adapter.cc:285): Frame size changed: scaled 229 / out 247 / in 247 Changes: 6 Input: 1280x720 Scale: 3/8 Output: 480x270 fps: 2147483647/-1 alignment: 1
(video_stream_encoder.cc:1937): Video frame parameters changed: dimensions=480x270, texture=0.
(video_stream_encoder.cc:1067): [VSE] ReconfigureEncoder [encoder_config={codec_type: VP8, content_type: kRealtimeVideo, frame_drop_enabled: 1, encoder_specific_settings: (ptr), min_transmit_bitrate_bps: 0, number_of_streams: 1, legacy_conference_mode: 0, is_quality_scaling_allowed: 1, max_qp: -1, simulcast_layers[0]: {width: 0, height: 0, max_framerate: -1, min_bitrate_bps:-1, target_bitrate_bps:-1, max_bitrate_bps:-1, max_qp: -1, num_temporal_layers: 1, bitrate_priority: 0, active: 1, scale_down_by: -1}}]
(video_stream_encoder.cc:1321): [VSE] ReconfigureEncoder: simulcast streams: {0: 480x270 L1T1, min_kbps: 30, target_kbps: 1700, max_kbps: 1700, max_fps: 60, max_qp: 56, num_tl: 1, active: true}
(simulcast_encoder_adapter.cc:444): [SEA] InitEncode: total_streams_count: 1, active_streams_count: 1, separate_encoders_needed: true
(simulcast_encoder_adapter.cc:451): [SEA] InitEncode: Single-encoder mode
(bitrate_allocator.cc:687): UpdateAllocationLimits : total_requested_min_bitrate: 84400 bps, total_requested_padding_bitrate: 0 bps, total_requested_max_bitrate: 1754400 bps
(bitrate_prober.cc:130): Probe cluster (bitrate_bps:min bytes:min packets): (1754400 bps:3290:5, Inactive)
(bitrate_prober.cc:130): Probe cluster (bitrate_bps:min bytes:min packets): (2653600 bps:4976:5, Inactive)
(probe_bitrate_estimator.cc:164): Probing successful [cluster id: 4] [send: 2288 bytes / 10 ms = 1830400 bps ] [receive: 2926 bytes / 10 ms = 2340800 bps]
(probe_bitrate_estimator.cc:164): Probing successful [cluster id: 4] [send: 3233 bytes / 14 ms = 1847428 bps ] [receive: 3871 bytes / 15 ms = 2064533 bps]
(probe_bitrate_estimator.cc:164): Probing successful [cluster id: 4] [send: 4178 bytes / 18 ms = 1856888 bps ] [receive: 4816 bytes / 19 ms = 2027789 bps]
(probe_bitrate_estimator.cc:164): Probing successful [cluster id: 5] [send: 3924 bytes / 11 ms = 2853818 bps ] [receive: 4249 bytes / 11 ms = 3090181 bps]
(probe_bitrate_estimator.cc:164): Probing successful [cluster id: 5] [send: 4231 bytes / 11 ms = 3077090 bps ] [receive: 4556 bytes / 11 ms = 3313454 bps]
(probe_bitrate_estimator.cc:164): Probing successful [cluster id: 5] [send: 4863 bytes / 14 ms = 2778857 bps ] [receive: 5705 bytes / 15 ms = 3042666 bps]
(probe_controller.cc:342): Measured bitrate: 2778857 bps Minimum to probe further: 1857520 bps upper limit: +inf bps
(bitrate_prober.cc:130): Probe cluster (bitrate_bps:min bytes:min packets): (3508800 bps:6579:5, Inactive)
(bitrate_allocator.cc:500): Current BWE 2778857
(probe_bitrate_estimator.cc:164): Probing successful [cluster id: 6] [send: 4690 bytes / 11 ms = 3410909 bps ] [receive: 5532 bytes / 10 ms = 4425600 bps]
(probe_bitrate_estimator.cc:164): Probing successful [cluster id: 6] [send: 5839 bytes / 14 ms = 3336571 bps ] [receive: 5623 bytes / 13 ms = 3460307 bps]
(probe_bitrate_estimator.cc:164): Probing successful [cluster id: 6] [send: 6988 bytes / 14 ms = 3993142 bps ] [receive: 6772 bytes / 13 ms = 4167384 bps]
(webrtc_video_engine.cc:2520): VideoSendStream stats: 4696884, {input_fps: 29.0, encode_fps: 29, encode_ms: 1, encode_usage_perc: 64, target_bps: 1700000, media_bps: 1403920, suspended: false, bw_adapted_res: true, cpu_adapted_res: false, bw_adapted_fps: false, cpu_adapted_fps: false, #cpu_adaptations: 0, #quality_adaptations: 5} {ssrc: 127569758, type: media, width: 480, height: 270, key: 2, delta: 280, total_bps: 1455640, retransmit_bps: 0, avg_delay_ms: 3, max_delay_ms: 4, cum_loss: 0, max_ext_seq: 30390, nack: 0, fir: 0, pli: 0}
(webrtc_video_engine.cc:1689): Call stats: 4696884, {send_bw_bps: 3993142, recv_bw_bps: 0, max_pad_bps: 0, pacer_delay_ms: 0, rtt_ms: 1}
(quality_scaler.cc:300): Checking average QP 11 (29).
(video_stream_adapter.cc:554): Scaling up resolution, max pixels: 518400
(video_stream_encoder_resource_manager.cc:723): Downgrade counts: fps: {quality:0cpu:0}, resolution {quality:2cpu:0}
(video_stream_encoder.cc:2601): Updating sink restrictions from QualityScalerResource to { max_pixels_per_frame=518400 target_pixels_per_frame=216000 }
(resource_adaptation_processor.cc:226): Resource "QualityScalerResource" signalled kUnderuse. Adapted up successfully. Unfiltered adaptations: { res=2 fps=0 }
(video_adapter.cc:285): Frame size changed: scaled 343 / out 361 / in 361 Changes: 7 Input: 1280x720 Scale: 1/2 Output: 640x360 fps: 2147483647/-1 alignment: 1
(video_stream_encoder.cc:1937): Video frame parameters changed: dimensions=640x360, texture=0.
(video_stream_encoder.cc:1067): [VSE] ReconfigureEncoder [encoder_config={codec_type: VP8, content_type: kRealtimeVideo, frame_drop_enabled: 1, encoder_specific_settings: (ptr), min_transmit_bitrate_bps: 0, number_of_streams: 1, legacy_conference_mode: 0, is_quality_scaling_allowed: 1, max_qp: -1, simulcast_layers[0]: {width: 0, height: 0, max_framerate: -1, min_bitrate_bps:-1, target_bitrate_bps:-1, max_bitrate_bps:-1, max_qp: -1, num_temporal_layers: 1, bitrate_priority: 0, active: 1, scale_down_by: -1}}]
(video_stream_encoder.cc:1321): [VSE] ReconfigureEncoder: simulcast streams: {0: 640x360 L1T1, min_kbps: 30, target_kbps: 1700, max_kbps: 1700, max_fps: 60, max_qp: 56, num_tl: 1, active: true}
(simulcast_encoder_adapter.cc:444): [SEA] InitEncode: total_streams_count: 1, active_streams_count: 1, separate_encoders_needed: true
(simulcast_encoder_adapter.cc:451): [SEA] InitEncode: Single-encoder mode
(quality_scaler.cc:300): Checking average QP 11 (19).
(video_stream_adapter.cc:554): Scaling up resolution, max pixels: 921600
(video_stream_encoder_resource_manager.cc:723): Downgrade counts: fps: {quality:0cpu:0}, resolution {quality:1cpu:0}
(video_stream_encoder.cc:2601): Updating sink restrictions from QualityScalerResource to { max_pixels_per_frame=921600 target_pixels_per_frame=384000 }
(resource_adaptation_processor.cc:226): Resource "QualityScalerResource" signalled kUnderuse. Adapted up successfully. Unfiltered adaptations: { res=1 fps=0 }
(video_adapter.cc:285): Frame size changed: scaled 457 / out 475 / in 475 Changes: 8 Input: 1280x720 Scale: 3/4 Output: 960x540 fps: 2147483647/-1 alignment: 1
(video_stream_encoder.cc:1937): Video frame parameters changed: dimensions=960x540, texture=0.
(video_stream_encoder.cc:1067): [VSE] ReconfigureEncoder [encoder_config={codec_type: VP8, content_type: kRealtimeVideo, frame_drop_enabled: 1, encoder_specific_settings: (ptr), min_transmit_bitrate_bps: 0, number_of_streams: 1, legacy_conference_mode: 0, is_quality_scaling_allowed: 1, max_qp: -1, simulcast_layers[0]: {width: 0, height: 0, max_framerate: -1, min_bitrate_bps:-1, target_bitrate_bps:-1, max_bitrate_bps:-1, max_qp: -1, num_temporal_layers: 1, bitrate_priority: 0, active: 1, scale_down_by: -1}}]
(video_stream_encoder.cc:1321): [VSE] ReconfigureEncoder: simulcast streams: {0: 960x540 L1T1, min_kbps: 30, target_kbps: 2000, max_kbps: 2000, max_fps: 60, max_qp: 56, num_tl: 1, active: true}
(simulcast_encoder_adapter.cc:444): [SEA] InitEncode: total_streams_count: 1, active_streams_count: 1, separate_encoders_needed: true
(simulcast_encoder_adapter.cc:451): [SEA] InitEncode: Single-encoder mode
(bitrate_allocator.cc:687): UpdateAllocationLimits : total_requested_min_bitrate: 84400 bps, total_requested_padding_bitrate: 0 bps, total_requested_max_bitrate: 2054400 bps
(remote_ntp_time_estimator.cc:94): RTP timestamp: 3956969035 in NTP clock: 4000626348523 estimated time in receiver NTP clock: 4000626348522
(audio_device_buffer.cc:480): [REC : 10000msec, 44kHz] callbacks: 1000, samples: 441000, rate: 44100, rate diff: 0%, level: 0
(audio_device_buffer.cc:506): [PLAY: 10000msec, 44kHz] callbacks: 1002, samples: 441882, rate: 44188, rate diff: 0%, level: 1
(quality_scaler.cc:300): Checking average QP 30 (47).
(webrtc_video_engine.cc:2520): VideoSendStream stats: 4707884, {input_fps: 29.0, encode_fps: 29, encode_ms: 2, encode_usage_perc: 64, target_bps: 2000000, media_bps: 1991760, suspended: false, bw_adapted_res: true, cpu_adapted_res: false, bw_adapted_fps: false, cpu_adapted_fps: false, #cpu_adaptations: 0, #quality_adaptations: 7} {ssrc: 127569758, type: media, width: 960, height: 540, key: 4, delta: 591, total_bps: 2057272, retransmit_bps: 0, avg_delay_ms: 3, max_delay_ms: 4, cum_loss: 0, max_ext_seq: 32680, nack: 0, fir: 0, pli: 0}
(webrtc_video_engine.cc:1689): Call stats: 4707884, {send_bw_bps: 3993142, recv_bw_bps: 0, max_pad_bps: 0, pacer_delay_ms: 0, rtt_ms: 1}
(quality_scaler.cc:300): Checking average QP 24 (42).
(quality_scaler.cc:300): Checking average QP 24 (38).
(quality_scaler.cc:300): Checking average QP 23 (36).
(remote_ntp_time_estimator.cc:94): RTP timestamp: 3957449035 in NTP clock: 4000626358522 estimated time in receiver NTP clock: 4000626358522
(quality_scaler.cc:300): Checking average QP 25 (34).
(audio_device_buffer.cc:480): [REC : 10000msec, 44kHz] callbacks: 1001, samples: 441441, rate: 44144, rate diff: 0%, level: 0
(audio_device_buffer.cc:506): [PLAY: 10000msec, 44kHz] callbacks: 1002, samples: 441882, rate: 44188, rate diff: 0%, level: 1
(quality_scaler.cc:300): Checking average QP 24 (32).
(dcsctp_transport.cc:559): DcSctpTransport0->OnAborted(error=PEER_REPORTED, message=User-Initiated Abort, reason=Close called).
(openssl_adapter.cc:825): SSL negotiation finished successfully
(openssl_adapter.cc:825): SSL negotiation finished successfully
(dtls_transport.cc:1026): DtlsTransport[0|1|_W]: DTLS transport closed by remote
(jsep_transport_controller.cc:1304):  Transport 0 writability changed to 0.
(channel.cc:895): Channel not writable ({mid: 0, media_type: audio})
(channel.cc:895): Channel not writable ({mid: 1, media_type: video})
(srtp_transport.cc:285): The params in SRTP transport are reset.
(dtls_transport.cc:298): DTLS-STUN piggyback complete with success=0
(peer_connection.cc:1907): Changing IceConnectionState completed => disconnected
(peer_connection.cc:1929): Changing standardized IceConnectionState completed => connected
(rtc_peerconnection_impl.cc:658): Close
(peer_connection.cc:2652): Tearing down data channel transport for mid=2
(webrtc_video_engine.cc:1549): SetVideoSend (ssrc= 127569758, options: nullptr, source = nullptr)
(webrtc_video_engine.cc:3223): SetDefaultSink: nullptr
(channel.cc:619): Channel disabled: {mid: 1, media_type: video}
(video_send_stream_impl.cc:748): VideoSendStreamImpl::Stop
(video_stream_encoder.cc:2601): Updating sink restrictions from <null> to { }
(bitrate_allocator.cc:687): UpdateAllocationLimits : total_requested_min_bitrate: 54400 bps, total_requested_padding_bitrate: 0 bps, total_requested_max_bitrate: 54400 bps
(resource_adaptation_processor.cc:140): Removing resource "QualityScalerResource".
(video_stream_adapter.cc:247): Resetting restrictions
(channel.cc:633): Changing state, recv=0 send=0 for {mid: 1, media_type: video}
(video_stream_encoder.cc:2540): Video suspend state changed to: suspended
(resource_adaptation_processor.cc:140): Removing resource "EncoderUsageResource".
(video_send_stream_impl.cc:748): VideoSendStreamImpl::Stop
(video_send_stream_impl.cc:585): ~VideoSendStreamImpl: {encoder_settings: { experiment_cpu_load_estimator: off}}, rtp: {ssrcs: [127569758], rids: [], mid: '1', rtcp_mode: RtcpMode::kReducedSize, max_packet_size: 1200, extmap-allow-mixed: true, extensions: [{uri: http://www.ietf.org/id/draft-holmer-rmcat-transport-wide-cc-extensions-01, id: 3}, {uri: http://www.webrtc.org/experiments/rtp-hdrext/abs-send-time, id: 2}, {uri: http://www.webrtc.org/experiments/rtp-hdrext/color-space, id: 8}, {uri: http://www.webrtc.org/experiments/rtp-hdrext/playout-delay, id: 5}, {uri: http://www.webrtc.org/experiments/rtp-hdrext/video-content-type, id: 6}, {uri: http://www.webrtc.org/experiments/rtp-hdrext/video-timing, id: 7}, {uri: urn:3gpp:video-orientation, id: 13}, {uri: urn:ietf:params:rtp-hdrext:sdes:mid, id: 4}, {uri: urn:ietf:params:rtp-hdrext:sdes:repaired-rtp-stream-id, id: 11}, {uri: urn:ietf:params:rtp-hdrext:sdes:rtp-stream-id, id: 10}], lntf: {enabled: false}, nack: {rtp_history_ms: 1000}, ulpfec: {ulpfec_payload_type: 121, red_payload_type: 119, red_rtx_payload_type: 120}, payload_name: VP8, payload_type: 96, raw_payload: false, stream_configs: [{ssrc: 127569758, rid: , payload_name: VP8, payload_type: 96, raw_payload: false, rtx: {ssrc: 3020950067, payload_type: 97}}], flexfec: {payload_type: -1, ssrc: 0, protected_media_ssrcs: []}, rtx: {ssrcs: [3020950067], payload_type: 97}, c_name: Pb8CKfwsjNKv/Oqs}, rtcp_report_interval_ms: 1000, send_transport: (Transport), render_delay_ms: 0, target_delay_ms: 0, suspend_below_min_bitrate: off}
(send_statistics_proxy.cc:806): WebRTC.Video.InputWidthInPixels 685
WebRTC.Video.InputHeightInPixels 385
WebRTC.Video.InputFramesPerSecond periodic_samples:15, {min:28, avg:29, max:29}
WebRTC.Video.SentWidthInPixels 694
WebRTC.Video.SentHeightInPixels 391
WebRTC.Video.SentFramesPerSecond periodic_samples:14, {min:28, avg:29, max:29}
WebRTC.Video.SentToInputFpsRatioPercent 100
WebRTC.Video.EncodeTimeInMs 2
WebRTC.Video.KeyFramesSentInPermille 5
WebRTC.Video.QualityLimitedResolutionInPercent 100
WebRTC.Video.SentPacketsLostInPercent 0
WebRTC.Video.NumberOfPauseEvents 0
WebRTC.Video.PausedTimeInPercent 0
WebRTC.Video.BitrateSentInBps periodic_samples:14, {min:471912, avg:1461680, max:2091976}
WebRTC.Video.MediaBitrateSentInBps periodic_samples:14, {min:429120, avg:1422416, max:2044392}
WebRTC.Video.PaddingBitrateSentInBps periodic_samples:14, {min:0, avg:1024, max:8160}
WebRTC.Video.RetransmittedBitrateSentInBps periodic_samples:14, {min:0, avg:0, max:0}
WebRTC.Video.RtxBitrateSentInBps periodic_samples:14, {min:0, avg:5008, max:29752}
WebRTC.Video.FecBitrateSentInBps periodic_samples:14, {min:0, avg:0, max:0}
Frames encoded 853
WebRTC.Video.DroppedFrames.Capturer 0
WebRTC.Video.DroppedFrames.BadTimestamp0
WebRTC.Video.DroppedFrames.EncoderQueue 4
WebRTC.Video.DroppedFrames.Encoder 0
WebRTC.Video.DroppedFrames.Ratelimiter 0
WebRTC.Video.DroppedFrames.CongestionWindow 0
(webrtc_voice_engine.cc:1718): WebRtcVoiceSendChannel::MuteStream: APM:0
(webrtc_voice_engine.cc:2508): WRVMC::SetOutputVolume({ssrc=2542596345}, {volume=0.00})
(webrtc_voice_engine.cc:2518): WRVMC::SetOutputVolume => (stream with SSRC 2542596345 now uses volume 0.00)
(channel.cc:619): Channel disabled: {mid: 0, media_type: audio}
(audio_receive_stream.cc:179): AudioReceiveStreamImpl::Stop: 2542596345
(audio_device_impl.cc:766): StopPlayout
(audio_device_buffer.cc:169): total playout time: 30121
(audio_device_impl.cc:770): output: 0
(audio_send_stream.cc:389): AudioSendStream::Stop: 3604599088
(bitrate_allocator.cc:687): UpdateAllocationLimits : total_requested_min_bitrate: 0 bps, total_requested_padding_bitrate: 0 bps, total_requested_max_bitrate: 0 bps
(audio_device_impl.cc:797): StopRecording
(audio_device_buffer.cc:199): HISTOGRAM(WebRTC.Audio.RecordedOnlyZeros): 1
(audio_device_buffer.cc:202): total recording time: 30506
(audio_device_impl.cc:801): output: 0
(channel.cc:633): Changing state, recv=0 send=0 for {mid: 0, media_type: audio}
(webrtc_voice_engine.cc:2450): RemoveRecvStream: 2542596345
(audio_receive_stream.cc:144): ~AudioReceiveStreamImpl: 2542596345
(webrtc_voice_engine.cc:1573): RemoveSendStream: 3604599088
(call.cc:1258): UpdateAggregateNetworkState: aggregate_state change to down
(pacing_controller.cc:113): PacedSender paused.
(control_handler.cc:65): Bitrate estimate state changed, BWE: 3993142 bps.
(audio_send_stream.cc:186): ~AudioSendStream: 3604599088
(send_delay_stats.cc:57): WebRTC.Video.SendDelayInMs, periodic_samples:14, {min:0, avg:0, max:0}
(call.cc:666): WebRTC.Call.EstimatedSendBitrateInKbps, periodic_samples:14, {min:1179, avg:3303, max:3993}
(call.cc:674): WebRTC.Call.PacerBitrateInKbps, periodic_samples:14, {min:1179, avg:3303, max:3993}
(call.cc:622): WebRTC.Call.AudioBitrateReceivedInBps, periodic_samples:14, {min:25184, avg:25520, max:26088}
(call.cc:630): WebRTC.Call.RtcpBitrateReceivedInBps, periodic_samples:14, {min:4032, avg:4576, max:5568}
(call.cc:638): WebRTC.Call.BitrateReceivedInBps, periodic_samples:14, {min:29232, avg:30088, max:30888}
(webrtc_voice_engine.cc:562): WebRtcVoiceEngine::Terminate
(audio_device_impl.cc:766): StopPlayout
(audio_device_impl.cc:770): output: 0
(audio_device_impl.cc:797): StopRecording
(audio_device_impl.cc:801): output: 0
(audio_device_impl.cc:815): RegisterAudioCallback
(audio_device_impl.cc:313): Terminate
(video_adapter.cc:285): Frame size changed: scaled 856 / out 875 / in 875 Changes: 9 Input: 1280x720 Scale: 1/1 Output: 1280x720 fps: 2147483647/-1 alignment: 1
(rtc_video_sink_adapter.cc:13): VideoSinkAdapter: ctor 50011550
(rtc_video_track_impl.cc:12): VideoTrackImpl: ctor 
(rtc_video_track_impl.cc:18): ~VideoTrackImpl: dtor 
(rtc_video_sink_adapter.cc:18): ~VideoSinkAdapter: dtor 
(rtc_audio_track_impl.cc:14): ~AudioTrackImpl: dtor 
(rtc_audio_track_impl.cc:14): ~AudioTrackImpl: dtor 
(rtc_video_track_impl.cc:18): ~VideoTrackImpl: dtor 
(rtc_video_sink_adapter.cc:18): ~VideoSinkAdapter: dtor 
(rtc_video_track_impl.cc:18): ~VideoTrackImpl: dtor 
(rtc_video_sink_adapter.cc:18): ~VideoSinkAdapter: dtor 
(rtc_video_track_impl.cc:18): ~VideoTrackImpl: dtor 
(rtc_video_sink_adapter.cc:18): ~VideoSinkAdapter: dtor 
